section	rule_set	language	group	file	anchor	rule_errors	sites	usable	stable	votes_distinct	scheme	bits	votes_planted	targeted	set	rounds	changed	det_votes	agree	log10_p_known	blind_ok	log10_p_blind	margin	sel_agreement	p_all_log10	nb_n	nb_le_1e3	nb_all_le_1e3	nb_le_05	far_n	far_le_05	seconds	null_mean_p	null_le_05	blind_le_05	files	stable_frac	set_rate	p_le_1e6	p_le_1e3	sel_agreement_mean	sel_agreement_p10	sel_agreement_min	sel_agreement_ge_09	nb_tests	far_tests	null_files	null_ks	null_ks_crit	null_le_01	blind_fp_le_05
capacity	legacy	python	G	p00134.py	tok	0	135	125	113	104																																									
embed	legacy	python	G	p00134.py	tok	0					s1	4	62	67	67	1	1	62	62	-9.33	1	-9.33	9.03	1.0	-18.66	4	0	0	0	8	0	0.33																			
embed	legacy	python	G	p00134.py	tok	0					s1	8	62	67	67	1	1	62	62	-9.33	1	-9.33	8.71	1.0	-18.66	8	0	4	0	8	0	0.38																			
embed	legacy	python	G	p00134.py	tok	0					s2	4	62	67	67	1	1	62	62	-18.66	1	-17.46	17.77	1.0	-18.66	4	0	0	0	8	0	0.4																			
embed	legacy	python	G	p00134.py	tok	0					s2	8	62	67	67	1	1	62	62	-18.66	1	-16.26	16.22	1.0	-18.66	8	0	0	1	8	1	0.79																			
capacity	legacy	python	G	p00134.py	struct	0	135	125	113	60																																									
embed	legacy	python	G	p00134.py	struct	0					s1	4	42	67	67	1	1	42	42	-5.72	1	-5.72	5.23	1.0	-12.64	4	0	0	0	8	0	0.38																			
embed	legacy	python	G	p00134.py	struct	0					s1	8	42	67	67	1	1	42	42	-5.72	1	-5.72	4.97	1.0	-12.64	8	0	0	0	8	1	0.37																			
embed	legacy	python	G	p00134.py	struct	0					s2	4	42	67	67	1	1	42	42	-12.64	1	-11.44	10.98	1.0	-12.64	4	0	0	1	8	0	0.35																			
embed	legacy	python	G	p00134.py	struct	0					s2	8	42	67	67	1	1	42	42	-12.64	1	-10.24	9.32	1.0	-12.64	8	0	0	0	8	0	0.62																			
capacity	legacy	python	G	p00202.py	tok	0	153	150	140	131																																									
embed	legacy	python	G	p00202.py	tok	0					s1	4	79	84	84	1	1	79	79	-12.64	1	-12.64	10.98	1.0	-23.78	4	0	1	1	8	0	0.53																			
embed	legacy	python	G	p00202.py	tok	0					s1	8	79	84	84	1	1	79	79	-12.64	1	-12.64	11.79	1.0	-23.78	8	0	5	0	8	0	0.59																			
embed	legacy	python	G	p00202.py	tok	0					s2	4	79	84	84	1	1	79	79	-23.78	1	-22.58	22.54	1.0	-23.78	4	0	0	0	8	0	0.54																			
embed	legacy	python	G	p00202.py	tok	0					s2	8	79	84	84	1	1	79	79	-23.78	1	-21.37	21.86	1.0	-23.78	8	0	0	0	8	0	1.1																			
capacity	legacy	python	G	p00202.py	struct	0	153	150	140	70																																									
embed	legacy	python	G	p00202.py	struct	0					s1	4	48	84	84	1	1	48	48	-7.83	1	-7.83	7.45	1.0	-14.45	4	0	0	0	8	1	0.56																			
embed	legacy	python	G	p00202.py	struct	0					s1	8	48	84	84	1	1	48	48	-7.83	1	-7.53	6.75	1.0	-14.45	8	0	0	0	8	0	0.58																			
embed	legacy	python	G	p00202.py	struct	0					s2	4	48	84	84	1	1	48	48	-14.45	1	-13.25	13.82	1.0	-14.45	4	0	0	0	8	0	0.55																			
embed	legacy	python	G	p00202.py	struct	0					s2	8	48	84	84	1	1	48	48	-14.45	1	-12.04	11.89	1.0	-14.45	8	0	0	1	8	1	0.89																			
capacity	legacy	python	G	p00353.py	tok	0	153	135	122	103																																									
embed	legacy	python	G	p00353.py	tok	0					s1	4	68	85	85	1	1	68	68	-9.03	1	-9.03	7.36	1.0	-20.47	4	0	1	1	7	2	0.47																			
embed	legacy	python	G	p00353.py	tok	0					s1	8	68	85	85	1	1	68	68	-9.03	1	-9.03	7.72	1.0	-20.47	8	0	6	1	8	0	0.47																			
embed	legacy	python	G	p00353.py	tok	0					s2	4	68	85	85	1	1	68	68	-20.47	1	-19.27	19.0	1.0	-20.47	4	0	0	1	7	1	0.49																			
embed	legacy	python	G	p00353.py	tok	0					s2	8	68	85	85	1	1	68	68	-20.47	1	-18.06	18.48	1.0	-20.47	8	0	0	0	8	1	0.9																			
capacity	legacy	python	G	p00353.py	struct	0	153	135	120	55																																									
embed	legacy	python	G	p00353.py	struct	0					s1	4	38	83	83	1	1	38	38	-6.32	1	-6.32	5.3	1.0	-11.44	4	0	0	0	7	1	0.45																			
embed	legacy	python	G	p00353.py	struct	0					s1	8	38	83	83	1	1	38	38	-6.32	1	-6.02	6.02	1.0	-11.44	8	0	0	0	8	1	0.43																			
embed	legacy	python	G	p00353.py	struct	0					s2	4	38	83	83	1	1	38	38	-11.44	1	-10.24	10.29	1.0	-11.44	4	0	0	0	7	0	0.44																			
embed	legacy	python	G	p00353.py	struct	0					s2	8	38	83	83	1	1	38	38	-11.44	1	-9.03	8.36	1.0	-11.44	8	0	0	0	8	0	0.69																			
capacity	legacy	python	G	p00992.py	tok	0	239	209	206	178																																									
embed	legacy	python	G	p00992.py	tok	0					s1	4	109	126	126	1	1	109	109	-16.86	1	-16.86	16.1	1.0	-32.81	4	0	1	0	8	0	0.79																			
embed	legacy	python	G	p00992.py	tok	0					s1	8	109	126	126	1	1	109	109	-16.86	1	-16.86	15.71	1.0	-32.81	8	0	5	0	8	0	0.78																			
embed	legacy	python	G	p00992.py	tok	0					s2	4	109	126	126	1	1	109	109	-32.81	1	-31.61	31.05	1.0	-32.81	4	0	0	0	8	0	0.86																			
embed	legacy	python	G	p00992.py	tok	0					s2	8	109	126	126	1	1	109	109	-32.81	1	-30.4	30.1	1.0	-32.81	8	0	0	0	8	0	1.42																			
capacity	legacy	python	G	p00992.py	struct	0	239	209	206	80																																									
embed	legacy	python	G	p00992.py	struct	0					s1	4	55	126	126	1	1	55	55	-8.13	1	-8.13	7.22	1.0	-16.56	4	0	0	0	8	0	0.74																			
embed	legacy	python	G	p00992.py	struct	0					s1	8	55	126	126	1	1	55	55	-8.13	1	-8.13	7.47	1.0	-16.56	8	0	1	0	8	0	0.82																			
embed	legacy	python	G	p00992.py	struct	0					s2	4	55	126	126	1	1	55	55	-16.56	1	-15.35	15.02	1.0	-16.56	4	0	0	1	8	2	0.84																			
embed	legacy	python	G	p00992.py	struct	0					s2	8	55	126	126	1	1	55	55	-16.56	1	-14.15	14.42	1.0	-16.56	8	0	0	0	8	0	1.25																			
capacity	legacy	python	G	p01371.py	tok	0	111	106	92	82																																									
embed	legacy	python	G	p01371.py	tok	0					s1	4	61	67	67	1	1	61	61	-10.84	1	-10.84	8.59	1.0	-18.36	4	0	1	1	7	0	0.37																			
embed	legacy	python	G	p01371.py	tok	0					s1	8	61	67	67	1	1	61	61	-10.84	1	-10.84	10.14	1.0	-18.36	8	0	1	0	8	0	0.39																			
embed	legacy	python	G	p01371.py	tok	0					s2	4	61	67	67	1	1	61	61	-18.36	1	-17.16	16.92	1.0	-18.36	4	0	0	0	7	1	0.4																			
embed	legacy	python	G	p01371.py	tok	0					s2	8	61	67	67	1	1	61	61	-18.36	1	-15.95	16.06	1.0	-18.36	8	0	0	0	8	0	0.78																			
capacity	legacy	python	G	p01371.py	struct	0	111	106	89	46																																									
embed	legacy	python	G	p01371.py	struct	0					s1	4	36	64	64	1	1	36	36	-5.42	1	-5.42	5.19	1.0	-10.84	4	0	0	0	7	0	0.37																			
embed	legacy	python	G	p01371.py	struct	0					s1	8	36	64	64	1	1	36	36	-5.42	1	-5.42	4.8	1.0	-10.84	8	0	0	0	8	0	0.39																			
embed	legacy	python	G	p01371.py	struct	0					s2	4	36	64	64	1	1	36	36	-10.84	1	-9.63	10.14	1.0	-10.84	4	0	0	0	7	0	0.35																			
embed	legacy	python	G	p01371.py	struct	0					s2	8	36	64	64	1	1	36	36	-10.84	1	-8.43	8.59	1.0	-10.84	8	0	0	0	8	0	0.59																			
capacity	legacy	python	G	p01457.py	tok	0	107	101	90	82																																									
embed	legacy	python	G	p01457.py	tok	0					s1	4	53	57	57	1	1	53	53	-10.84	1	-10.84	9.66	1.0	-15.95	4	0	0	0	8	0	0.32																			
embed	legacy	python	G	p01457.py	tok	0					s1	8	53	57	57	1	1	53	53	-10.84	1	-10.54	8.59	1.0	-15.95	8	0	1	1	8	0	0.31																			
embed	legacy	python	G	p01457.py	tok	0					s2	4	53	57	57	1	1	53	53	-15.95	1	-14.75	14.09	1.0	-15.95	4	0	0	0	8	2	0.3																			
embed	legacy	python	G	p01457.py	tok	0					s2	8	53	57	57	1	1	53	53	-15.95	1	-13.55	12.99	1.0	-15.95	8	0	0	0	8	2	0.61																			
capacity	legacy	python	G	p01457.py	struct	0	107	101	89	46																																									
embed	legacy	python	G	p01457.py	struct	0					s1	4	32	56	56	1	1	32	32	-5.12	1	-5.12	4.34	1.0	-9.63	4	0	0	0	8	0	0.3																			
embed	legacy	python	G	p01457.py	struct	0					s1	8	32	56	56	1	1	32	32	-5.12	1	-4.82	3.97	1.0	-9.63	8	0	0	0	8	0	0.32																			
embed	legacy	python	G	p01457.py	struct	0					s2	4	32	56	56	1	1	32	32	-9.63	1	-8.43	8.03	1.0	-9.63	4	0	0	0	8	1	0.3																			
embed	legacy	python	G	p01457.py	struct	0					s2	8	32	56	56	1	1	32	32	-9.63	1	-7.22	7.18	1.0	-9.63	8	0	0	0	8	0	0.53																			
capacity	legacy	python	G	p02236.py	tok	0	88	83	65	53																																									
embed	legacy	python	G	p02236.py	tok	0					s1	4	39	47	47	1	1	39	39	-6.32	1	-6.32	5.3	1.0	-11.74	4	0	0	0	8	0	0.26																			
embed	legacy	python	G	p02236.py	tok	0					s1	8	39	47	47	1	1	39	39	-6.32	1	-6.02	5.3	1.0	-11.74	8	0	1	0	8	0	0.24																			
embed	legacy	python	G	p02236.py	tok	0					s2	4	39	47	47	1	1	39	39	-11.74	1	-10.54	9.42	1.0	-11.74	4	0	0	1	8	2	0.27																			
embed	legacy	python	G	p02236.py	tok	0					s2	8	39	47	47	1	1	39	39	-11.74	1	-9.33	8.97	1.0	-11.74	8	0	0	1	8	0	0.48																			
capacity	legacy	python	G	p02236.py	struct	0	88	83	62	38																																									
embed	legacy	python	G	p02236.py	struct	0					s1	4	29	45	45	1	1	29	29	-3.91	1	-3.91	3.38	1.0	-8.73	4	0	0	0	8	0	0.25																			
embed	legacy	python	G	p02236.py	struct	0					s1	8	29	45	45	1	1	29	29	-3.91	1	-3.31	3.38	1.0	-8.73	8	0	0	0	8	0	0.24																			
embed	legacy	python	G	p02236.py	struct	0					s2	4	29	45	45	1	1	29	29	-8.73	1	-7.53	7.22	1.0	-8.73	4	0	0	1	8	1	0.24																			
embed	legacy	python	G	p02236.py	struct	0					s2	8	29	45	45	1	1	29	29	-8.73	1	-6.32	5.17	1.0	-8.73	8	0	0	1	8	0	0.46																			
capacity	legacy	python	G	p02657.py	tok	0	147	147	138	113																																									
embed	legacy	python	G	p02657.py	tok	0					s1	4	69	85	85	1	1	69	69	-10.24	1	-10.24	9.53	1.0	-20.77	4	0	1	0	8	0	0.61																			
embed	legacy	python	G	p02657.py	tok	0					s1	8	69	85	85	1	1	69	69	-10.24	1	-10.24	9.72	1.0	-20.77	8	0	3	0	8	0	0.56																			
embed	legacy	python	G	p02657.py	tok	0					s2	4	69	85	85	1	1	69	69	-20.77	1	-19.57	19.64	1.0	-20.77	4	0	0	0	8	0	0.53																			
embed	legacy	python	G	p02657.py	tok	0					s2	8	69	85	85	1	1	69	69	-20.77	1	-18.36	18.66	1.0	-20.77	8	0	0	0	8	0	1.06																			
capacity	legacy	python	G	p02657.py	struct	0	147	147	136	59																																									
embed	legacy	python	G	p02657.py	struct	0					s1	4	38	83	83	1	1	38	38	-6.02	1	-6.02	5.42	1.0	-11.44	4	0	0	0	8	0	0.57																			
embed	legacy	python	G	p02657.py	struct	0					s1	8	38	83	83	1	1	38	38	-6.02	1	-5.72	5.64	1.0	-11.44	8	0	0	0	8	0	0.57																			
embed	legacy	python	G	p02657.py	struct	0					s2	4	38	83	83	1	1	38	38	-11.44	1	-10.24	10.29	1.0	-11.44	4	0	0	0	8	0	0.57																			
embed	legacy	python	G	p02657.py	struct	0					s2	8	38	83	83	1	1	38	38	-11.44	1	-9.03	8.36	1.0	-11.44	8	0	0	1	8	0	0.86																			
capacity	legacy	python	G	p02781.py	tok	0	178	172	166	148																																									
embed	legacy	python	G	p02781.py	tok	0					s1	4	84	97	97	1	1	84	84	-11.14	1	-11.14	10.55	1.0	-25.29	4	0	0	0	8	0	0.58																			
embed	legacy	python	G	p02781.py	tok	0					s1	8	84	97	97	1	1	84	84	-11.14	1	-11.14	10.71	1.0	-25.29	8	0	7	0	8	1	0.63																			
embed	legacy	python	G	p02781.py	tok	0					s2	4	84	97	97	1	1	84	84	-25.29	1	-24.08	24.5	1.0	-25.29	4	0	0	0	8	0	0.58																			
embed	legacy	python	G	p02781.py	tok	0					s2	8	84	97	97	1	1	84	84	-25.29	1	-22.88	23.56	1.0	-25.29	8	0	0	0	8	0	1.18																			
capacity	legacy	python	G	p02781.py	struct	0	178	172	166	71																																									
embed	legacy	python	G	p02781.py	struct	0					s1	4	49	97	97	1	1	49	49	-8.73	1	-8.73	8.09	1.0	-14.75	4	0	0	0	8	0	0.7																			
embed	legacy	python	G	p02781.py	struct	0					s1	8	49	97	97	1	1	49	49	-8.73	1	-8.73	7.56	1.0	-14.75	8	0	0	0	8	0	0.65																			
embed	legacy	python	G	p02781.py	struct	0					s2	4	49	97	97	1	1	49	49	-14.75	1	-13.55	13.63	1.0	-14.75	4	0	0	0	8	0	0.65																			
embed	legacy	python	G	p02781.py	struct	0					s2	8	49	97	97	1	1	49	49	-14.75	1	-12.34	12.78	1.0	-14.75	8	0	0	0	8	0	1.0																			
capacity	legacy	python	G	p02795.py	tok	0	124	124	120	97																																									
embed	legacy	python	G	p02795.py	tok	0					s1	4	62	76	76	1	1	62	62	-9.93	1	-9.93	9.63	1.0	-18.66	4	0	0	0	7	0	0.34																			
embed	legacy	python	G	p02795.py	tok	0					s1	8	62	76	76	1	1	62	62	-9.93	1	-9.93	8.84	1.0	-18.66	8	0	3	0	7	0	0.38																			
embed	legacy	python	G	p02795.py	tok	0					s2	4	62	76	76	1	1	62	62	-18.66	1	-17.46	17.35	1.0	-18.66	4	0	0	0	7	1	0.35																			
embed	legacy	python	G	p02795.py	tok	0					s2	8	62	76	76	1	1	62	62	-18.66	1	-16.26	16.54	1.0	-18.66	8	0	0	1	7	0	0.73																			
capacity	legacy	python	G	p02795.py	struct	0	124	124	120	49																																									
embed	legacy	python	G	p02795.py	struct	0					s1	4	34	76	76	1	1	34	34	-6.02	1	-6.02	3.13	1.0	-10.24	4	0	1	1	7	0	0.38																			
embed	legacy	python	G	p02795.py	struct	0					s1	8	34	76	76	1	1	34	34	-6.02	1	-5.72	4.78	1.0	-10.24	8	0	0	0	7	0	0.38																			
embed	legacy	python	G	p02795.py	struct	0					s2	4	34	76	76	1	1	34	34	-10.24	1	-9.03	9.02	1.0	-10.24	4	0	0	0	7	0	0.34																			
embed	legacy	python	G	p02795.py	struct	0					s2	8	34	76	76	1	1	34	34	-10.24	1	-7.83	8.32	1.0	-10.24	8	0	0	0	7	0	0.54																			
capacity	legacy	python	G	p02917.py	tok	0	125	118	109	98																																									
embed	legacy	python	G	p02917.py	tok	0					s1	4	66	71	71	1	1	66	65	-6.68	1	-6.68	5.77	0.97	-18.04	4	0	2	0	7	0	0.37																			
embed	legacy	python	G	p02917.py	tok	0					s1	8	66	71	71	1	1	66	66	-8.13	1	-8.13	7.47	0.97	-19.87	8	0	5	0	7	1	0.41																			
embed	legacy	python	G	p02917.py	tok	0					s2	4	66	71	71	1	1	66	66	-19.87	1	-18.66	18.12	0.97	-19.87	4	0	0	0	7	1	0.43																			
embed	legacy	python	G	p02917.py	tok	0					s2	8	66	71	71	1	1	66	66	-19.87	1	-17.46	17.84	0.97	-19.87	8	0	0	0	7	0	0.73																			
capacity	legacy	python	G	p02917.py	struct	0	125	118	107	56																																									
embed	legacy	python	G	p02917.py	struct	0					s1	4	41	69	69	1	1	39	39	-6.62	1	-6.62	6.04	0.976	-11.74	4	0	0	0	7	0	0.38																			
embed	legacy	python	G	p02917.py	struct	0					s1	8	41	69	69	1	1	40	40	-6.62	1	-6.32	5.45	0.976	-12.04	8	0	1	0	7	0	0.4																			
embed	legacy	python	G	p02917.py	struct	0					s2	4	41	69	69	1	1	40	40	-12.04	1	-10.84	11.17	0.976	-12.04	4	0	0	0	7	0	0.37																			
embed	legacy	python	G	p02917.py	struct	0					s2	8	41	69	69	1	1	41	41	-12.34	1	-9.93	9.2	1.0	-12.34	8	0	0	0	7	1	0.63																			
capacity	legacy	python	G	p02956.py	tok	0	228	207	203	176																																									
embed	legacy	python	G	p02956.py	tok	0					s1	4	110	130	130	1	1	110	110	-20.17	1	-20.17	19.77	1.0	-33.11	4	0	0	0	8	0	0.93																			
embed	legacy	python	G	p02956.py	tok	0					s1	8	110	130	130	1	1	110	110	-20.17	1	-20.17	19.53	1.0	-33.11	8	0	3	0	8	2	0.99																			
embed	legacy	python	G	p02956.py	tok	0					s2	4	110	130	130	1	1	110	110	-33.11	1	-31.91	32.0	1.0	-33.11	4	0	0	0	8	0	1.07																			
embed	legacy	python	G	p02956.py	tok	0					s2	8	110	130	130	1	1	110	110	-33.11	1	-30.71	31.04	1.0	-33.11	8	0	0	0	8	0	1.88																			
capacity	legacy	python	G	p02956.py	struct	0	228	207	203	77																																									
embed	legacy	python	G	p02956.py	struct	0					s1	4	57	130	130	1	1	57	57	-9.33	1	-9.33	7.5	1.0	-17.16	4	0	1	1	8	0	1.0																			
embed	legacy	python	G	p02956.py	struct	0					s1	8	57	130	130	1	1	57	57	-9.33	1	-9.33	7.88	1.0	-17.16	8	0	1	1	8	0	1.09																			
embed	legacy	python	G	p02956.py	struct	0					s2	4	57	130	130	1	1	57	57	-17.16	1	-15.95	16.49	1.0	-17.16	4	0	0	0	8	0	1.03																			
embed	legacy	python	G	p02956.py	struct	0					s2	8	57	130	130	1	1	57	57	-17.16	1	-14.75	14.36	1.0	-17.16	8	0	0	0	8	1	1.58																			
capacity	legacy	python	G	p03164.py	tok	0	171	169	164	147																																									
embed	legacy	python	G	p03164.py	tok	0					s1	4	88	100	100	1	1	88	88	-12.04	1	-12.04	10.93	1.0	-26.49	4	0	1	0	6	0	0.64																			
embed	legacy	python	G	p03164.py	tok	0					s1	8	88	100	100	1	1	88	88	-12.04	1	-12.04	10.93	1.0	-26.49	8	0	6	0	8	1	0.69																			
embed	legacy	python	G	p03164.py	tok	0					s2	4	88	100	100	1	1	88	88	-26.49	1	-25.29	24.82	0.978	-26.49	4	0	0	0	6	1	0.7																			
embed	legacy	python	G	p03164.py	tok	0					s2	8	88	100	100	2	1	88	88	-26.49	1	-24.08	23.76	1.0	-26.49	8	0	0	0	8	0	1.34																			
capacity	legacy	python	G	p03164.py	struct	0	171	169	163	71																																									
embed	legacy	python	G	p03164.py	struct	0					s1	4	52	100	100	2	1	52	52	-7.22	1	-7.22	6.1	1.0	-15.65	4	0	1	0	6	0	0.75																			
embed	legacy	python	G	p03164.py	struct	0					s1	8	52	100	100	2	1	52	52	-7.22	1	-7.22	6.1	1.0	-15.65	8	0	3	0	8	0	0.74																			
embed	legacy	python	G	p03164.py	struct	0					s2	4	52	100	100	1	1	52	52	-15.65	1	-14.45	13.6	1.0	-15.65	4	0	0	0	6	0	0.7																			
embed	legacy	python	G	p03164.py	struct	0					s2	8	52	100	100	1	1	52	52	-15.65	1	-13.25	13.24	1.0	-15.65	8	0	0	0	8	1	1.03																			
capacity	legacy	python	G	p03266.py	tok	0	129	125	120	107																																									
embed	legacy	python	G	p03266.py	tok	0					s1	4	61	73	73	1	1	61	61	-10.54	1	-10.54	9.73	1.0	-18.36	4	0	0	0	8	1	0.34																			
embed	legacy	python	G	p03266.py	tok	0					s1	8	61	73	73	1	1	61	61	-10.54	1	-10.54	9.93	1.0	-18.36	8	0	1	0	8	1	0.39																			
embed	legacy	python	G	p03266.py	tok	0					s2	4	61	73	73	1	1	61	61	-18.36	1	-17.16	16.06	1.0	-18.36	4	0	0	1	8	0	0.37																			
embed	legacy	python	G	p03266.py	tok	0					s2	8	61	73	73	1	1	61	61	-18.36	1	-15.95	16.06	1.0	-18.36	8	0	0	0	8	0	0.79																			
capacity	legacy	python	G	p03266.py	struct	0	129	125	119	63																																									
embed	legacy	python	G	p03266.py	struct	0					s1	4	39	73	73	1	1	39	39	-7.53	1	-7.53	6.26	1.0	-11.74	4	0	0	0	8	0	0.39																			
embed	legacy	python	G	p03266.py	struct	0					s1	8	39	73	73	1	1	39	39	-7.53	1	-6.92	6.59	1.0	-11.74	8	0	1	0	8	0	0.38																			
embed	legacy	python	G	p03266.py	struct	0					s2	4	39	73	73	1	1	39	39	-11.74	1	-10.54	10.74	1.0	-11.74	4	0	0	0	8	0	0.45																			
embed	legacy	python	G	p03266.py	struct	0					s2	8	39	73	73	1	1	39	39	-11.74	1	-9.33	9.42	1.0	-11.74	8	0	0	0	8	0	0.7																			
capacity	legacy	python	G	p03430.py	tok	0	269	268	260	220																																									
embed	legacy	python	G	p03430.py	tok	0					s1	4	135	163	163	1	1	135	135	-23.48	1	-23.48	22.51	1.0	-40.64	4	0	1	0	7	0	1.9																			
embed	legacy	python	G	p03430.py	tok	0					s1	8	135	163	163	1	1	135	135	-23.48	1	-23.48	22.51	1.0	-40.64	8	0	5	0	8	0	1.91																			
embed	legacy	python	G	p03430.py	tok	0					s2	4	135	163	163	1	1	135	135	-40.64	1	-39.43	39.93	1.0	-40.64	4	0	0	0	7	0	2.01																			
embed	legacy	python	G	p03430.py	tok	0					s2	8	135	163	163	1	1	135	135	-40.64	1	-38.23	37.34	1.0	-40.64	8	0	0	1	8	0	3.03																			
capacity	legacy	python	G	p03430.py	struct	0	269	268	259	102																																									
embed	legacy	python	G	p03430.py	struct	0					s1	4	71	163	163	1	1	71	71	-11.74	1	-11.74	11.16	1.0	-21.37	4	0	0	0	7	0	2.1																			
embed	legacy	python	G	p03430.py	struct	0					s1	8	71	163	163	1	1	71	71	-11.74	1	-11.74	10.97	1.0	-21.37	8	0	3	0	8	1	2.39																			
embed	legacy	python	G	p03430.py	struct	0					s2	4	71	163	163	1	1	71	71	-21.37	1	-20.17	20.44	1.0	-21.37	4	0	0	0	7	0	2.26																			
embed	legacy	python	G	p03430.py	struct	0					s2	8	71	163	163	1	1	71	71	-21.37	1	-18.96	18.68	1.0	-21.37	8	0	0	0	8	0	2.58																			
capacity	legacy	python	G	p03433.py	tok	0	85	77	74	68																																									
embed	legacy	python	G	p03433.py	tok	0					s1	4	47	51	51	1	1	47	47	-6.92	1	-6.92	6.74	1.0	-14.15	4	0	0	0	8	0	0.18																			
embed	legacy	python	G	p03433.py	tok	0					s1	8	47	51	51	1	1	47	47	-6.92	1	-6.62	6.62	1.0	-14.15	8	0	0	0	8	0	0.2																			
embed	legacy	python	G	p03433.py	tok	0					s2	4	47	51	51	1	1	47	47	-14.15	1	-12.94	13.23	1.0	-14.15	4	0	0	0	8	0	0.19																			
embed	legacy	python	G	p03433.py	tok	0					s2	8	47	51	51	1	1	47	47	-14.15	1	-11.74	12.12	1.0	-14.15	8	0	0	0	8	0	0.49																			
capacity	legacy	python	G	p03433.py	struct	0	85	77	74	53																																									
embed	legacy	python	G	p03433.py	struct	0					s1	4	37	51	51	1	1	37	37	-4.52	1	-4.52	4.36	1.0	-11.14	4	0	0	0	8	0	0.2																			
embed	legacy	python	G	p03433.py	struct	0					s1	8	37	51	51	1	1	37	37	-4.52	1	-4.52	3.69	1.0	-11.14	8	0	1	0	8	0	0.23																			
embed	legacy	python	G	p03433.py	struct	0					s2	4	37	51	51	1	1	37	37	-11.14	1	-9.93	9.51	1.0	-11.14	4	0	0	1	8	2	0.22																			
embed	legacy	python	G	p03433.py	struct	0					s2	8	37	51	51	1	1	37	37	-11.14	1	-8.73	9.51	1.0	-11.14	8	0	0	0	8	0	0.46																			
capacity	legacy	python	G	p03434.py	tok	0	280	252	249	218																																									
embed	legacy	python	G	p03434.py	tok	0					s1	4	126	149	149	1	1	126	126	-21.67	1	-21.67	20.66	1.0	-37.93	4	0	1	0	7	1	1.48																			
embed	legacy	python	G	p03434.py	tok	0					s1	8	126	149	149	1	1	126	126	-21.67	1	-21.67	20.83	1.0	-37.93	8	0	8	0	8	0	1.62																			
embed	legacy	python	G	p03434.py	tok	0					s2	4	126	149	149	1	1	126	126	-37.93	1	-36.73	37.25	1.0	-37.93	4	0	0	0	7	0	1.6																			
embed	legacy	python	G	p03434.py	tok	0					s2	8	126	149	149	1	1	126	126	-37.93	1	-35.52	35.61	1.0	-37.93	8	0	0	1	8	2	2.36																			
capacity	legacy	python	G	p03434.py	struct	0	280	252	248	85																																									
embed	legacy	python	G	p03434.py	struct	0					s1	4	61	149	149	1	1	61	61	-9.93	1	-9.93	8.18	1.0	-18.36	4	0	2	1	7	1	1.57																			
embed	legacy	python	G	p03434.py	struct	0					s1	8	61	149	149	1	1	61	61	-9.93	1	-9.93	9.32	1.0	-18.36	8	0	4	0	8	0	1.58																			
embed	legacy	python	G	p03434.py	struct	0					s2	4	61	149	149	1	1	61	61	-18.36	1	-17.16	17.36	1.0	-18.36	4	0	0	0	7	0	1.56																			
embed	legacy	python	G	p03434.py	struct	0					s2	8	61	149	149	1	1	61	61	-18.36	1	-15.95	16.06	1.0	-18.36	8	0	0	0	8	1	1.96																			
capacity	legacy	python	G	p03454.py	tok	0	184	182	174	161																																									
embed	legacy	python	G	p03454.py	tok	0					s1	4	92	101	101	1	1	92	92	-15.95	1	-15.95	14.09	1.0	-27.69	4	0	1	1	7	1	0.84																			
embed	legacy	python	G	p03454.py	tok	0					s1	8	92	101	101	1	1	92	92	-15.95	1	-15.95	15.09	1.0	-27.69	8	0	4	0	8	0	0.89																			
embed	legacy	python	G	p03454.py	tok	0					s2	4	92	101	101	1	1	92	92	-27.69	1	-26.49	26.79	1.0	-27.69	4	0	0	0	7	0	0.87																			
embed	legacy	python	G	p03454.py	tok	0					s2	8	92	101	101	1	1	92	92	-27.69	1	-25.29	24.76	1.0	-27.69	8	0	0	0	8	0	1.47																			
capacity	legacy	python	G	p03454.py	struct	0	184	182	173	82																																									
embed	legacy	python	G	p03454.py	struct	0					s1	4	53	100	100	1	1	53	53	-7.83	1	-7.83	6.4	1.0	-15.95	4	0	0	1	7	0	0.86																			
embed	legacy	python	G	p03454.py	struct	0					s1	8	53	100	100	1	1	53	53	-7.83	1	-7.53	7.04	1.0	-15.95	8	0	1	0	8	0	0.86																			
embed	legacy	python	G	p03454.py	struct	0					s2	4	53	100	100	1	1	53	53	-15.95	1	-14.75	15.09	1.0	-15.95	4	0	0	0	7	0	0.99																			
embed	legacy	python	G	p03454.py	struct	0					s2	8	53	100	100	1	1	53	53	-15.95	1	-13.55	12.56	1.0	-15.95	8	0	0	3	8	0	1.26																			
capacity	legacy	python	G	p03459.py	tok	0	213	211	208	190																																									
embed	legacy	python	G	p03459.py	tok	0					s1	4	115	130	130	1	1	115	115	-17.16	1	-17.16	16.86	1.0	-34.62	4	0	0	0	8	0	1.08																			
embed	legacy	python	G	p03459.py	tok	0					s1	8	115	130	130	1	1	115	115	-17.16	1	-17.16	16.32	1.0	-34.62	8	0	7	0	8	0	1.04																			
embed	legacy	python	G	p03459.py	tok	0					s2	4	115	130	130	1	1	115	115	-34.62	1	-33.41	33.11	1.0	-34.62	4	0	0	1	8	1	1.09																			
embed	legacy	python	G	p03459.py	tok	0					s2	8	115	130	130	1	1	115	115	-34.62	1	-32.21	32.26	1.0	-34.62	8	0	0	1	8	0	1.79																			
capacity	legacy	python	G	p03459.py	struct	0	213	211	208	88																																									
embed	legacy	python	G	p03459.py	struct	0					s1	4	59	130	130	1	1	59	59	-8.43	1	-8.43	7.07	1.0	-17.76	4	0	1	1	8	0	1.13																			
embed	legacy	python	G	p03459.py	struct	0					s1	8	59	130	130	1	1	59	59	-8.43	1	-8.43	7.07	1.0	-17.76	8	0	4	1	8	0	1.22																			
embed	legacy	python	G	p03459.py	struct	0					s2	4	59	130	130	1	1	59	59	-17.76	1	-16.56	16.02	1.0	-17.76	4	0	0	1	8	1	1.02																			
embed	legacy	python	G	p03459.py	struct	0					s2	8	59	130	130	1	1	59	59	-17.76	1	-15.35	15.72	1.0	-17.76	8	0	0	0	8	1	1.45																			
capacity	legacy	python	G	p03582.py	tok	0	189	176	175	158																																									
embed	legacy	python	G	p03582.py	tok	0					s1	4	97	110	110	1	1	97	97	-14.75	1	-14.75	14.2	1.0	-29.2	4	0	1	0	8	2	0.73																			
embed	legacy	python	G	p03582.py	tok	0					s1	8	97	110	110	1	1	97	97	-14.75	1	-14.75	13.63	1.0	-29.2	8	0	4	0	8	0	0.75																			
embed	legacy	python	G	p03582.py	tok	0					s2	4	97	110	110	1	1	97	97	-29.2	1	-28.0	27.91	1.0	-29.2	4	0	0	0	8	0	0.82																			
embed	legacy	python	G	p03582.py	tok	0					s2	8	97	110	110	1	1	97	97	-29.2	1	-26.79	27.06	1.0	-29.2	8	0	0	0	8	0	1.34																			
capacity	legacy	python	G	p03582.py	struct	0	189	176	174	73																																									
embed	legacy	python	G	p03582.py	struct	0					s1	4	54	109	109	1	1	54	54	-10.24	1	-10.24	8.32	1.0	-16.26	4	0	1	1	8	2	0.71																			
embed	legacy	python	G	p03582.py	struct	0					s1	8	54	109	109	1	1	54	54	-10.24	1	-10.24	7.4	1.0	-16.26	8	0	3	1	8	0	0.84																			
embed	legacy	python	G	p03582.py	struct	0					s2	4	54	109	109	1	1	54	54	-16.26	1	-15.05	13.91	1.0	-16.26	4	0	0	0	8	0	0.79																			
embed	legacy	python	G	p03582.py	struct	0					s2	8	54	109	109	1	1	54	54	-16.26	1	-13.85	13.91	1.0	-16.26	8	0	0	0	8	0	1.11																			
capacity	legacy	python	H	p00134.py	tok	0	24	15	15	13								10																																	
null	legacy	python	H	p00134.py	tok						s1	4						10															0.544	0.02	0.0																
null	legacy	python	H	p00134.py	tok						s1	8						10															0.528	0.0	0.0																
null	legacy	python	H	p00134.py	tok						s2	4						10															0.468	0.02	0.0																
null	legacy	python	H	p00134.py	tok						s2	8						10															0.454	0.02	0.0																
capacity	legacy	python	H	p00134.py	struct	0	24	15	14	12								9																																	
null	legacy	python	H	p00134.py	struct						s1	4						9															0.458	0.12	0.0																
null	legacy	python	H	p00134.py	struct						s1	8						9															0.558	0.0	0.0																
null	legacy	python	H	p00134.py	struct						s2	4						9															0.479	0.06	0.0																
null	legacy	python	H	p00134.py	struct						s2	8						9															0.482	0.08	0.0																
capacity	legacy	python	H	p00202.py	tok	0	24	15	15	13								10																																	
null	legacy	python	H	p00202.py	tok						s1	4						10															0.473	0.06	0.0																
null	legacy	python	H	p00202.py	tok						s1	8						10															0.439	0.06	0.0																
null	legacy	python	H	p00202.py	tok						s2	4						10															0.517	0.04	0.0																
null	legacy	python	H	p00202.py	tok						s2	8						10															0.491	0.06	0.0																
capacity	legacy	python	H	p00202.py	struct	0	24	15	14	12								9																																	
null	legacy	python	H	p00202.py	struct						s1	4						9															0.469	0.0	0.0																
null	legacy	python	H	p00202.py	struct						s1	8						9															0.522	0.06	0.0																
null	legacy	python	H	p00202.py	struct						s2	4						9															0.56	0.0	0.1																
null	legacy	python	H	p00202.py	struct						s2	8						9															0.471	0.04	0.0																
capacity	legacy	python	H	p00353.py	tok	0	24	15	15	13								10																																	
null	legacy	python	H	p00353.py	tok						s1	4						10															0.461	0.06	0.0																
null	legacy	python	H	p00353.py	tok						s1	8						10															0.555	0.02	0.0																
null	legacy	python	H	p00353.py	tok						s2	4						10															0.515	0.02	0.0																
null	legacy	python	H	p00353.py	tok						s2	8						10															0.417	0.06	0.0																
capacity	legacy	python	H	p00353.py	struct	0	24	15	14	12								9																																	
null	legacy	python	H	p00353.py	struct						s1	4						9															0.438	0.04	0.0																
null	legacy	python	H	p00353.py	struct						s1	8						9															0.537	0.08	0.0																
null	legacy	python	H	p00353.py	struct						s2	4						9															0.468	0.0	0.0																
null	legacy	python	H	p00353.py	struct						s2	8						9															0.487	0.08	0.0																
capacity	legacy	python	H	p00992.py	tok	0	24	15	15	13								10																																	
null	legacy	python	H	p00992.py	tok						s1	4						10															0.488	0.14	0.0																
null	legacy	python	H	p00992.py	tok						s1	8						10															0.559	0.0	0.0																
null	legacy	python	H	p00992.py	tok						s2	4						10															0.488	0.04	0.0																
null	legacy	python	H	p00992.py	tok						s2	8						10															0.541	0.08	0.0																
capacity	legacy	python	H	p00992.py	struct	0	24	15	14	12								9																																	
null	legacy	python	H	p00992.py	struct						s1	4						9															0.508	0.0	0.0																
null	legacy	python	H	p00992.py	struct						s1	8						9															0.509	0.08	0.0																
null	legacy	python	H	p00992.py	struct						s2	4						9															0.56	0.08	0.1																
null	legacy	python	H	p00992.py	struct						s2	8						9															0.543	0.06	0.0																
capacity	legacy	python	H	p01371.py	tok	0	24	15	15	13								10																																	
null	legacy	python	H	p01371.py	tok						s1	4						10															0.47	0.04	0.0																
null	legacy	python	H	p01371.py	tok						s1	8						10															0.552	0.02	0.0																
null	legacy	python	H	p01371.py	tok						s2	4						10															0.517	0.08	0.0																
null	legacy	python	H	p01371.py	tok						s2	8						10															0.57	0.0	0.0																
capacity	legacy	python	H	p01371.py	struct	0	24	15	14	12								9																																	
null	legacy	python	H	p01371.py	struct						s1	4						9															0.51	0.04	0.0																
null	legacy	python	H	p01371.py	struct						s1	8						9															0.574	0.0	0.0																
null	legacy	python	H	p01371.py	struct						s2	4						9															0.525	0.1	0.0																
null	legacy	python	H	p01371.py	struct						s2	8						9															0.52	0.04	0.0																
capacity	legacy	python	H	p01457.py	tok	0	24	15	15	13								10																																	
null	legacy	python	H	p01457.py	tok						s1	4						10															0.55	0.0	0.0																
null	legacy	python	H	p01457.py	tok						s1	8						10															0.496	0.06	0.0																
null	legacy	python	H	p01457.py	tok						s2	4						10															0.561	0.02	0.0																
null	legacy	python	H	p01457.py	tok						s2	8						10															0.56	0.0	0.0																
capacity	legacy	python	H	p01457.py	struct	0	24	15	14	12								9																																	
null	legacy	python	H	p01457.py	struct						s1	4						9															0.527	0.06	0.0																
null	legacy	python	H	p01457.py	struct						s1	8						9															0.439	0.06	0.0																
null	legacy	python	H	p01457.py	struct						s2	4						9															0.483	0.0	0.0																
null	legacy	python	H	p01457.py	struct						s2	8						9															0.541	0.0	0.0																
capacity	legacy	python	H	p02236.py	tok	0	24	15	15	13								10																																	
null	legacy	python	H	p02236.py	tok						s1	4						10															0.547	0.02	0.1																
null	legacy	python	H	p02236.py	tok						s1	8						10															0.486	0.04	0.1																
null	legacy	python	H	p02236.py	tok						s2	4						10															0.48	0.08	0.0																
null	legacy	python	H	p02236.py	tok						s2	8						10															0.472	0.04	0.0																
capacity	legacy	python	H	p02236.py	struct	0	24	15	14	12								9																																	
null	legacy	python	H	p02236.py	struct						s1	4						9															0.488	0.02	0.0																
null	legacy	python	H	p02236.py	struct						s1	8						9															0.511	0.02	0.0																
null	legacy	python	H	p02236.py	struct						s2	4						9															0.533	0.02	0.0																
null	legacy	python	H	p02236.py	struct						s2	8						9															0.52	0.0	0.0																
capacity	legacy	python	H	p02657.py	tok	0	24	15	15	13								10																																	
null	legacy	python	H	p02657.py	tok						s1	4						10															0.498	0.1	0.0																
null	legacy	python	H	p02657.py	tok						s1	8						10															0.468	0.06	0.0																
null	legacy	python	H	p02657.py	tok						s2	4						10															0.5	0.04	0.0																
null	legacy	python	H	p02657.py	tok						s2	8						10															0.442	0.04	0.0																
capacity	legacy	python	H	p02657.py	struct	0	24	15	14	12								9																																	
null	legacy	python	H	p02657.py	struct						s1	4						9															0.447	0.06	0.0																
null	legacy	python	H	p02657.py	struct						s1	8						9															0.504	0.04	0.0																
null	legacy	python	H	p02657.py	struct						s2	4						9															0.54	0.08	0.0																
null	legacy	python	H	p02657.py	struct						s2	8						9															0.526	0.06	0.0																
capacity	legacy	python	H	p02781.py	tok	0	24	15	15	13								10																																	
null	legacy	python	H	p02781.py	tok						s1	4						10															0.427	0.06	0.1																
null	legacy	python	H	p02781.py	tok						s1	8						10															0.482	0.04	0.0																
null	legacy	python	H	p02781.py	tok						s2	4						10															0.546	0.02	0.1																
null	legacy	python	H	p02781.py	tok						s2	8						10															0.465	0.12	0.0																
capacity	legacy	python	H	p02781.py	struct	0	24	15	14	12								9																																	
null	legacy	python	H	p02781.py	struct						s1	4						9															0.52	0.02	0.0																
null	legacy	python	H	p02781.py	struct						s1	8						9															0.447	0.02	0.0																
null	legacy	python	H	p02781.py	struct						s2	4						9															0.497	0.06	0.0																
null	legacy	python	H	p02781.py	struct						s2	8						9															0.535	0.08	0.0																
capacity	legacy	python	H	p02795.py	tok	0	24	15	15	13								10																																	
null	legacy	python	H	p02795.py	tok						s1	4						10															0.468	0.1	0.0																
null	legacy	python	H	p02795.py	tok						s1	8						10															0.479	0.04	0.0																
null	legacy	python	H	p02795.py	tok						s2	4						10															0.503	0.08	0.0																
null	legacy	python	H	p02795.py	tok						s2	8						10															0.566	0.0	0.0																
capacity	legacy	python	H	p02795.py	struct	0	24	15	14	12								9																																	
null	legacy	python	H	p02795.py	struct						s1	4						9															0.504	0.02	0.0																
null	legacy	python	H	p02795.py	struct						s1	8						9															0.489	0.04	0.0																
null	legacy	python	H	p02795.py	struct						s2	4						9															0.48	0.1	0.0																
null	legacy	python	H	p02795.py	struct						s2	8						9															0.457	0.12	0.0																
capacity	legacy	python	H	p02917.py	tok	0	24	15	15	13								10																																	
null	legacy	python	H	p02917.py	tok						s1	4						10															0.458	0.08	0.0																
null	legacy	python	H	p02917.py	tok						s1	8						10															0.539	0.04	0.0																
null	legacy	python	H	p02917.py	tok						s2	4						10															0.461	0.12	0.0																
null	legacy	python	H	p02917.py	tok						s2	8						10															0.512	0.1	0.0																
capacity	legacy	python	H	p02917.py	struct	0	24	15	14	12								9																																	
null	legacy	python	H	p02917.py	struct						s1	4						9															0.556	0.04	0.0																
null	legacy	python	H	p02917.py	struct						s1	8						9															0.448	0.1	0.0																
null	legacy	python	H	p02917.py	struct						s2	4						9															0.486	0.06	0.0																
null	legacy	python	H	p02917.py	struct						s2	8						9															0.461	0.04	0.0																
capacity	legacy	python	H	p02956.py	tok	0	24	15	15	13								10																																	
null	legacy	python	H	p02956.py	tok						s1	4						10															0.585	0.02	0.0																
null	legacy	python	H	p02956.py	tok						s1	8						10															0.521	0.06	0.0																
null	legacy	python	H	p02956.py	tok						s2	4						10															0.489	0.04	0.0																
null	legacy	python	H	p02956.py	tok						s2	8						10															0.467	0.06	0.0																
capacity	legacy	python	H	p02956.py	struct	0	24	15	14	12								9																																	
null	legacy	python	H	p02956.py	struct						s1	4						9															0.471	0.12	0.0																
null	legacy	python	H	p02956.py	struct						s1	8						9															0.525	0.04	0.0																
null	legacy	python	H	p02956.py	struct						s2	4						9															0.496	0.04	0.0																
null	legacy	python	H	p02956.py	struct						s2	8						9															0.498	0.04	0.0																
capacity	legacy	python	H	p03164.py	tok	0	24	15	15	13								10																																	
null	legacy	python	H	p03164.py	tok						s1	4						10															0.495	0.04	0.0																
null	legacy	python	H	p03164.py	tok						s1	8						10															0.352	0.16	0.0																
null	legacy	python	H	p03164.py	tok						s2	4						10															0.521	0.02	0.0																
null	legacy	python	H	p03164.py	tok						s2	8						10															0.516	0.08	0.0																
capacity	legacy	python	H	p03164.py	struct	0	24	15	14	12								9																																	
null	legacy	python	H	p03164.py	struct						s1	4						9															0.498	0.06	0.0																
null	legacy	python	H	p03164.py	struct						s1	8						9															0.478	0.1	0.0																
null	legacy	python	H	p03164.py	struct						s2	4						9															0.505	0.04	0.0																
null	legacy	python	H	p03164.py	struct						s2	8						9															0.534	0.06	0.0																
capacity	legacy	python	H	p03266.py	tok	0	24	15	15	13								10																																	
null	legacy	python	H	p03266.py	tok						s1	4						10															0.466	0.1	0.0																
null	legacy	python	H	p03266.py	tok						s1	8						10															0.447	0.06	0.0																
null	legacy	python	H	p03266.py	tok						s2	4						10															0.473	0.06	0.0																
null	legacy	python	H	p03266.py	tok						s2	8						10															0.5	0.04	0.0																
capacity	legacy	python	H	p03266.py	struct	0	24	15	14	12								9																																	
null	legacy	python	H	p03266.py	struct						s1	4						9															0.517	0.04	0.0																
null	legacy	python	H	p03266.py	struct						s1	8						9															0.478	0.06	0.0																
null	legacy	python	H	p03266.py	struct						s2	4						9															0.565	0.0	0.1																
null	legacy	python	H	p03266.py	struct						s2	8						9															0.574	0.04	0.0																
capacity	legacy	python	H	p03430.py	tok	0	24	15	15	13								10																																	
null	legacy	python	H	p03430.py	tok						s1	4						10															0.522	0.12	0.0																
null	legacy	python	H	p03430.py	tok						s1	8						10															0.444	0.04	0.0																
null	legacy	python	H	p03430.py	tok						s2	4						10															0.469	0.04	0.0																
null	legacy	python	H	p03430.py	tok						s2	8						10															0.459	0.0	0.0																
capacity	legacy	python	H	p03430.py	struct	0	24	15	14	12								9																																	
null	legacy	python	H	p03430.py	struct						s1	4						9															0.438	0.04	0.0																
null	legacy	python	H	p03430.py	struct						s1	8						9															0.481	0.04	0.0																
null	legacy	python	H	p03430.py	struct						s2	4						9															0.447	0.06	0.1																
null	legacy	python	H	p03430.py	struct						s2	8						9															0.419	0.04	0.0																
capacity	legacy	python	H	p03433.py	tok	0	24	15	15	13								10																																	
null	legacy	python	H	p03433.py	tok						s1	4						10															0.552	0.06	0.0																
null	legacy	python	H	p03433.py	tok						s1	8						10															0.429	0.02	0.0																
null	legacy	python	H	p03433.py	tok						s2	4						10															0.55	0.04	0.0																
null	legacy	python	H	p03433.py	tok						s2	8						10															0.519	0.0	0.0																
capacity	legacy	python	H	p03433.py	struct	0	24	15	14	12								9																																	
null	legacy	python	H	p03433.py	struct						s1	4						9															0.468	0.04	0.0																
null	legacy	python	H	p03433.py	struct						s1	8						9															0.479	0.06	0.0																
null	legacy	python	H	p03433.py	struct						s2	4						9															0.532	0.06	0.0																
null	legacy	python	H	p03433.py	struct						s2	8						9															0.433	0.08	0.0																
capacity	legacy	python	H	p03434.py	tok	0	24	15	15	13								10																																	
null	legacy	python	H	p03434.py	tok						s1	4						10															0.468	0.04	0.1																
null	legacy	python	H	p03434.py	tok						s1	8						10															0.48	0.06	0.1																
null	legacy	python	H	p03434.py	tok						s2	4						10															0.475	0.08	0.0																
null	legacy	python	H	p03434.py	tok						s2	8						10															0.548	0.04	0.0																
capacity	legacy	python	H	p03434.py	struct	0	24	15	14	12								9																																	
null	legacy	python	H	p03434.py	struct						s1	4						9															0.555	0.04	0.0																
null	legacy	python	H	p03434.py	struct						s1	8						9															0.519	0.02	0.0																
null	legacy	python	H	p03434.py	struct						s2	4						9															0.496	0.04	0.1																
null	legacy	python	H	p03434.py	struct						s2	8						9															0.515	0.06	0.0																
capacity	legacy	python	H	p03454.py	tok	0	24	15	15	13								10																																	
null	legacy	python	H	p03454.py	tok						s1	4						10															0.469	0.1	0.0																
null	legacy	python	H	p03454.py	tok						s1	8						10															0.539	0.02	0.0																
null	legacy	python	H	p03454.py	tok						s2	4						10															0.539	0.06	0.0																
null	legacy	python	H	p03454.py	tok						s2	8						10															0.464	0.08	0.0																
capacity	legacy	python	H	p03454.py	struct	0	24	15	14	12								9																																	
null	legacy	python	H	p03454.py	struct						s1	4						9															0.398	0.06	0.0																
null	legacy	python	H	p03454.py	struct						s1	8						9															0.53	0.12	0.0																
null	legacy	python	H	p03454.py	struct						s2	4						9															0.49	0.06	0.0																
null	legacy	python	H	p03454.py	struct						s2	8						9															0.484	0.06	0.0																
capacity	legacy	python	H	p03459.py	tok	0	24	15	15	13								10																																	
null	legacy	python	H	p03459.py	tok						s1	4						10															0.547	0.02	0.0																
null	legacy	python	H	p03459.py	tok						s1	8						10															0.507	0.06	0.0																
null	legacy	python	H	p03459.py	tok						s2	4						10															0.45	0.06	0.0																
null	legacy	python	H	p03459.py	tok						s2	8						10															0.475	0.02	0.0																
capacity	legacy	python	H	p03459.py	struct	0	24	15	14	12								9																																	
null	legacy	python	H	p03459.py	struct						s1	4						9															0.495	0.04	0.0																
null	legacy	python	H	p03459.py	struct						s1	8						9															0.525	0.06	0.0																
null	legacy	python	H	p03459.py	struct						s2	4						9															0.503	0.06	0.0																
null	legacy	python	H	p03459.py	struct						s2	8						9															0.55	0.04	0.0																
capacity	legacy	python	H	p03582.py	tok	0	24	15	15	13								10																																	
null	legacy	python	H	p03582.py	tok						s1	4						10															0.504	0.06	0.0																
null	legacy	python	H	p03582.py	tok						s1	8						10															0.516	0.08	0.0																
null	legacy	python	H	p03582.py	tok						s2	4						10															0.547	0.04	0.0																
null	legacy	python	H	p03582.py	tok						s2	8						10															0.502	0.04	0.0																
capacity	legacy	python	H	p03582.py	struct	0	24	15	14	12								9																																	
null	legacy	python	H	p03582.py	struct						s1	4						9															0.517	0.08	0.0																
null	legacy	python	H	p03582.py	struct						s1	8						9															0.516	0.08	0.0																
null	legacy	python	H	p03582.py	struct						s2	4						9															0.486	0.04	0.0																
null	legacy	python	H	p03582.py	struct						s2	8						9															0.492	0.06	0.0																
capacity	legacy	c	G	p00134.c	tok	1	358	357	327	273																																									
embed	legacy	c	G	p00134.c	tok	1					s1	4	142	167	163	4	1	161	147	-18.32	1	-18.32	17.04	0.836	-28.72	4	0	2	0	8	1	2.5																			
embed	legacy	c	G	p00134.c	tok	1					s1	8	142	167	165	4	1	156	146	-18.04	1	-18.04	16.85	0.886	-31.69	8	0	6	0	8	1	2.56																			
embed	legacy	c	G	p00134.c	tok	1					s2	4	142	167	165	4	1	144	141	-37.65	1	-36.45	35.54	0.946	-37.65	4	0	0	0	8	1	2.45																			
embed	legacy	c	G	p00134.c	tok	1					s2	8	142	167	163	4	1	162	149	-30.01	1	-27.6	26.55	0.831	-30.01	8	0	0	2	8	1	3.58																			
capacity	legacy	c	G	p00134.c	struct	1	358	357	308	89																																									
embed	legacy	c	G	p00134.c	struct	1					s1	4	57	194	194	1	1	57	57	-9.33	1	-9.33	8.71	1.0	-17.16	4	0	0	0	8	0	2.94																			
embed	legacy	c	G	p00134.c	struct	1					s1	8	57	194	194	1	1	57	57	-9.33	1	-9.33	8.89	1.0	-17.16	8	0	1	0	8	0	3.05																			
embed	legacy	c	G	p00134.c	struct	1					s2	4	57	194	194	1	1	57	57	-17.16	1	-15.95	15.66	1.0	-17.16	4	0	0	0	8	1	2.46																			
embed	legacy	c	G	p00134.c	struct	1					s2	8	57	194	194	1	1	57	57	-17.16	1	-14.75	14.73	1.0	-17.16	8	0	0	0	8	0	3.64																			
capacity	legacy	c	G	p00202.c	tok	1	331	330	320	272																																									
embed	legacy	c	G	p00202.c	tok	1					s1	4	140	156	150	4	1	149	138	-13.15	1	-13.15	12.51	0.854	-28.68	4	0	1	0	8	0	2.03																			
embed	legacy	c	G	p00202.c	tok	1					s1	8	140	156	148	4	1	154	143	-17.75	1	-17.75	17.11	0.795	-30.02	8	0	7	0	8	2	2.19																			
embed	legacy	c	G	p00202.c	tok	1					s2	4	140	156	147	4	1	153	144	-32.03	1	-30.83	30.28	0.794	-32.03	4	0	0	0	8	0	2.18																			
embed	legacy	c	G	p00202.c	tok	1					s2	8	140	156	149	4	1	155	142	-28.16	1	-25.76	25.86	0.816	-28.16	8	0	0	1	8	1	3.18																			
capacity	legacy	c	G	p00202.c	struct	1	331	330	296	79																																									
embed	legacy	c	G	p00202.c	struct	1					s1	4	51	198	198	1	1	51	51	-8.73	1	-8.73	8.43	1.0	-15.35	4	0	0	0	8	0	2.07																			
embed	legacy	c	G	p00202.c	struct	1					s1	8	51	198	198	1	1	51	51	-8.73	1	-8.73	7.85	1.0	-15.35	8	0	3	0	8	1	2.05																			
embed	legacy	c	G	p00202.c	struct	1					s2	4	51	198	198	1	1	51	51	-15.35	1	-14.15	13.43	1.0	-15.35	4	0	0	1	8	0	2.62																			
embed	legacy	c	G	p00202.c	struct	1					s2	8	51	198	198	1	1	51	51	-15.35	1	-12.94	12.71	1.0	-15.35	8	0	0	1	8	1	3.11																			
capacity	legacy	c	G	p00353.c	tok	0	303	303	276	230																																									
embed	legacy	c	G	p00353.c	tok	1					s1	4	146	168	167	4	1	153	149	-22.28	1	-22.28	21.59	0.942	-38.7	4	0	1	0	8	0	1.66																			
embed	legacy	c	G	p00353.c	tok	1					s1	8	146	168	167	4	1	153	147	-18.83	1	-18.83	17.21	0.942	-35.83	8	0	6	1	8	0	1.72																			
embed	legacy	c	G	p00353.c	tok	0					s2	4	146	168	168	1	1	146	146	-43.95	1	-42.75	42.4	1.0	-43.95	4	0	0	0	8	2	1.91																			
embed	legacy	c	G	p00353.c	tok	0					s2	8	146	168	168	1	1	146	146	-43.95	1	-41.54	41.86	1.0	-43.95	8	0	0	0	8	0	2.8																			
capacity	legacy	c	G	p00353.c	struct	0	303	303	264	83																																									
embed	legacy	c	G	p00353.c	struct	0					s1	4	50	164	164	1	1	50	50	-7.53	1	-7.53	7.06	1.0	-15.05	4	0	0	0	8	0	1.69																			
embed	legacy	c	G	p00353.c	struct	0					s1	8	50	164	164	1	1	50	50	-7.53	1	-7.53	6.85	1.0	-15.05	8	0	3	0	8	0	1.8																			
embed	legacy	c	G	p00353.c	struct	0					s2	4	50	164	164	1	1	50	50	-15.05	1	-13.85	14.06	1.0	-15.05	4	0	0	0	8	0	1.79																			
embed	legacy	c	G	p00353.c	struct	0					s2	8	50	164	164	1	1	50	50	-15.05	1	-12.64	12.94	1.0	-15.05	8	0	0	0	8	0	2.15																			
capacity	legacy	c	G	p00992.c	tok	1	287	286	273	229																																									
embed	legacy	c	G	p00992.c	tok	1					s1	4	141	163	163	1	1	141	141	-20.77	1	-20.77	20.38	1.0	-42.45	4	0	1	0	8	0	1.47																			
embed	legacy	c	G	p00992.c	tok	1					s1	8	141	163	163	1	1	141	141	-20.77	1	-20.77	19.43	1.0	-42.45	8	0	8	1	8	0	1.52																			
embed	legacy	c	G	p00992.c	tok	1					s2	4	141	163	163	1	1	141	141	-42.45	1	-41.24	41.52	1.0	-42.45	4	0	0	0	8	0	1.6																			
embed	legacy	c	G	p00992.c	tok	1					s2	8	141	163	163	1	1	141	141	-42.45	1	-40.04	39.98	1.0	-42.45	8	0	0	0	8	0	2.78																			
capacity	legacy	c	G	p00992.c	struct	1	287	286	261	88																																									
embed	legacy	c	G	p00992.c	struct	1					s1	4	49	161	161	1	1	49	49	-9.03	1	-9.03	8.66	1.0	-14.75	4	0	0	0	8	0	1.51																			
embed	legacy	c	G	p00992.c	struct	1					s1	8	49	161	161	1	1	49	49	-9.03	1	-8.73	8.03	1.0	-14.75	8	0	0	0	8	2	1.39																			
embed	legacy	c	G	p00992.c	struct	1					s2	4	49	161	161	1	1	49	49	-14.75	1	-13.55	13.85	1.0	-14.75	4	0	0	0	8	0	1.59																			
embed	legacy	c	G	p00992.c	struct	1					s2	8	49	161	161	1	1	49	49	-14.75	1	-12.34	12.03	1.0	-14.75	8	0	0	0	8	0	2.26																			
capacity	legacy	c	G	p01371.c	tok	1	304	302	283	210																																									
embed	legacy	c	G	p01371.c	tok	1					s1	4	106	122	119	4	1	121	111	-12.89	1	-12.89	11.58	0.824	-22.28	4	0	1	1	7	1	1.96																			
embed	legacy	c	G	p01371.c	tok	1					s1	8	106	122	116	4	1	133	112	-9.71	1	-9.71	9.36	0.719	-15.78	8	0	0	0	8	0	2.01																			
embed	legacy	c	G	p01371.c	tok	1					s2	4	106	122	119	4	1	122	112	-22.55	1	-21.34	20.4	0.817	-22.55	4	0	0	1	7	2	1.9																			
embed	legacy	c	G	p01371.c	tok	1					s2	8	106	122	121	4	1	105	103	-27.86	1	-25.45	25.6	0.972	-27.86	8	0	0	0	8	0	2.76																			
capacity	legacy	c	G	p01371.c	struct	1	304	302	267	85																																									
embed	legacy	c	G	p01371.c	struct	1					s1	4	53	162	162	1	1	53	53	-9.33	1	-9.33	9.14	1.0	-15.95	4	0	0	0	7	0	2.24																			
embed	legacy	c	G	p01371.c	struct	1					s1	8	53	162	162	1	1	53	53	-9.33	1	-9.03	8.21	1.0	-15.95	8	0	2	0	8	0	2.43																			
embed	legacy	c	G	p01371.c	struct	1					s2	4	53	162	162	1	1	53	53	-15.95	1	-14.75	15.09	1.0	-15.95	4	0	0	0	7	0	2.09																			
embed	legacy	c	G	p01371.c	struct	1					s2	8	53	162	162	1	1	53	53	-15.95	1	-13.55	13.76	1.0	-15.95	8	0	0	0	8	2	2.4																			
capacity	legacy	c	G	p01457.c	tok	2	224	224	213	158																																									
embed	legacy	c	G	p01457.c	tok	2					s1	4	113	144	144	1	1	113	113	-18.36	1	-18.36	18.06	1.0	-34.02	4	0	0	0	8	0	1.03																			
embed	legacy	c	G	p01457.c	tok	2					s1	8	113	144	144	1	1	113	113	-18.36	1	-18.36	17.55	1.0	-34.02	8	0	6	0	8	0	1.04																			
embed	legacy	c	G	p01457.c	tok	2					s2	4	113	144	144	1	1	113	113	-34.02	1	-32.81	32.3	1.0	-34.02	4	0	0	1	8	0	0.95																			
embed	legacy	c	G	p01457.c	tok	2					s2	8	113	144	144	1	1	113	113	-34.02	1	-31.61	31.37	1.0	-34.02	8	0	0	0	8	1	1.74																			
capacity	legacy	c	G	p01457.c	struct	2	224	224	207	55																																									
embed	legacy	c	G	p01457.c	struct	2					s1	4	34	141	141	1	1	34	34	-5.72	1	-5.72	5.42	1.0	-10.24	4	0	0	0	8	0	1.21																			
embed	legacy	c	G	p01457.c	struct	2					s1	8	34	141	141	1	1	34	34	-5.72	1	-5.42	5.23	1.0	-10.24	8	0	0	0	8	1	1.14																			
embed	legacy	c	G	p01457.c	struct	2					s2	4	34	141	141	1	1	34	34	-10.24	1	-9.03	9.29	1.0	-10.24	4	0	0	0	8	0	0.98																			
embed	legacy	c	G	p01457.c	struct	2					s2	8	34	141	141	1	1	34	34	-10.24	1	-7.83	7.4	1.0	-10.24	8	0	0	0	8	3	1.14																			
capacity	legacy	c	G	p02236.c	tok	1	263	262	236	163																																									
embed	legacy	c	G	p02236.c	tok	1					s1	4	86	121	120	4	1	93	91	-11.01	1	-11.01	9.92	0.895	-24.36	4	0	1	0	7	0	1.38																			
embed	legacy	c	G	p02236.c	tok	1					s1	8	86	121	119	4	1	96	89	-6.9	1	-6.9	6.34	0.848	-18.79	8	0	8	0	8	0	1.51																			
embed	legacy	c	G	p02236.c	tok	1					s2	4	86	121	120	4	1	89	88	-24.84	1	-23.63	24.0	0.944	-24.84	4	0	0	0	7	0	1.72																			
embed	legacy	c	G	p02236.c	tok	1					s2	8	86	121	119	4	1	100	91	-17.78	1	-15.37	15.3	0.816	-17.78	8	0	0	0	8	1	2.26																			
capacity	legacy	c	G	p02236.c	struct	1	263	262	218	53																																									
embed	legacy	c	G	p02236.c	struct	1					s1	4	34	141	141	1	1	34	34	-5.42	1	-5.42	4.8	1.0	-10.24	4	0	0	0	7	0	1.48																			
embed	legacy	c	G	p02236.c	struct	1					s1	8	34	141	141	1	1	34	34	-5.42	1	-5.12	4.49	1.0	-10.24	8	0	0	0	8	0	1.63																			
embed	legacy	c	G	p02236.c	struct	1					s2	4	34	141	141	1	1	34	34	-10.24	1	-9.03	9.53	1.0	-10.24	4	0	0	0	7	0	1.6																			
embed	legacy	c	G	p02236.c	struct	1					s2	8	34	141	141	1	1	34	34	-10.24	1	-7.83	8.32	1.0	-10.24	8	0	0	0	8	0	2.18																			
capacity	legacy	c	G	p02657.c	tok	0	277	277	250	198																																									
embed	legacy	c	G	p02657.c	tok	0					s1	4	125	149	149	1	1	125	125	-18.36	1	-18.36	17.55	1.0	-37.63	4	0	1	0	8	0	1.49																			
embed	legacy	c	G	p02657.c	tok	1					s1	8	125	149	148	4	1	128	127	-17.16	1	-17.16	16.17	0.961	-36.42	8	0	7	0	8	0	1.67																			
embed	legacy	c	G	p02657.c	tok	1					s2	4	125	149	148	4	1	128	127	-36.42	1	-35.22	35.09	0.961	-36.42	4	0	0	0	8	0	1.77																			
embed	legacy	c	G	p02657.c	tok	1					s2	8	125	149	148	4	1	131	129	-35.5	1	-33.09	33.13	0.939	-35.5	8	0	0	0	8	1	2.43																			
capacity	legacy	c	G	p02657.c	struct	0	277	277	242	85																																									
embed	legacy	c	G	p02657.c	struct	0					s1	4	56	159	159	1	1	56	56	-9.63	1	-9.63	8.67	1.0	-16.86	4	0	0	0	8	0	1.87																			
embed	legacy	c	G	p02657.c	struct	0					s1	8	56	159	159	1	1	56	56	-9.63	1	-9.63	8.91	1.0	-16.86	8	0	2	0	8	0	2.0																			
embed	legacy	c	G	p02657.c	struct	0					s2	4	56	159	159	1	1	56	56	-16.86	1	-15.65	15.71	1.0	-16.86	4	0	0	0	8	0	1.86																			
embed	legacy	c	G	p02657.c	struct	0					s2	8	56	159	159	1	1	56	56	-16.86	1	-14.45	13.82	1.0	-16.86	8	0	0	2	8	1	2.2																			
capacity	legacy	c	G	p02781.c	tok	0	320	320	288	244																																									
embed	legacy	c	G	p02781.c	tok	0					s1	4	117	132	132	1	1	107	102	-13.94	1	-13.94	12.69	0.736	-24.16	4	0	0	0	8	0	2.07																			
embed	legacy	c	G	p02781.c	tok	1					s1	8	117	132	131	4	1	120	118	-17.39	1	-17.39	16.76	0.959	-32.26	8	0	5	0	8	0	2.13																			
embed	legacy	c	G	p02781.c	tok	1					s2	4	117	132	130	4	1	128	121	-27.53	1	-26.33	26.35	0.885	-27.53	4	0	0	0	8	0	2.16																			
embed	legacy	c	G	p02781.c	tok	1					s2	8	117	132	130	4	1	128	123	-30.09	1	-27.68	28.41	0.885	-30.09	8	0	0	1	8	0	3.19																			
capacity	legacy	c	G	p02781.c	struct	0	320	320	275	81																																									
embed	legacy	c	G	p02781.c	struct	0					s1	4	52	161	161	1	1	52	52	-8.13	1	-8.13	7.47	1.0	-15.65	4	0	0	0	8	0	2.61																			
embed	legacy	c	G	p02781.c	struct	0					s1	8	52	161	161	1	1	52	52	-8.13	1	-7.83	7.83	1.0	-15.65	8	0	1	0	8	0	2.57																			
embed	legacy	c	G	p02781.c	struct	0					s2	4	52	161	161	1	1	52	52	-15.65	1	-14.45	15.04	1.0	-15.65	4	0	0	0	8	0	2.26																			
embed	legacy	c	G	p02781.c	struct	0					s2	8	52	161	161	1	1	52	52	-15.65	1	-13.25	13.24	1.0	-15.65	8	0	0	0	8	1	3.05																			
capacity	legacy	c	G	p02795.c	tok	0	261	261	247	176																																									
embed	legacy	c	G	p02795.c	tok	1					s1	4	107	142	141	4	1	114	113	-15.4	1	-15.4	14.72	0.922	-32.26	4	0	1	0	7	0	1.51																			
embed	legacy	c	G	p02795.c	tok	0					s1	8	107	142	142	1	1	107	104	-15.35	1	-15.35	14.26	0.894	-26.9	8	0	6	0	8	0	1.43																			
embed	legacy	c	G	p02795.c	tok	0					s2	4	107	142	142	1	1	107	105	-28.45	1	-27.24	27.67	0.894	-28.45	4	0	0	0	7	0	1.34																			
embed	legacy	c	G	p02795.c	tok	0					s2	8	107	142	142	1	1	107	107	-32.21	1	-29.8	29.46	1.0	-32.21	8	0	0	0	8	0	2.34																			
capacity	legacy	c	G	p02795.c	struct	0	261	261	237	68																																									
embed	legacy	c	G	p02795.c	struct	0					s1	4	44	148	148	1	1	44	44	-9.33	1	-9.33	8.48	1.0	-13.25	4	0	0	0	7	0	1.51																			
embed	legacy	c	G	p02795.c	struct	0					s1	8	44	148	148	1	1	44	44	-9.33	1	-9.03	8.21	1.0	-13.25	8	0	0	0	8	0	1.56																			
embed	legacy	c	G	p02795.c	struct	0					s2	4	44	148	148	1	1	44	44	-13.25	1	-12.04	11.3	1.0	-13.25	4	0	0	1	7	2	1.62																			
embed	legacy	c	G	p02795.c	struct	0					s2	8	44	148	148	1	1	44	44	-13.25	1	-10.84	10.51	1.0	-13.25	8	0	0	1	8	0	1.83																			
capacity	legacy	c	G	p02917.c	tok	0	204	204	189	156																																									
embed	legacy	c	G	p02917.c	tok	1					s1	4	90	103	100	4	1	93	88	-9.97	1	-9.97	9.4	0.879	-20.26	4	0	1	0	8	0	0.96																			
embed	legacy	c	G	p02917.c	tok	1					s1	8	90	103	102	4	1	88	87	-12.64	1	-12.64	10.98	0.978	-24.54	8	0	8	1	8	1	1.07																			
embed	legacy	c	G	p02917.c	tok	1					s2	4	90	103	101	4	1	96	90	-19.9	1	-18.7	18.87	0.898	-19.9	4	0	0	0	8	0	0.95																			
embed	legacy	c	G	p02917.c	tok	1					s2	8	90	103	102	4	1	90	89	-25.13	1	-22.73	22.74	0.978	-25.13	8	0	0	0	8	0	1.69																			
capacity	legacy	c	G	p02917.c	struct	0	204	204	181	67																																									
embed	legacy	c	G	p02917.c	struct	0					s1	4	39	108	108	1	1	39	39	-6.62	1	-6.62	6.39	1.0	-11.74	4	0	0	0	8	0	0.89																			
embed	legacy	c	G	p02917.c	struct	0					s1	8	39	108	108	1	1	39	39	-6.62	1	-6.02	5.78	1.0	-11.74	8	0	1	0	8	0	1.28																			
embed	legacy	c	G	p02917.c	struct	0					s2	4	39	108	108	1	1	39	39	-11.74	1	-10.54	10.47	1.0	-11.74	4	0	0	0	8	0	1.04																			
embed	legacy	c	G	p02917.c	struct	0					s2	8	39	108	108	1	1	39	39	-11.74	1	-9.33	9.81	1.0	-11.74	8	0	0	0	8	0	1.19																			
capacity	legacy	c	G	p02956.c	tok	1	305	304	290	224																																									
embed	legacy	c	G	p02956.c	tok	1					s1	4	120	143	140	4	1	140	131	-15.47	1	-15.47	14.1	0.812	-28.47	4	0	1	1	8	0	2.53																			
embed	legacy	c	G	p02956.c	tok	1					s1	8	120	143	143	1	1	120	120	-17.16	1	-17.16	15.38	1.0	-36.12	8	0	8	1	8	0	2.43																			
embed	legacy	c	G	p02956.c	tok	1					s2	4	120	143	140	4	1	134	124	-25.74	1	-24.54	23.92	0.854	-25.74	4	0	0	0	8	2	2.57																			
embed	legacy	c	G	p02956.c	tok	1					s2	8	120	143	141	4	1	131	123	-27.17	1	-24.76	24.8	0.887	-27.17	8	0	0	0	8	0	3.54																			
capacity	legacy	c	G	p02956.c	struct	1	305	304	281	62																																									
embed	legacy	c	G	p02956.c	struct	1					s1	4	42	176	176	1	1	42	42	-7.22	1	-7.22	6.41	1.0	-12.64	4	0	0	0	8	0	2.41																			
embed	legacy	c	G	p02956.c	struct	1					s1	8	42	176	176	1	1	42	42	-7.22	1	-6.62	6.1	1.0	-12.64	8	0	2	0	8	0	2.36																			
embed	legacy	c	G	p02956.c	struct	1					s2	4	42	176	176	1	1	42	42	-12.64	1	-11.44	10.98	1.0	-12.64	4	0	0	0	8	0	2.4																			
embed	legacy	c	G	p02956.c	struct	1					s2	8	42	176	176	1	1	42	42	-12.64	1	-10.24	9.8	1.0	-12.64	8	0	0	1	8	0	2.88																			
capacity	legacy	c	G	p03164.c	tok	0	293	293	275	223																																									
embed	legacy	c	G	p03164.c	tok	1					s1	4	134	163	155	4	1	141	133	-15.57	1	-15.57	14.91	0.846	-29.92	4	0	1	0	8	0	1.83																			
embed	legacy	c	G	p03164.c	tok	0					s1	8	134	163	160	4	1	139	132	-17.58	1	-17.58	16.85	0.87	-30.59	8	0	4	0	8	0	2.1																			
embed	legacy	c	G	p03164.c	tok	0					s2	4	134	163	161	4	1	134	133	-38.21	1	-37.0	36.75	0.971	-38.21	4	0	0	0	8	1	1.88																			
embed	legacy	c	G	p03164.c	tok	0					s2	8	134	163	159	4	1	139	134	-33.22	1	-30.81	30.25	0.87	-33.22	8	0	0	1	8	2	2.9																			
capacity	legacy	c	G	p03164.c	struct	0	293	293	261	71																																									
embed	legacy	c	G	p03164.c	struct	0					s1	4	44	170	170	1	1	44	44	-8.43	1	-8.43	8.06	1.0	-13.25	4	0	0	0	8	0	1.89																			
embed	legacy	c	G	p03164.c	struct	0					s1	8	44	170	170	1	1	44	44	-8.43	1	-8.43	7.39	1.0	-13.25	8	0	0	0	8	0	1.82																			
embed	legacy	c	G	p03164.c	struct	0					s2	4	44	170	170	1	1	44	44	-13.25	1	-12.04	11.3	1.0	-13.25	4	0	0	1	8	1	1.89																			
embed	legacy	c	G	p03164.c	struct	0					s2	8	44	170	170	1	1	44	44	-13.25	1	-10.84	10.92	1.0	-13.25	8	0	0	2	8	0	2.52																			
capacity	legacy	c	G	p03266.c	tok	0	225	225	202	172																																									
embed	legacy	c	G	p03266.c	tok	1					s1	4	92	106	105	4	1	93	92	-13.34	1	-13.34	12.35	0.968	-26.02	4	0	1	0	8	1	1.01																			
embed	legacy	c	G	p03266.c	tok	1					s1	8	92	106	104	4	1	95	91	-13.05	1	-13.05	12.15	0.928	-22.08	8	0	6	0	8	1	1.22																			
embed	legacy	c	G	p03266.c	tok	1					s2	4	92	106	104	4	1	95	92	-23.44	1	-22.24	22.14	0.928	-23.44	4	0	0	0	8	0	1.28																			
embed	legacy	c	G	p03266.c	tok	1					s2	8	92	106	104	4	1	101	94	-20.14	1	-17.73	18.05	0.874	-20.14	8	0	0	2	8	0	1.91																			
capacity	legacy	c	G	p03266.c	struct	0	225	225	189	59																																									
embed	legacy	c	G	p03266.c	struct	0					s1	4	37	115	115	1	1	37	37	-6.62	1	-6.62	6.04	1.0	-11.14	4	0	0	0	8	0	1.42																			
embed	legacy	c	G	p03266.c	struct	0					s1	8	37	115	115	1	1	37	37	-6.62	1	-6.32	5.78	1.0	-11.14	8	0	0	0	8	0	1.25																			
embed	legacy	c	G	p03266.c	struct	0					s2	4	37	115	115	1	1	37	37	-11.14	1	-9.93	9.51	1.0	-11.14	4	0	0	0	8	1	1.28																			
embed	legacy	c	G	p03266.c	struct	0					s2	8	37	115	115	1	1	37	37	-11.14	1	-8.73	8.72	1.0	-11.14	8	0	0	0	8	0	1.24																			
capacity	legacy	c	G	p03430.c	tok	0	415	415	392	327																																									
embed	legacy	c	G	p03430.c	tok	1					s1	4	143	158	155	4	1	165	151	-14.65	1	-14.65	14.27	0.824	-29.77	4	0	1	0	8	0	3.94																			
embed	legacy	c	G	p03430.c	tok	1					s1	8	143	158	152	4	1	167	147	-14.86	1	-14.86	13.84	0.792	-24.66	8	0	4	0	8	1	4.24																			
embed	legacy	c	G	p03430.c	tok	1					s2	4	143	158	150	4	1	187	157	-21.54	1	-20.33	19.84	0.689	-21.54	4	0	0	0	8	1	4.17																			
embed	legacy	c	G	p03430.c	tok	1					s2	8	143	158	153	4	1	159	147	-30.28	1	-27.87	26.63	0.836	-30.28	8	1	1	1	8	0	4.9																			
capacity	legacy	c	G	p03430.c	struct	0	415	415	352	86																																									
embed	legacy	c	G	p03430.c	struct	0					s1	4	51	217	217	1	1	51	51	-8.43	1	-8.43	8.19	1.0	-15.35	4	0	0	0	8	0	4.33																			
embed	legacy	c	G	p03430.c	struct	0					s1	8	51	217	217	1	1	51	51	-8.43	1	-8.43	7.39	1.0	-15.35	8	0	2	0	8	1	4.58																			
embed	legacy	c	G	p03430.c	struct	0					s2	4	51	217	217	1	1	51	51	-15.35	1	-14.15	13.74	1.0	-15.35	4	0	0	0	8	0	4.03																			
embed	legacy	c	G	p03430.c	struct	0					s2	8	51	217	217	1	1	51	51	-15.35	1	-12.94	12.71	1.0	-15.35	8	0	0	0	8	1	5.21																			
capacity	legacy	c	G	p03433.c	tok	0	81	81	76	63																																									
embed	legacy	c	G	p03433.c	tok	0					s1	4	35	39	38	4	1	33	33	-4.21	1	-4.21	3.54	0.944	-9.93	4	0	0	0	8	0	0.16																			
embed	legacy	c	G	p03433.c	tok	0					s1	8	35	39	38	4	1	37	35	-3.18	1	-3.18	2.56	0.895	-8.29	8	0	0	0	8	1	0.14																			
embed	legacy	c	G	p03433.c	tok	0					s2	4	35	39	36	4	1	36	34	-8.01	1	-6.81	7.5	0.8	-8.01	4	0	0	0	8	0	0.18																			
embed	legacy	c	G	p03433.c	tok	0					s2	8	35	39	36	4	1	36	35	-9.27	1	-6.86	6.04	0.821	-9.27	8	0	0	0	8	0	0.4																			
capacity	legacy	c	G	p03433.c	struct	0	81	81	70	33																																									
embed	legacy	c	G	p03433.c	struct	0					s1	4	20	43	43	1	1	20	20	-3.61	1	-3.61	2.9	1.0	-6.02	4	0	0	0	8	0	0.18																			
embed	legacy	c	G	p03433.c	struct	0					s1	8	20	43	43	1	1	20	20	-3.61	1	-3.01	1.9	1.0	-6.02	8	0	1	2	8	0	0.18																			
embed	legacy	c	G	p03433.c	struct	0					s2	4	20	43	43	1	1	20	20	-6.02	1	-4.82	4.34	1.0	-6.02	4	0	0	1	8	0	0.15																			
embed	legacy	c	G	p03433.c	struct	0					s2	8	20	43	43	1	1	20	20	-6.02	1	-3.61	3.79	1.0	-6.02	8	0	0	0	8	1	0.42																			
capacity	legacy	c	G	p03434.c	tok	0	367	367	343	293																																									
embed	legacy	c	G	p03434.c	tok	1					s1	4	145	167	161	4	1	171	153	-18.98	1	-18.98	18.55	0.777	-27.44	4	0	1	0	7	0	2.58																			
embed	legacy	c	G	p03434.c	tok	1					s1	8	145	167	161	4	1	172	154	-17.18	1	-17.18	16.25	0.772	-27.69	8	0	5	0	8	0	2.83																			
embed	legacy	c	G	p03434.c	tok	1					s2	4	145	167	163	4	1	158	147	-31.1	1	-29.9	29.3	0.865	-31.1	4	0	0	1	7	1	3.15																			
embed	legacy	c	G	p03434.c	tok	1					s2	8	145	167	161	4	1	174	156	-28.2	1	-25.79	25.59	0.768	-28.2	8	0	0	1	8	1	3.95																			
capacity	legacy	c	G	p03434.c	struct	0	367	367	328	65																																									
embed	legacy	c	G	p03434.c	struct	0					s1	4	41	221	221	1	1	41	41	-8.43	1	-8.43	8.19	1.0	-12.34	4	0	0	0	7	0	3.14																			
embed	legacy	c	G	p03434.c	struct	0					s1	8	41	221	221	1	1	41	41	-8.43	1	-7.83	7.07	1.0	-12.34	8	0	1	1	8	1	2.81																			
embed	legacy	c	G	p03434.c	struct	0					s2	4	41	221	221	1	1	41	41	-12.34	1	-11.14	11.37	1.0	-12.34	4	0	0	0	7	0	2.67																			
embed	legacy	c	G	p03434.c	struct	0					s2	8	41	221	221	1	1	41	41	-12.34	1	-9.93	10.48	1.0	-12.34	8	0	0	1	8	0	2.96																			
capacity	legacy	c	G	p03454.c	tok	0	325	325	292	245																																									
embed	legacy	c	G	p03454.c	tok	1					s1	4	129	152	151	4	1	140	138	-17.16	1	-17.16	16.51	0.908	-38.15	4	0	2	0	8	0	2.59																			
embed	legacy	c	G	p03454.c	tok	0					s1	8	129	152	152	1	1	129	129	-17.46	1	-17.46	17.0	1.0	-38.83	8	0	8	0	8	1	3.32																			
embed	legacy	c	G	p03454.c	tok	1					s2	4	129	152	151	4	1	140	135	-33.51	1	-32.3	32.24	0.908	-33.51	4	0	0	0	8	0	3.03																			
embed	legacy	c	G	p03454.c	tok	0					s2	8	129	152	152	1	1	129	129	-38.83	1	-36.42	36.44	1.0	-38.83	8	0	0	1	8	0	3.87																			
capacity	legacy	c	G	p03454.c	struct	0	325	325	282	79																																									
embed	legacy	c	G	p03454.c	struct	0					s1	4	47	166	166	1	1	47	47	-7.53	1	-7.53	7.22	1.0	-14.15	4	0	0	0	8	0	3.12																			
embed	legacy	c	G	p03454.c	struct	0					s1	8	47	166	166	1	1	47	47	-7.53	1	-7.22	6.26	1.0	-14.15	8	0	3	0	8	0	2.94																			
embed	legacy	c	G	p03454.c	struct	0					s2	4	47	166	166	1	1	47	47	-14.15	1	-12.94	13.01	1.0	-14.15	4	0	0	0	8	0	2.8																			
embed	legacy	c	G	p03454.c	struct	0					s2	8	47	166	166	1	1	47	47	-14.15	1	-11.74	11.75	1.0	-14.15	8	0	0	0	8	1	3.77																			
capacity	legacy	c	G	p03459.c	tok	0	322	322	305	240																																									
embed	legacy	c	G	p03459.c	tok	0					s1	4	153	185	175	4	1	155	151	-16.81	1	-16.81	16.31	0.867	-39.28	4	0	1	0	7	0	2.26																			
embed	legacy	c	G	p03459.c	tok	0					s1	8	153	185	175	4	1	155	153	-16.52	1	-16.52	15.26	0.867	-42.58	8	0	8	0	8	0	2.57																			
embed	legacy	c	G	p03459.c	tok	0					s2	4	153	185	177	4	1	153	149	-38.7	1	-37.5	37.43	0.901	-38.7	4	0	0	0	7	0	2.35																			
embed	legacy	c	G	p03459.c	tok	0					s2	8	153	185	175	4	1	153	146	-34.51	1	-32.1	31.51	0.877	-34.51	8	0	0	0	8	0	3.22																			
capacity	legacy	c	G	p03459.c	struct	0	322	322	283	76																																									
embed	legacy	c	G	p03459.c	struct	0					s1	4	46	187	187	1	1	46	46	-9.63	1	-9.63	9.27	1.0	-13.85	4	0	0	0	7	0	2.39																			
embed	legacy	c	G	p03459.c	struct	0					s1	8	46	187	187	1	1	46	46	-9.63	1	-9.33	9.11	1.0	-13.85	8	0	0	0	8	0	2.34																			
embed	legacy	c	G	p03459.c	struct	0					s2	4	46	187	187	1	1	46	46	-13.85	1	-12.64	12.28	1.0	-13.85	4	0	0	0	7	0	2.37																			
embed	legacy	c	G	p03459.c	struct	0					s2	8	46	187	187	1	1	46	46	-13.85	1	-11.44	10.76	1.0	-13.85	8	1	1	1	8	0	2.38																			
capacity	legacy	c	G	p03582.c	tok	0	259	259	232	183																																									
embed	legacy	c	G	p03582.c	tok	1					s1	4	110	134	133	4	1	116	116	-16.56	1	-16.56	15.28	0.932	-34.92	4	0	3	0	8	0	1.53																			
embed	legacy	c	G	p03582.c	tok	0					s1	8	110	134	134	1	1	103	100	-13.93	1	-13.93	12.95	0.852	-25.75	8	0	5	0	8	0	1.97																			
embed	legacy	c	G	p03582.c	tok	0					s2	4	110	134	134	1	1	103	100	-25.75	1	-24.54	24.13	0.852	-25.75	4	0	0	1	8	0	1.84																			
embed	legacy	c	G	p03582.c	tok	1					s2	8	110	134	133	4	1	116	113	-29.5	1	-27.1	26.78	0.932	-29.5	8	0	0	0	8	0	2.49																			
capacity	legacy	c	G	p03582.c	struct	0	259	259	229	76																																									
embed	legacy	c	G	p03582.c	struct	0					s1	4	46	139	139	1	1	46	46	-6.62	1	-6.62	6.24	1.0	-13.85	4	0	0	0	8	0	1.81																			
embed	legacy	c	G	p03582.c	struct	0					s1	8	46	139	139	1	1	46	46	-6.62	1	-6.62	5.04	1.0	-13.85	8	0	3	1	8	0	1.78																			
embed	legacy	c	G	p03582.c	struct	0					s2	4	46	139	139	1	1	46	46	-13.85	1	-12.64	13.03	1.0	-13.85	4	0	0	0	8	0	1.47																			
embed	legacy	c	G	p03582.c	struct	0					s2	8	46	139	139	1	1	46	46	-13.85	1	-11.44	11.6	1.0	-13.85	8	0	0	1	8	0	2.08																			
capacity	legacy	c	H	p00134.c	tok	0	12	12	9	9								6																																	
null	legacy	c	H	p00134.c	tok						s1	4						6															0.481	0.04	0.0																
null	legacy	c	H	p00134.c	tok						s1	8						6															0.533	0.06	0.0																
null	legacy	c	H	p00134.c	tok						s2	4						6															0.494	0.04	0.0																
null	legacy	c	H	p00134.c	tok						s2	8						6															0.456	0.0	0.0																
capacity	legacy	c	H	p00134.c	struct	0	12	12	8	8								5																																	
null	legacy	c	H	p00134.c	struct						s1	4						5															0.581	0.0	0.0																
null	legacy	c	H	p00134.c	struct						s1	8						5															0.547	0.08	0.0																
null	legacy	c	H	p00134.c	struct						s2	4						5															0.466	0.04	0.0																
null	legacy	c	H	p00134.c	struct						s2	8						5															0.536	0.02	0.0																
capacity	legacy	c	H	p00202.c	tok	0	44	44	40	34								14																																	
null	legacy	c	H	p00202.c	tok						s1	4						14															0.503	0.04	0.0																
null	legacy	c	H	p00202.c	tok						s1	8						14															0.479	0.1	0.0																
null	legacy	c	H	p00202.c	tok						s2	4						14															0.47	0.02	0.0																
null	legacy	c	H	p00202.c	tok						s2	8						14															0.459	0.06	0.0																
capacity	legacy	c	H	p00202.c	struct	0	44	44	36	23								13																																	
null	legacy	c	H	p00202.c	struct						s1	4						13															0.569	0.04	0.0																
null	legacy	c	H	p00202.c	struct						s1	8						13															0.534	0.06	0.0																
null	legacy	c	H	p00202.c	struct						s2	4						13															0.463	0.02	0.1																
null	legacy	c	H	p00202.c	struct						s2	8						13															0.504	0.06	0.0																
capacity	legacy	c	H	p00353.c	tok	0	6	5	4	4								2																																	
null	legacy	c	H	p00353.c	tok						s1	4						2															0.537	0.1	0.0																
null	legacy	c	H	p00353.c	tok						s1	8						2															0.501	0.0	0.0																
null	legacy	c	H	p00353.c	tok						s2	4						2															0.505	0.04	0.0																
null	legacy	c	H	p00353.c	tok						s2	8						2															0.498	0.02	0.0																
capacity	legacy	c	H	p00353.c	struct	0	6	5	4	4								2																																	
null	legacy	c	H	p00353.c	struct						s1	4						2															0.494	0.02	0.0																
null	legacy	c	H	p00353.c	struct						s1	8						2															0.526	0.04	0.0																
null	legacy	c	H	p00353.c	struct						s2	4						2															0.43	0.18	0.0																
null	legacy	c	H	p00353.c	struct						s2	8						2															0.545	0.04	0.0																
capacity	legacy	c	H	p00992.c	tok	0	18	17	14	13								8																																	
null	legacy	c	H	p00992.c	tok						s1	4						8															0.503	0.02	0.0																
null	legacy	c	H	p00992.c	tok						s1	8						8															0.449	0.04	0.0																
null	legacy	c	H	p00992.c	tok						s2	4						8															0.494	0.1	0.0																
null	legacy	c	H	p00992.c	tok						s2	8						8															0.525	0.08	0.0																
capacity	legacy	c	H	p00992.c	struct	0	18	17	13	10								7																																	
null	legacy	c	H	p00992.c	struct						s1	4						7															0.529	0.08	0.0																
null	legacy	c	H	p00992.c	struct						s1	8						7															0.496	0.04	0.0																
null	legacy	c	H	p00992.c	struct						s2	4						7															0.512	0.04	0.0																
null	legacy	c	H	p00992.c	struct						s2	8						7															0.472	0.02	0.0																
capacity	legacy	c	H	p01371.c	tok	0	31	30	28	26								5																																	
null	legacy	c	H	p01371.c	tok						s1	4						5															0.512	0.06	0.0																
null	legacy	c	H	p01371.c	tok						s1	8						5															0.571	0.1	0.0																
null	legacy	c	H	p01371.c	tok						s2	4						5															0.511	0.02	0.0																
null	legacy	c	H	p01371.c	tok						s2	8						5															0.504	0.02	0.0																
capacity	legacy	c	H	p01371.c	struct	0	31	30	25	12								9																																	
null	legacy	c	H	p01371.c	struct						s1	4						9															0.48	0.06	0.0																
null	legacy	c	H	p01371.c	struct						s1	8						9															0.563	0.1	0.0																
null	legacy	c	H	p01371.c	struct						s2	4						9															0.552	0.06	0.1																
null	legacy	c	H	p01371.c	struct						s2	8						9															0.463	0.04	0.0																
capacity	legacy	c	H	p01457.c	tok	0	7	7	5	5								3																																	
null	legacy	c	H	p01457.c	tok						s1	4						3															0.5	0.04	0.0																
null	legacy	c	H	p01457.c	tok						s1	8						3															0.493	0.02	0.0																
null	legacy	c	H	p01457.c	tok						s2	4						3															0.449	0.08	0.0																
null	legacy	c	H	p01457.c	tok						s2	8						3															0.528	0.0	0.0																
capacity	legacy	c	H	p01457.c	struct	0	7	7	4	4								2																																	
null	legacy	c	H	p01457.c	struct						s1	4						2															0.508	0.02	0.0																
null	legacy	c	H	p01457.c	struct						s1	8						2															0.577	0.02	0.0																
null	legacy	c	H	p01457.c	struct						s2	4						2															0.515	0.0	0.0																
null	legacy	c	H	p01457.c	struct						s2	8						2															0.498	0.06	0.0																
capacity	legacy	c	H	p02236.c	tok	0	61	61	45	37								15																																	
null	legacy	c	H	p02236.c	tok						s1	4						15															0.513	0.02	0.0																
null	legacy	c	H	p02236.c	tok						s1	8						15															0.448	0.08	0.0																
null	legacy	c	H	p02236.c	tok						s2	4						15															0.498	0.08	0.0																
null	legacy	c	H	p02236.c	tok						s2	8						15															0.524	0.08	0.0																
capacity	legacy	c	H	p02236.c	struct	0	61	61	40	14								9																																	
null	legacy	c	H	p02236.c	struct						s1	4						9															0.477	0.08	0.0																
null	legacy	c	H	p02236.c	struct						s1	8						9															0.541	0.02	0.0																
null	legacy	c	H	p02236.c	struct						s2	4						9															0.48	0.04	0.1																
null	legacy	c	H	p02236.c	struct						s2	8						9															0.489	0.0	0.0																
capacity	legacy	c	H	p02657.c	tok	0	2	1	0	0								0																																	
null	legacy	c	H	p02657.c	tok						s1	4						0															0.459	0.06	0.0																
null	legacy	c	H	p02657.c	tok						s1	8						0															0.448	0.04	0.0																
null	legacy	c	H	p02657.c	tok						s2	4						0															0.503	0.06	0.0																
null	legacy	c	H	p02657.c	tok						s2	8						0															0.47	0.02	0.0																
capacity	legacy	c	H	p02657.c	struct	0	2	1	0	0								0																																	
null	legacy	c	H	p02657.c	struct						s1	4						0															0.481	0.02	0.0																
null	legacy	c	H	p02657.c	struct						s1	8						0															0.529	0.06	0.0																
null	legacy	c	H	p02657.c	struct						s2	4						0															0.505	0.04	0.0																
null	legacy	c	H	p02657.c	struct						s2	8						0															0.481	0.06	0.0																
capacity	legacy	c	H	p02781.c	tok	0	31	30	29	23								18																																	
null	legacy	c	H	p02781.c	tok						s1	4						18															0.477	0.02	0.0																
null	legacy	c	H	p02781.c	tok						s1	8						18															0.529	0.06	0.0																
null	legacy	c	H	p02781.c	tok						s2	4						18															0.467	0.06	0.0																
null	legacy	c	H	p02781.c	tok						s2	8						18															0.472	0.08	0.0																
capacity	legacy	c	H	p02781.c	struct	0	31	30	29	22								17																																	
null	legacy	c	H	p02781.c	struct						s1	4						17															0.48	0.08	0.0																
null	legacy	c	H	p02781.c	struct						s1	8						17															0.521	0.06	0.0																
null	legacy	c	H	p02781.c	struct						s2	4						17															0.532	0.04	0.0																
null	legacy	c	H	p02781.c	struct						s2	8						17															0.457	0.08	0.0																
capacity	legacy	c	H	p02795.c	tok	0	14	13	9	8								2																																	
null	legacy	c	H	p02795.c	tok						s1	4						2															0.575	0.02	0.0																
null	legacy	c	H	p02795.c	tok						s1	8						2															0.47	0.02	0.0																
null	legacy	c	H	p02795.c	tok						s2	4						2															0.542	0.04	0.0																
null	legacy	c	H	p02795.c	tok						s2	8						2															0.487	0.08	0.0																
capacity	legacy	c	H	p02795.c	struct	0	14	13	9	5								2																																	
null	legacy	c	H	p02795.c	struct						s1	4						2															0.546	0.02	0.0																
null	legacy	c	H	p02795.c	struct						s1	8						2															0.451	0.08	0.0																
null	legacy	c	H	p02795.c	struct						s2	4						2															0.456	0.06	0.0																
null	legacy	c	H	p02795.c	struct						s2	8						2															0.518	0.02	0.0																
capacity	legacy	c	H	p02917.c	tok	0	10	9	8	8								2																																	
null	legacy	c	H	p02917.c	tok						s1	4						2															0.46	0.04	0.0																
null	legacy	c	H	p02917.c	tok						s1	8						2															0.572	0.1	0.0																
null	legacy	c	H	p02917.c	tok						s2	4						2															0.466	0.04	0.0																
null	legacy	c	H	p02917.c	tok						s2	8						2															0.496	0.04	0.0																
capacity	legacy	c	H	p02917.c	struct	0	10	9	7	7								4																																	
null	legacy	c	H	p02917.c	struct						s1	4						4															0.575	0.04	0.0																
null	legacy	c	H	p02917.c	struct						s1	8						4															0.452	0.06	0.0																
null	legacy	c	H	p02917.c	struct						s2	4						4															0.469	0.1	0.0																
null	legacy	c	H	p02917.c	struct						s2	8						4															0.493	0.08	0.0																
capacity	legacy	c	H	p02956.c	tok	2	62	62	60	43								33																																	
null	legacy	c	H	p02956.c	tok						s1	4						33															0.538	0.02	0.0																
null	legacy	c	H	p02956.c	tok						s1	8						33															0.505	0.04	0.0																
null	legacy	c	H	p02956.c	tok						s2	4						33															0.477	0.12	0.0																
null	legacy	c	H	p02956.c	tok						s2	8						33															0.481	0.02	0.0																
capacity	legacy	c	H	p02956.c	struct	2	62	62	57	18								15																																	
null	legacy	c	H	p02956.c	struct						s1	4						15															0.552	0.0	0.0																
null	legacy	c	H	p02956.c	struct						s1	8						15															0.476	0.12	0.0																
null	legacy	c	H	p02956.c	struct						s2	4						15															0.466	0.04	0.0																
null	legacy	c	H	p02956.c	struct						s2	8						15															0.447	0.04	0.1																
capacity	legacy	c	H	p03164.c	tok	0	129	128	105	90								53																																	
null	legacy	c	H	p03164.c	tok						s1	4						53															0.567	0.0	0.0																
null	legacy	c	H	p03164.c	tok						s1	8						53															0.525	0.04	0.0																
null	legacy	c	H	p03164.c	tok						s2	4						53															0.503	0.02	0.1																
null	legacy	c	H	p03164.c	tok						s2	8						53															0.534	0.06	0.0																
capacity	legacy	c	H	p03164.c	struct	0	129	128	100	26								19																																	
null	legacy	c	H	p03164.c	struct						s1	4						19															0.474	0.04	0.0																
null	legacy	c	H	p03164.c	struct						s1	8						19															0.455	0.1	0.0																
null	legacy	c	H	p03164.c	struct						s2	4						19															0.51	0.04	0.0																
null	legacy	c	H	p03164.c	struct						s2	8						19															0.528	0.04	0.0																
capacity	legacy	c	H	p03266.c	tok	0	4	4	2	2								2																																	
null	legacy	c	H	p03266.c	tok						s1	4						2															0.537	0.02	0.0																
null	legacy	c	H	p03266.c	tok						s1	8						2															0.495	0.1	0.0																
null	legacy	c	H	p03266.c	tok						s2	4						2															0.471	0.06	0.0																
null	legacy	c	H	p03266.c	tok						s2	8						2															0.475	0.0	0.0																
capacity	legacy	c	H	p03266.c	struct	0	4	4	1	1								1																																	
null	legacy	c	H	p03266.c	struct						s1	4						1															0.523	0.06	0.0																
null	legacy	c	H	p03266.c	struct						s1	8						1															0.517	0.04	0.0																
null	legacy	c	H	p03266.c	struct						s2	4						1															0.472	0.1	0.0																
null	legacy	c	H	p03266.c	struct						s2	8						1															0.585	0.0	0.0																
capacity	legacy	c	H	p03430.c	tok	0	34	34	33	28								4																																	
null	legacy	c	H	p03430.c	tok						s1	4						4															0.587	0.0	0.0																
null	legacy	c	H	p03430.c	tok						s1	8						4															0.504	0.08	0.0																
null	legacy	c	H	p03430.c	tok						s2	4						4															0.477	0.02	0.0																
null	legacy	c	H	p03430.c	tok						s2	8						4															0.502	0.02	0.0																
capacity	legacy	c	H	p03430.c	struct	0	34	34	27	19								12																																	
null	legacy	c	H	p03430.c	struct						s1	4						12															0.556	0.04	0.0																
null	legacy	c	H	p03430.c	struct						s1	8						12															0.473	0.12	0.1																
null	legacy	c	H	p03430.c	struct						s2	4						12															0.527	0.04	0.0																
null	legacy	c	H	p03430.c	struct						s2	8						12															0.529	0.04	0.0																
capacity	legacy	c	H	p03433.c	tok	0	6	5	4	4								2																																	
null	legacy	c	H	p03433.c	tok						s1	4						2															0.435	0.12	0.0																
null	legacy	c	H	p03433.c	tok						s1	8						2															0.544	0.04	0.0																
null	legacy	c	H	p03433.c	tok						s2	4						2															0.511	0.04	0.0																
null	legacy	c	H	p03433.c	tok						s2	8						2															0.457	0.02	0.0																
capacity	legacy	c	H	p03433.c	struct	0	6	5	4	4								2																																	
null	legacy	c	H	p03433.c	struct						s1	4						2															0.533	0.08	0.0																
null	legacy	c	H	p03433.c	struct						s1	8						2															0.558	0.04	0.0																
null	legacy	c	H	p03433.c	struct						s2	4						2															0.482	0.04	0.0																
null	legacy	c	H	p03433.c	struct						s2	8						2															0.481	0.04	0.0																
capacity	legacy	c	H	p03434.c	tok	0	35	34	28	14								6																																	
null	legacy	c	H	p03434.c	tok						s1	4						6															0.528	0.02	0.0																
null	legacy	c	H	p03434.c	tok						s1	8						6															0.468	0.06	0.0																
null	legacy	c	H	p03434.c	tok						s2	4						6															0.516	0.06	0.0																
null	legacy	c	H	p03434.c	tok						s2	8						6															0.478	0.06	0.0																
capacity	legacy	c	H	p03434.c	struct	0	35	34	27	9								7																																	
null	legacy	c	H	p03434.c	struct						s1	4						7															0.514	0.02	0.0																
null	legacy	c	H	p03434.c	struct						s1	8						7															0.469	0.04	0.0																
null	legacy	c	H	p03434.c	struct						s2	4						7															0.538	0.04	0.0																
null	legacy	c	H	p03434.c	struct						s2	8						7															0.515	0.02	0.0																
capacity	legacy	c	H	p03454.c	tok	0	176	175	144	125								49																																	
null	legacy	c	H	p03454.c	tok						s1	4						49															0.506	0.0	0.1																
null	legacy	c	H	p03454.c	tok						s1	8						49															0.546	0.06	0.1																
null	legacy	c	H	p03454.c	tok						s2	4						49															0.488	0.06	0.0																
null	legacy	c	H	p03454.c	tok						s2	8						49															0.419	0.1	0.0																
capacity	legacy	c	H	p03454.c	struct	0	176	175	131	46								31																																	
null	legacy	c	H	p03454.c	struct						s1	4						31															0.471	0.08	0.0																
null	legacy	c	H	p03454.c	struct						s1	8						31															0.513	0.02	0.0																
null	legacy	c	H	p03454.c	struct						s2	4						31															0.505	0.02	0.0																
null	legacy	c	H	p03454.c	struct						s2	8						31															0.486	0.02	0.0																
capacity	legacy	c	H	p03459.c	tok	0	30	29	26	23								10																																	
null	legacy	c	H	p03459.c	tok						s1	4						10															0.413	0.08	0.0																
null	legacy	c	H	p03459.c	tok						s1	8						10															0.491	0.02	0.0																
null	legacy	c	H	p03459.c	tok						s2	4						10															0.534	0.06	0.0																
null	legacy	c	H	p03459.c	tok						s2	8						10															0.5	0.02	0.0																
capacity	legacy	c	H	p03459.c	struct	0	30	29	19	10								6																																	
null	legacy	c	H	p03459.c	struct						s1	4						6															0.475	0.04	0.0																
null	legacy	c	H	p03459.c	struct						s1	8						6															0.49	0.02	0.0																
null	legacy	c	H	p03459.c	struct						s2	4						6															0.506	0.02	0.0																
null	legacy	c	H	p03459.c	struct						s2	8						6															0.59	0.02	0.0																
capacity	legacy	c	H	p03582.c	tok	0	42	42	39	26								13																																	
null	legacy	c	H	p03582.c	tok						s1	4						13															0.487	0.02	0.0																
null	legacy	c	H	p03582.c	tok						s1	8						13															0.396	0.04	0.1																
null	legacy	c	H	p03582.c	tok						s2	4						13															0.555	0.04	0.1																
null	legacy	c	H	p03582.c	tok						s2	8						13															0.518	0.04	0.0																
capacity	legacy	c	H	p03582.c	struct	0	42	42	31	15								10																																	
null	legacy	c	H	p03582.c	struct						s1	4						10															0.469	0.06	0.0																
null	legacy	c	H	p03582.c	struct						s1	8						10															0.54	0.06	0.0																
null	legacy	c	H	p03582.c	struct						s2	4						10															0.45	0.04	0.0																
null	legacy	c	H	p03582.c	struct						s2	8						10															0.515	0.06	0.0																
capacity	legacy	cpp	G	p00134.cpp	tok	1	236	234	223	192																																									
embed	legacy	cpp	G	p00134.cpp	tok	1					s1	4	98	112	111	4	1	100	100	-18.06	1	-18.06	17.48	0.96	-30.1	4	0	0	0	8	0	1.99																			
embed	legacy	cpp	G	p00134.cpp	tok	1					s1	8	98	112	108	4	1	117	108	-13.15	1	-13.15	11.55	0.777	-22.27	8	0	3	3	8	1	2.18																			
embed	legacy	cpp	G	p00134.cpp	tok	1					s2	4	98	112	108	4	1	116	104	-19.03	1	-17.83	17.94	0.783	-19.03	4	0	0	0	8	0	2.16																			
embed	legacy	cpp	G	p00134.cpp	tok	1					s2	8	98	112	110	4	1	103	99	-24.34	1	-21.93	22.04	0.914	-24.34	8	0	0	1	8	0	2.66																			
capacity	legacy	cpp	G	p00134.cpp	struct	1	236	234	209	66																																									
embed	legacy	cpp	G	p00134.cpp	struct	1					s1	4	47	139	139	1	1	47	47	-7.53	1	-7.53	6.85	1.0	-14.15	4	0	0	0	8	0	2.11																			
embed	legacy	cpp	G	p00134.cpp	struct	1					s1	8	47	139	139	1	1	47	47	-7.53	1	-7.22	5.39	1.0	-14.15	8	0	2	1	8	0	1.8																			
embed	legacy	cpp	G	p00134.cpp	struct	1					s2	4	47	139	139	1	1	47	47	-14.15	1	-12.94	13.23	1.0	-14.15	4	0	0	0	8	0	1.98																			
embed	legacy	cpp	G	p00134.cpp	struct	1					s2	8	47	139	139	1	1	47	47	-14.15	1	-11.74	10.88	1.0	-14.15	8	0	0	0	8	0	2.17																			
capacity	legacy	cpp	G	p00202.cpp	tok	1	238	234	228	204																																									
embed	legacy	cpp	G	p00202.cpp	tok	1					s1	4	113	123	118	4	1	120	113	-15.09	1	-15.09	14.57	0.857	-25.32	4	0	1	0	6	0	1.73																			
embed	legacy	cpp	G	p00202.cpp	tok	1					s1	8	113	123	114	4	1	121	115	-14.34	1	-14.34	13.95	0.794	-26.82	8	0	3	0	7	1	1.81																			
embed	legacy	cpp	G	p00202.cpp	tok	1					s2	4	113	123	114	4	1	123	110	-19.88	1	-18.68	18.06	0.77	-19.88	4	0	0	1	6	1	1.8																			
embed	legacy	cpp	G	p00202.cpp	tok	1					s2	8	113	123	113	4	1	127	116	-22.84	1	-20.43	21.24	0.741	-22.84	8	0	0	0	7	0	2.43																			
capacity	legacy	cpp	G	p00202.cpp	struct	1	238	234	209	75																																									
embed	legacy	cpp	G	p00202.cpp	struct	1					s1	4	56	157	157	1	1	56	56	-10.84	1	-10.84	10.33	1.0	-16.86	4	0	0	0	6	0	1.75																			
embed	legacy	cpp	G	p00202.cpp	struct	1					s1	8	56	157	157	1	1	56	56	-10.84	1	-10.24	10.14	1.0	-16.86	8	0	0	0	7	0	1.78																			
embed	legacy	cpp	G	p00202.cpp	struct	1					s2	4	56	157	157	1	1	56	56	-16.86	1	-15.65	15.71	1.0	-16.86	4	0	0	0	6	0	1.65																			
embed	legacy	cpp	G	p00202.cpp	struct	1					s2	8	56	157	157	1	1	56	56	-16.86	1	-14.45	14.22	1.0	-16.86	8	0	0	0	7	0	2.06																			
capacity	legacy	cpp	G	p00353.cpp	tok	0	217	216	205	184																																									
embed	legacy	cpp	G	p00353.cpp	tok	0					s1	4	108	119	113	4	1	109	104	-10.46	1	-10.46	10.31	0.887	-24.72	4	0	0	0	7	0	1.69																			
embed	legacy	cpp	G	p00353.cpp	tok	0					s1	8	108	119	111	4	1	110	103	-9.65	1	-9.65	8.66	0.847	-22.58	8	0	7	0	8	0	1.63																			
embed	legacy	cpp	G	p00353.cpp	tok	0					s2	4	108	119	110	4	1	110	105	-25.0	1	-23.8	23.35	0.832	-25.0	4	0	0	0	7	0	1.41																			
embed	legacy	cpp	G	p00353.cpp	tok	0					s2	8	108	119	114	4	1	110	107	-27.77	1	-25.36	24.04	0.896	-27.77	8	0	0	0	8	0	2.43																			
capacity	legacy	cpp	G	p00353.cpp	struct	0	217	216	188	78																																									
embed	legacy	cpp	G	p00353.cpp	struct	0					s1	4	53	131	131	1	1	53	53	-7.83	1	-7.83	7.45	1.0	-15.95	4	0	0	0	7	2	1.45																			
embed	legacy	cpp	G	p00353.cpp	struct	0					s1	8	53	131	131	1	1	53	53	-7.83	1	-7.83	6.75	1.0	-15.95	8	0	1	0	8	0	1.8																			
embed	legacy	cpp	G	p00353.cpp	struct	0					s2	4	53	131	131	1	1	53	53	-15.95	1	-14.75	15.42	1.0	-15.95	4	0	0	0	7	0	1.81																			
embed	legacy	cpp	G	p00353.cpp	struct	0					s2	8	53	131	131	1	1	53	53	-15.95	1	-13.55	13.39	1.0	-15.95	8	0	0	1	8	0	1.71																			
capacity	legacy	cpp	G	p00992.cpp	tok	2	197	194	189	168																																									
embed	legacy	cpp	G	p00992.cpp	tok	2					s1	4	107	121	121	1	1	107	107	-15.35	1	-15.35	14.26	1.0	-32.21	4	0	2	0	7	0	1.22																			
embed	legacy	cpp	G	p00992.cpp	tok	2					s1	8	107	121	121	1	1	107	107	-15.35	1	-15.35	12.71	1.0	-32.21	8	0	8	1	8	0	1.43																			
embed	legacy	cpp	G	p00992.cpp	tok	2					s2	4	107	121	121	1	1	107	107	-32.21	1	-31.01	30.63	1.0	-32.21	4	0	0	1	7	1	1.33																			
embed	legacy	cpp	G	p00992.cpp	tok	2					s2	8	107	121	121	1	1	107	107	-32.21	1	-29.8	29.97	1.0	-32.21	8	0	0	1	8	1	2.24																			
capacity	legacy	cpp	G	p00992.cpp	struct	2	197	194	180	70																																									
embed	legacy	cpp	G	p00992.cpp	struct	2					s1	4	49	127	127	1	1	49	49	-7.53	1	-7.53	7.22	1.0	-14.75	4	0	0	0	7	0	1.36																			
embed	legacy	cpp	G	p00992.cpp	struct	2					s1	8	49	127	127	1	1	50	49	-6.4	1	-6.09	4.97	0.98	-13.34	8	0	3	1	8	0	1.65																			
embed	legacy	cpp	G	p00992.cpp	struct	2					s2	4	49	127	127	1	1	50	49	-13.34	1	-12.14	12.12	0.98	-13.34	4	0	0	0	7	0	1.27																			
embed	legacy	cpp	G	p00992.cpp	struct	2					s2	8	49	127	127	1	1	50	50	-15.05	1	-12.64	12.57	0.98	-15.05	8	0	0	0	8	1	1.9																			
capacity	legacy	cpp	G	p01371.cpp	tok	0	190	189	180	151																																									
embed	legacy	cpp	G	p01371.cpp	tok	0					s1	4	84	93	87	4	1	91	82	-6.81	1	-6.81	4.92	0.796	-15.45	4	0	1	1	8	0	1.26																			
embed	legacy	cpp	G	p01371.cpp	tok	0					s1	8	84	93	85	4	1	94	84	-6.46	1	-6.46	5.37	0.731	-15.29	8	0	4	0	8	0	1.4																			
embed	legacy	cpp	G	p01371.cpp	tok	0					s2	4	84	93	87	4	1	82	77	-17.22	1	-16.02	15.7	0.857	-17.22	4	0	0	0	8	1	1.22																			
embed	legacy	cpp	G	p01371.cpp	tok	0					s2	8	84	93	85	4	1	96	81	-11.7	1	-9.29	9.66	0.724	-11.7	8	0	0	0	8	0	2.23																			
capacity	legacy	cpp	G	p01371.cpp	struct	0	190	189	161	63																																									
embed	legacy	cpp	G	p01371.cpp	struct	0					s1	4	45	126	126	1	1	45	45	-6.92	1	-6.92	6.45	1.0	-13.55	4	0	0	0	8	2	1.14																			
embed	legacy	cpp	G	p01371.cpp	struct	0					s1	8	45	126	126	1	1	45	45	-6.92	1	-6.92	6.23	1.0	-13.55	8	0	0	0	8	0	1.33																			
embed	legacy	cpp	G	p01371.cpp	struct	0					s2	4	45	126	126	1	1	45	45	-13.55	1	-12.34	12.38	1.0	-13.55	4	0	0	0	8	0	1.14																			
embed	legacy	cpp	G	p01371.cpp	struct	0					s2	8	45	126	126	1	1	45	45	-13.55	1	-11.14	11.45	1.0	-13.55	8	0	0	0	8	0	1.88																			
capacity	legacy	cpp	G	p01457.cpp	tok	2	150	149	139	120																																									
embed	legacy	cpp	G	p01457.cpp	tok	2					s1	4	80	97	97	1	1	80	80	-10.84	1	-10.84	10.33	1.0	-24.08	4	0	2	0	8	0	0.68																			
embed	legacy	cpp	G	p01457.cpp	tok	2					s1	8	80	97	97	1	1	80	80	-10.84	1	-10.84	10.47	1.0	-24.08	8	0	6	0	8	0	0.69																			
embed	legacy	cpp	G	p01457.cpp	tok	2					s2	4	80	97	97	1	1	80	80	-24.08	1	-22.88	23.12	1.0	-24.08	4	0	0	0	8	0	0.78																			
embed	legacy	cpp	G	p01457.cpp	tok	2					s2	8	80	97	97	1	1	80	80	-24.08	1	-21.67	21.47	1.0	-24.08	8	0	0	1	8	0	1.26																			
capacity	legacy	cpp	G	p01457.cpp	struct	2	150	149	137	62																																									
embed	legacy	cpp	G	p01457.cpp	struct	2					s1	4	44	98	98	1	1	44	44	-7.83	1	-7.83	7.45	1.0	-13.25	4	0	0	0	8	0	1.04																			
embed	legacy	cpp	G	p01457.cpp	struct	2					s1	8	44	98	98	1	1	44	44	-7.83	1	-7.53	7.04	1.0	-13.25	8	0	0	0	8	0	0.67																			
embed	legacy	cpp	G	p01457.cpp	struct	2					s2	4	44	98	98	1	1	44	44	-13.25	1	-12.04	10.92	1.0	-13.25	4	0	0	0	8	0	0.74																			
embed	legacy	cpp	G	p01457.cpp	struct	2					s2	8	44	98	98	1	1	44	44	-13.25	1	-10.84	9.53	1.0	-13.25	8	0	0	0	8	0	0.97																			
capacity	legacy	cpp	G	p02236.cpp	tok	1	156	153	144	122																																									
embed	legacy	cpp	G	p02236.cpp	tok	1					s1	4	60	64	58	4	1	68	62	-5.63	1	-5.63	4.51	0.73	-12.39	4	0	0	0	8	0	0.88																			
embed	legacy	cpp	G	p02236.cpp	tok	1					s1	8	60	64	57	4	1	68	60	-5.63	1	-5.33	4.78	0.707	-10.54	8	0	0	0	8	1	0.7																			
embed	legacy	cpp	G	p02236.cpp	tok	1					s2	4	60	64	59	4	1	64	58	-11.35	1	-10.14	10.06	0.797	-11.35	4	0	0	0	8	0	0.63																			
embed	legacy	cpp	G	p02236.cpp	tok	1					s2	8	60	64	58	4	1	68	58	-8.93	1	-6.52	6.94	0.73	-8.93	8	0	0	1	8	0	1.09																			
capacity	legacy	cpp	G	p02236.cpp	struct	1	156	153	126	48																																									
embed	legacy	cpp	G	p02236.cpp	struct	1					s1	4	37	97	97	1	1	37	37	-6.02	1	-6.02	5.14	1.0	-11.14	4	0	0	0	8	0	0.59																			
embed	legacy	cpp	G	p02236.cpp	struct	1					s1	8	37	97	97	1	1	37	37	-6.02	1	-5.72	4.78	1.0	-11.14	8	0	1	0	8	0	0.94																			
embed	legacy	cpp	G	p02236.cpp	struct	1					s2	4	37	97	97	1	1	37	37	-11.14	1	-9.93	10.35	1.0	-11.14	4	0	0	0	8	0	0.64																			
embed	legacy	cpp	G	p02236.cpp	struct	1					s2	8	37	97	97	1	1	37	37	-11.14	1	-8.73	9.51	1.0	-11.14	8	0	0	0	8	1	0.9																			
capacity	legacy	cpp	G	p02657.cpp	tok	0	225	224	207	178																																									
embed	legacy	cpp	G	p02657.cpp	tok	0					s1	4	80	89	83	4	1	87	79	-7.4	1	-7.4	6.47	0.796	-15.38	4	0	0	0	8	0	1.96																			
embed	legacy	cpp	G	p02657.cpp	tok	0					s1	8	80	89	80	4	1	89	80	-5.33	1	-5.33	3.77	0.724	-14.94	8	0	4	1	8	0	1.66																			
embed	legacy	cpp	G	p02657.cpp	tok	0					s2	4	80	89	81	4	1	84	77	-15.59	1	-14.39	14.48	0.783	-15.59	4	0	0	0	8	0	1.95																			
embed	legacy	cpp	G	p02657.cpp	tok	0					s2	8	80	89	80	4	1	93	84	-15.96	1	-13.56	14.01	0.696	-15.96	8	0	0	0	8	1	2.19																			
capacity	legacy	cpp	G	p02657.cpp	struct	0	225	224	188	67																																									
embed	legacy	cpp	G	p02657.cpp	struct	0					s1	4	43	116	116	1	1	43	43	-5.72	1	-5.72	4.97	1.0	-12.94	4	0	0	0	8	0	2.01																			
embed	legacy	cpp	G	p02657.cpp	struct	0					s1	8	43	116	116	1	1	43	43	-5.72	1	-5.72	5.23	1.0	-12.94	8	0	3	0	8	0	1.68																			
embed	legacy	cpp	G	p02657.cpp	struct	0					s2	4	43	116	116	1	1	43	43	-12.94	1	-11.74	11.99	1.0	-12.94	4	0	0	0	8	0	1.88																			
embed	legacy	cpp	G	p02657.cpp	struct	0					s2	8	43	116	116	1	1	43	43	-12.94	1	-10.54	10.38	1.0	-12.94	8	0	0	2	8	0	1.97																			
capacity	legacy	cpp	G	p02781.cpp	tok	0	204	203	190	187																																									
embed	legacy	cpp	G	p02781.cpp	tok	0					s1	4	98	100	94	4	1	115	103	-11.26	1	-11.26	9.87	0.76	-18.78	4	0	1	1	8	2	1.22																			
embed	legacy	cpp	G	p02781.cpp	tok	0					s1	8	98	100	93	4	1	111	99	-13.08	1	-13.08	12.32	0.771	-17.76	8	0	2	0	8	0	1.26																			
embed	legacy	cpp	G	p02781.cpp	tok	0					s2	4	98	100	90	4	1	106	96	-18.36	1	-17.16	17.51	0.759	-18.36	4	0	0	0	8	0	1.6																			
embed	legacy	cpp	G	p02781.cpp	tok	0					s2	8	98	100	93	4	1	112	103	-20.94	1	-18.53	18.41	0.765	-20.94	8	0	0	0	8	0	1.99																			
capacity	legacy	cpp	G	p02781.cpp	struct	0	204	203	171	70																																									
embed	legacy	cpp	G	p02781.cpp	struct	0					s1	4	50	125	125	1	1	50	50	-10.54	1	-10.54	9.73	1.0	-15.05	4	0	0	0	8	0	1.34																			
embed	legacy	cpp	G	p02781.cpp	struct	0					s1	8	50	125	125	1	1	50	50	-10.54	1	-10.54	8.85	1.0	-15.05	8	0	1	2	8	0	1.63																			
embed	legacy	cpp	G	p02781.cpp	struct	0					s2	4	50	125	125	1	1	50	50	-15.05	1	-13.85	13.27	1.0	-15.05	4	0	0	0	8	0	1.17																			
embed	legacy	cpp	G	p02781.cpp	struct	0					s2	8	50	125	125	1	1	50	50	-15.05	1	-12.64	12.57	1.0	-15.05	8	0	0	0	8	0	1.64																			
capacity	legacy	cpp	G	p02795.cpp	tok	0	161	160	150	124																																									
embed	legacy	cpp	G	p02795.cpp	tok	0					s1	4	58	69	65	4	1	66	58	-4.01	1	-4.01	3.07	0.771	-10.05	4	0	0	0	7	0	1.12																			
embed	legacy	cpp	G	p02795.cpp	tok	0					s1	8	58	69	64	4	1	65	58	-6.91	1	-6.61	5.94	0.757	-10.67	8	0	0	0	8	1	0.91																			
embed	legacy	cpp	G	p02795.cpp	tok	0					s2	4	58	69	64	4	1	67	63	-14.26	1	-13.05	13.3	0.736	-14.26	4	0	0	0	7	0	0.89																			
embed	legacy	cpp	G	p02795.cpp	tok	0					s2	8	58	69	64	4	1	67	61	-12.13	1	-9.72	9.97	0.736	-12.13	8	0	0	0	8	0	1.68																			
capacity	legacy	cpp	G	p02795.cpp	struct	0	161	160	136	53																																									
embed	legacy	cpp	G	p02795.cpp	struct	0					s1	4	37	84	84	1	1	37	37	-6.92	1	-6.92	5.94	1.0	-11.14	4	0	0	0	7	0	0.75																			
embed	legacy	cpp	G	p02795.cpp	struct	0					s1	8	37	84	84	1	1	37	37	-6.92	1	-6.92	5.59	1.0	-11.14	8	0	0	1	8	0	0.77																			
embed	legacy	cpp	G	p02795.cpp	struct	0					s2	4	37	84	84	1	1	37	37	-11.14	1	-9.93	10.11	1.0	-11.14	4	0	0	0	7	0	0.89																			
embed	legacy	cpp	G	p02795.cpp	struct	0					s2	8	37	84	84	1	1	37	37	-11.14	1	-8.73	9.14	1.0	-11.14	8	0	0	0	8	0	1.44																			
capacity	legacy	cpp	G	p02917.cpp	tok	0	111	110	106	105																																									
embed	legacy	cpp	G	p02917.cpp	tok	0					s1	4	67	67	63	4	1	74	66	-7.74	1	-7.74	7.44	0.808	-12.04	4	0	0	0	7	0	0.45																			
embed	legacy	cpp	G	p02917.cpp	tok	0					s1	8	67	67	62	4	1	72	65	-8.29	1	-8.29	7.26	0.805	-12.46	8	0	1	0	8	1	0.46																			
embed	legacy	cpp	G	p02917.cpp	tok	0					s2	4	67	67	63	4	1	73	69	-15.91	1	-14.71	14.61	0.818	-15.91	4	0	0	0	7	0	0.72																			
embed	legacy	cpp	G	p02917.cpp	tok	0					s2	8	67	67	65	4	1	70	67	-16.31	1	-13.91	13.76	0.903	-16.31	8	0	0	0	8	0	0.97																			
capacity	legacy	cpp	G	p02917.cpp	struct	0	111	110	99	42																																									
embed	legacy	cpp	G	p02917.cpp	struct	0					s1	4	31	72	72	1	1	31	31	-5.12	1	-5.12	4.62	1.0	-9.33	4	0	0	0	7	0	0.46																			
embed	legacy	cpp	G	p02917.cpp	struct	0					s1	8	31	72	72	1	1	31	31	-5.12	1	-4.52	3.97	1.0	-9.33	8	0	1	0	8	1	0.41																			
embed	legacy	cpp	G	p02917.cpp	struct	0					s2	4	31	72	72	1	1	31	31	-9.33	1	-8.13	8.48	1.0	-9.33	4	0	0	0	7	0	0.43																			
embed	legacy	cpp	G	p02917.cpp	struct	0					s2	8	31	72	72	1	1	31	31	-9.33	1	-6.92	6.55	1.0	-9.33	8	0	0	0	8	1	0.6																			
capacity	legacy	cpp	G	p02956.cpp	tok	0	259	258	225	178																																									
embed	legacy	cpp	G	p02956.cpp	tok	1					s1	4	91	117	115	4	1	109	98	-8.58	1	-8.58	7.85	0.802	-18.18	4	0	0	0	7	0	2.21																			
embed	legacy	cpp	G	p02956.cpp	tok	1					s1	8	91	117	115	4	1	101	98	-13.93	1	-13.93	12.48	0.864	-25.17	8	0	7	1	8	0	1.81																			
embed	legacy	cpp	G	p02956.cpp	tok	1					s2	4	91	117	116	4	1	100	99	-28.1	1	-26.89	26.34	0.891	-28.1	4	0	0	1	7	0	2.21																			
embed	legacy	cpp	G	p02956.cpp	tok	1					s2	8	91	117	115	4	1	99	94	-21.92	1	-19.52	19.29	0.864	-21.92	8	0	0	2	8	0	3.08																			
capacity	legacy	cpp	G	p02956.cpp	struct	0	259	258	218	56																																									
embed	legacy	cpp	G	p02956.cpp	struct	0					s1	4	43	161	161	1	1	43	43	-8.73	1	-8.73	8.28	1.0	-12.94	4	0	0	0	7	0	1.99																			
embed	legacy	cpp	G	p02956.cpp	struct	0					s1	8	43	161	161	1	1	43	43	-8.73	1	-8.73	8.09	1.0	-12.94	8	0	0	0	8	2	2.5																			
embed	legacy	cpp	G	p02956.cpp	struct	0					s2	4	43	161	161	1	1	43	43	-12.94	1	-11.74	11.46	1.0	-12.94	4	0	0	1	7	0	2.53																			
embed	legacy	cpp	G	p02956.cpp	struct	0					s2	8	43	161	161	1	1	43	43	-12.94	1	-10.54	10.78	1.0	-12.94	8	0	0	0	8	1	2.87																			
capacity	legacy	cpp	G	p03164.cpp	tok	0	205	204	192	160																																									
embed	legacy	cpp	G	p03164.cpp	tok	0					s1	4	95	111	106	4	1	98	92	-9.36	1	-9.36	7.62	0.857	-20.45	4	0	2	1	8	0	1.88																			
embed	legacy	cpp	G	p03164.cpp	tok	0					s1	8	95	111	103	4	1	98	90	-8.07	1	-8.07	5.75	0.806	-18.26	8	0	7	1	8	3	2.0																			
embed	legacy	cpp	G	p03164.cpp	tok	0					s2	4	95	111	105	4	1	97	94	-24.02	1	-22.81	22.54	0.864	-24.02	4	0	0	0	8	0	1.69																			
embed	legacy	cpp	G	p03164.cpp	tok	0					s2	8	95	111	105	4	1	103	97	-21.82	1	-19.42	19.77	0.817	-21.82	8	0	0	0	8	0	2.79																			
capacity	legacy	cpp	G	p03164.cpp	struct	0	205	204	179	55																																									
embed	legacy	cpp	G	p03164.cpp	struct	0					s1	4	40	138	138	1	1	40	40	-6.92	1	-6.92	6.74	1.0	-12.04	4	0	0	0	8	0	1.61																			
embed	legacy	cpp	G	p03164.cpp	struct	0					s1	8	40	138	138	1	1	40	40	-6.92	1	-6.32	5.94	1.0	-12.04	8	0	0	0	8	0	2.11																			
embed	legacy	cpp	G	p03164.cpp	struct	0					s2	4	40	138	138	1	1	40	40	-12.04	1	-10.84	10.93	1.0	-12.04	4	0	0	0	8	0	1.63																			
embed	legacy	cpp	G	p03164.cpp	struct	0					s2	8	40	138	138	1	1	40	40	-12.04	1	-9.63	9.96	1.0	-12.04	8	0	0	0	8	0	2.39																			
capacity	legacy	cpp	G	p03266.cpp	tok	0	147	146	135	121																																									
embed	legacy	cpp	G	p03266.cpp	tok	0					s1	4	62	72	68	4	1	66	60	-4.77	1	-4.77	3.92	0.829	-11.87	4	0	0	0	8	0	0.77																			
embed	legacy	cpp	G	p03266.cpp	tok	0					s1	8	62	72	72	1	1	62	62	-8.13	1	-8.13	7.22	1.0	-18.66	8	0	5	0	8	0	0.7																			
embed	legacy	cpp	G	p03266.cpp	tok	0					s2	4	62	72	68	4	1	68	63	-13.42	1	-12.21	12.85	0.806	-13.42	4	0	0	0	8	0	0.71																			
embed	legacy	cpp	G	p03266.cpp	tok	0					s2	8	62	72	67	4	1	73	64	-10.92	1	-8.52	8.89	0.731	-10.92	8	0	0	0	8	1	1.27																			
capacity	legacy	cpp	G	p03266.cpp	struct	0	147	146	124	57																																									
embed	legacy	cpp	G	p03266.cpp	struct	0					s1	4	39	93	93	1	1	39	39	-7.53	1	-7.53	7.06	1.0	-11.74	4	0	0	0	8	0	0.75																			
embed	legacy	cpp	G	p03266.cpp	struct	0					s1	8	39	93	93	1	1	39	39	-7.53	1	-7.22	6.85	1.0	-11.74	8	0	0	0	8	0	1.09																			
embed	legacy	cpp	G	p03266.cpp	struct	0					s2	4	39	93	93	1	1	39	39	-11.74	1	-10.54	10.17	1.0	-11.74	4	0	0	0	8	1	0.8																			
embed	legacy	cpp	G	p03266.cpp	struct	0					s2	8	39	93	93	1	1	39	39	-11.74	1	-9.33	9.81	1.0	-11.74	8	0	0	0	8	0	1.16																			
capacity	legacy	cpp	G	p03430.cpp	tok	2	301	299	298	245																																									
embed	legacy	cpp	G	p03430.cpp	tok	2					s1	4	96	111	102	4	1	124	107	-8.52	1	-8.52	8.0	0.667	-16.72	4	0	0	0	8	2	4.07																			
embed	legacy	cpp	G	p03430.cpp	tok	2					s1	8	96	111	104	4	1	119	107	-9.67	1	-9.67	9.01	0.72	-19.79	8	0	4	0	8	1	4.01																			
embed	legacy	cpp	G	p03430.cpp	tok	2					s2	4	96	111	107	4	1	106	99	-21.49	1	-20.29	20.65	0.836	-21.49	4	0	0	0	8	0	3.77																			
embed	legacy	cpp	G	p03430.cpp	tok	2					s2	8	96	111	107	4	1	109	103	-23.48	1	-21.07	19.88	0.814	-23.48	8	0	0	0	8	1	4.82																			
capacity	legacy	cpp	G	p03430.cpp	struct	2	301	299	276	88																																									
embed	legacy	cpp	G	p03430.cpp	struct	2					s1	4	63	197	197	1	1	63	63	-10.54	1	-10.54	9.48	1.0	-18.96	4	0	0	0	8	0	3.94																			
embed	legacy	cpp	G	p03430.cpp	struct	2					s1	8	63	197	197	1	1	63	63	-10.54	1	-10.54	9.19	1.0	-18.96	8	0	3	1	8	0	3.89																			
embed	legacy	cpp	G	p03430.cpp	struct	2					s2	4	63	197	197	1	1	63	63	-18.96	1	-17.76	18.45	1.0	-18.96	4	0	0	0	8	0	3.94																			
embed	legacy	cpp	G	p03430.cpp	struct	2					s2	8	63	197	197	1	1	63	63	-18.96	1	-16.56	15.62	1.0	-18.96	8	0	0	0	8	1	4.19																			
capacity	legacy	cpp	G	p03433.cpp	tok	0	61	60	57	51																																									
embed	legacy	cpp	G	p03433.cpp	tok	0					s1	4	30	34	34	1	1	30	30	-4.52	1	-4.52	3.29	1.0	-9.03	4	0	0	0	8	0	0.16																			
embed	legacy	cpp	G	p03433.cpp	tok	0					s1	8	30	34	33	4	1	31	30	-3.59	1	-3.59	2.94	0.879	-7.83	8	0	0	0	8	0	0.12																			
embed	legacy	cpp	G	p03433.cpp	tok	0					s2	4	30	34	33	4	1	30	30	-9.03	1	-7.83	7.36	0.935	-9.03	4	0	0	0	8	0	0.41																			
embed	legacy	cpp	G	p03433.cpp	tok	0					s2	8	30	34	33	4	1	32	30	-6.91	1	-4.5	3.93	0.879	-6.91	8	0	0	0	8	0	0.32																			
capacity	legacy	cpp	G	p03433.cpp	struct	0	61	60	55	42																																									
embed	legacy	cpp	G	p03433.cpp	struct	0					s1	4	26	38	38	1	1	26	26	-5.42	1	-5.42	4.8	1.0	-7.83	4	0	0	0	8	0	0.14																			
embed	legacy	cpp	G	p03433.cpp	struct	0					s1	8	26	38	38	1	1	26	26	-5.42	1	-5.12	4.1	1.0	-7.83	8	0	0	1	8	0	0.14																			
embed	legacy	cpp	G	p03433.cpp	struct	0					s2	4	26	38	38	1	1	26	26	-7.83	1	-6.62	4.92	1.0	-7.83	4	0	0	0	8	0	0.13																			
embed	legacy	cpp	G	p03433.cpp	struct	0					s2	8	26	38	38	1	1	26	26	-7.83	1	-5.42	5.5	1.0	-7.83	8	0	0	1	8	0	0.32																			
capacity	legacy	cpp	G	p03434.cpp	tok	1	305	303	280	248																																									
embed	legacy	cpp	G	p03434.cpp	tok	1					s1	4	175	191	189	4	1	181	176	-23.19	1	-23.19	22.81	0.945	-45.29	4	0	2	0	7	2	3.19																			
embed	legacy	cpp	G	p03434.cpp	tok	1					s1	8	175	191	187	4	1	183	176	-20.38	1	-20.38	19.22	0.91	-42.99	8	0	8	0	8	0	3.03																			
embed	legacy	cpp	G	p03434.cpp	tok	1					s2	4	175	191	188	4	1	177	175	-49.08	1	-47.88	46.8	0.935	-49.08	4	0	0	0	7	0	3.19																			
embed	legacy	cpp	G	p03434.cpp	tok	1					s2	8	175	191	187	4	1	180	176	-46.55	1	-44.14	44.2	0.914	-46.55	8	0	0	0	8	1	4.37																			
capacity	legacy	cpp	G	p03434.cpp	struct	1	305	303	268	55																																									
embed	legacy	cpp	G	p03434.cpp	struct	1					s1	4	40	213	213	1	1	40	40	-8.43	1	-8.43	7.39	1.0	-12.04	4	0	0	0	7	0	3.13																			
embed	legacy	cpp	G	p03434.cpp	struct	1					s1	8	40	213	213	1	1	40	40	-8.43	1	-8.13	7.67	1.0	-12.04	8	0	0	0	8	0	3.03																			
embed	legacy	cpp	G	p03434.cpp	struct	1					s2	4	40	213	213	1	1	40	40	-12.04	1	-10.84	11.37	1.0	-12.04	4	0	0	0	7	0	3.27																			
embed	legacy	cpp	G	p03434.cpp	struct	1					s2	8	40	213	213	1	1	40	40	-12.04	1	-9.63	9.09	1.0	-12.04	8	0	0	0	8	0	3.26																			
capacity	legacy	cpp	G	p03454.cpp	tok	0	219	218	195	174																																									
embed	legacy	cpp	G	p03454.cpp	tok	0					s1	4	88	98	93	4	1	90	85	-8.57	1	-8.57	8.21	0.874	-19.42	4	0	1	0	7	0	1.85																			
embed	legacy	cpp	G	p03454.cpp	tok	0					s1	8	88	98	95	4	1	88	88	-10.84	1	-10.84	9.0	0.934	-26.49	8	0	7	1	8	0	2.19																			
embed	legacy	cpp	G	p03454.cpp	tok	0					s2	4	88	98	92	4	1	92	87	-19.98	1	-18.77	19.22	0.837	-19.98	4	0	0	0	7	0	2.21																			
embed	legacy	cpp	G	p03454.cpp	tok	0					s2	8	88	98	94	4	1	91	90	-25.43	1	-23.02	22.62	0.875	-25.43	8	0	0	2	8	0	2.97																			
capacity	legacy	cpp	G	p03454.cpp	struct	0	219	218	181	59																																									
embed	legacy	cpp	G	p03454.cpp	struct	0					s1	4	40	121	121	1	1	40	40	-6.62	1	-6.62	6.04	1.0	-12.04	4	0	0	0	7	0	2.13																			
embed	legacy	cpp	G	p03454.cpp	struct	0					s1	8	40	121	121	1	1	40	40	-6.62	1	-6.62	6.04	1.0	-12.04	8	0	0	0	8	0	1.83																			
embed	legacy	cpp	G	p03454.cpp	struct	0					s2	4	40	121	121	1	1	40	40	-12.04	1	-10.84	10.65	1.0	-12.04	4	0	0	0	7	1	2.18																			
embed	legacy	cpp	G	p03454.cpp	struct	0					s2	8	40	121	121	1	1	40	40	-12.04	1	-9.63	9.96	1.0	-12.04	8	0	0	0	8	0	2.36																			
capacity	legacy	cpp	G	p03459.cpp	tok	0	307	306	290	246																																									
embed	legacy	cpp	G	p03459.cpp	tok	0					s1	4	158	185	169	4	1	156	148	-11.35	1	-11.35	10.46	0.816	-34.08	4	0	3	0	7	2	2.88																			
embed	legacy	cpp	G	p03459.cpp	tok	0					s1	8	158	185	178	4	1	159	157	-18.63	1	-18.63	17.93	0.904	-43.76	8	0	8	0	8	0	2.85																			
embed	legacy	cpp	G	p03459.cpp	tok	0					s2	4	158	185	177	4	1	162	156	-38.39	1	-37.19	37.86	0.882	-38.39	4	0	0	0	7	0	3.02																			
embed	legacy	cpp	G	p03459.cpp	tok	0					s2	8	158	185	166	4	1	160	153	-36.48	1	-34.07	32.44	0.772	-36.48	8	0	0	0	8	1	3.91																			
capacity	legacy	cpp	G	p03459.cpp	struct	0	307	306	265	86																																									
embed	legacy	cpp	G	p03459.cpp	struct	0					s1	4	61	194	194	1	1	61	61	-9.33	1	-9.33	8.71	1.0	-18.36	4	0	1	0	7	0	2.87																			
embed	legacy	cpp	G	p03459.cpp	struct	0					s1	8	61	194	194	1	1	61	61	-9.33	1	-9.33	7.5	1.0	-18.36	8	0	3	1	8	0	2.8																			
embed	legacy	cpp	G	p03459.cpp	struct	0					s2	4	61	194	194	1	1	61	61	-18.36	1	-17.16	17.55	1.0	-18.36	4	0	0	0	7	0	3.15																			
embed	legacy	cpp	G	p03459.cpp	struct	0					s2	8	61	194	194	1	1	61	61	-18.36	1	-15.95	16.37	1.0	-18.36	8	0	0	1	8	2	3.54																			
capacity	legacy	cpp	G	p03582.cpp	tok	0	137	136	129	124																																									
embed	legacy	cpp	G	p03582.cpp	tok	0					s1	4	72	77	72	4	1	80	71	-5.15	1	-5.15	4.72	0.788	-12.66	4	0	1	0	6	0	0.61																			
embed	legacy	cpp	G	p03582.cpp	tok	0					s1	8	72	77	73	4	1	77	73	-7.48	1	-7.18	6.33	0.84	-17.02	8	0	4	0	8	1	0.56																			
embed	legacy	cpp	G	p03582.cpp	tok	0					s2	4	72	77	72	4	1	76	71	-15.58	1	-14.38	14.41	0.827	-15.58	4	0	0	0	6	0	0.56																			
embed	legacy	cpp	G	p03582.cpp	tok	0					s2	8	72	77	71	4	1	81	74	-14.8	1	-12.39	12.65	0.759	-14.8	8	0	0	0	8	2	1.15																			
capacity	legacy	cpp	G	p03582.cpp	struct	0	137	136	119	51																																									
embed	legacy	cpp	G	p03582.cpp	struct	0					s1	4	37	89	89	1	1	37	37	-6.02	1	-6.02	5.42	1.0	-11.14	4	0	0	0	6	0	0.56																			
embed	legacy	cpp	G	p03582.cpp	struct	0					s1	8	37	89	89	1	1	37	37	-6.02	1	-5.42	4.34	1.0	-11.14	8	0	2	2	8	0	0.61																			
embed	legacy	cpp	G	p03582.cpp	struct	0					s2	4	37	89	89	1	1	37	37	-11.14	1	-9.93	9.14	1.0	-11.14	4	0	0	0	6	0	1.01																			
embed	legacy	cpp	G	p03582.cpp	struct	0					s2	8	37	89	89	1	1	37	37	-11.14	1	-8.73	9.14	1.0	-11.14	8	0	0	0	8	1	0.82																			
capacity	legacy	cpp	H	p00134.cpp	tok	0	2	2	1	1								1																																	
null	legacy	cpp	H	p00134.cpp	tok						s1	4						1															0.417	0.08	0.0																
null	legacy	cpp	H	p00134.cpp	tok						s1	8						1															0.514	0.04	0.0																
null	legacy	cpp	H	p00134.cpp	tok						s2	4						1															0.467	0.08	0.0																
null	legacy	cpp	H	p00134.cpp	tok						s2	8						1															0.509	0.06	0.0																
capacity	legacy	cpp	H	p00134.cpp	struct	0	2	2	1	1								1																																	
null	legacy	cpp	H	p00134.cpp	struct						s1	4						1															0.483	0.0	0.0																
null	legacy	cpp	H	p00134.cpp	struct						s1	8						1															0.549	0.04	0.0																
null	legacy	cpp	H	p00134.cpp	struct						s2	4						1															0.517	0.0	0.0																
null	legacy	cpp	H	p00134.cpp	struct						s2	8						1															0.479	0.14	0.0																
capacity	legacy	cpp	H	p00202.cpp	tok	0	31	30	28	22								7																																	
null	legacy	cpp	H	p00202.cpp	tok						s1	4						7															0.541	0.02	0.0																
null	legacy	cpp	H	p00202.cpp	tok						s1	8						7															0.544	0.1	0.0																
null	legacy	cpp	H	p00202.cpp	tok						s2	4						7															0.513	0.04	0.0																
null	legacy	cpp	H	p00202.cpp	tok						s2	8						7															0.437	0.04	0.0																
capacity	legacy	cpp	H	p00202.cpp	struct	0	31	30	22	10								7																																	
null	legacy	cpp	H	p00202.cpp	struct						s1	4						7															0.488	0.1	0.0																
null	legacy	cpp	H	p00202.cpp	struct						s1	8						7															0.54	0.04	0.0																
null	legacy	cpp	H	p00202.cpp	struct						s2	4						7															0.57	0.0	0.0																
null	legacy	cpp	H	p00202.cpp	struct						s2	8						7															0.517	0.06	0.0																
capacity	legacy	cpp	H	p00353.cpp	tok	0	5	5	4	4								3																																	
null	legacy	cpp	H	p00353.cpp	tok						s1	4						3															0.503	0.04	0.0																
null	legacy	cpp	H	p00353.cpp	tok						s1	8						3															0.4	0.06	0.0																
null	legacy	cpp	H	p00353.cpp	tok						s2	4						3															0.531	0.04	0.0																
null	legacy	cpp	H	p00353.cpp	tok						s2	8						3															0.494	0.04	0.0																
capacity	legacy	cpp	H	p00353.cpp	struct	0	5	5	3	3								2																																	
null	legacy	cpp	H	p00353.cpp	struct						s1	4						2															0.545	0.08	0.0																
null	legacy	cpp	H	p00353.cpp	struct						s1	8						2															0.486	0.02	0.0																
null	legacy	cpp	H	p00353.cpp	struct						s2	4						2															0.435	0.08	0.0																
null	legacy	cpp	H	p00353.cpp	struct						s2	8						2															0.498	0.1	0.0																
capacity	legacy	cpp	H	p00992.cpp	tok	0	14	13	12	10								5																																	
null	legacy	cpp	H	p00992.cpp	tok						s1	4						5															0.466	0.06	0.0																
null	legacy	cpp	H	p00992.cpp	tok						s1	8						5															0.496	0.04	0.0																
null	legacy	cpp	H	p00992.cpp	tok						s2	4						5															0.462	0.04	0.0																
null	legacy	cpp	H	p00992.cpp	tok						s2	8						5															0.517	0.04	0.0																
capacity	legacy	cpp	H	p00992.cpp	struct	0	14	13	9	6								4																																	
null	legacy	cpp	H	p00992.cpp	struct						s1	4						4															0.512	0.12	0.0																
null	legacy	cpp	H	p00992.cpp	struct						s1	8						4															0.53	0.0	0.0																
null	legacy	cpp	H	p00992.cpp	struct						s2	4						4															0.51	0.04	0.0																
null	legacy	cpp	H	p00992.cpp	struct						s2	8						4															0.484	0.12	0.0																
capacity	legacy	cpp	H	p01371.cpp	tok	0	81	81	74	52								23																																	
null	legacy	cpp	H	p01371.cpp	tok						s1	4						23															0.525	0.02	0.0																
null	legacy	cpp	H	p01371.cpp	tok						s1	8						23															0.418	0.06	0.0																
null	legacy	cpp	H	p01371.cpp	tok						s2	4						23															0.5	0.04	0.0																
null	legacy	cpp	H	p01371.cpp	tok						s2	8						23															0.431	0.14	0.0																
capacity	legacy	cpp	H	p01371.cpp	struct	0	81	81	61	28								17																																	
null	legacy	cpp	H	p01371.cpp	struct						s1	4						17															0.608	0.04	0.0																
null	legacy	cpp	H	p01371.cpp	struct						s1	8						17															0.495	0.06	0.0																
null	legacy	cpp	H	p01371.cpp	struct						s2	4						17															0.5	0.04	0.0																
null	legacy	cpp	H	p01371.cpp	struct						s2	8						17															0.476	0.02	0.0																
capacity	legacy	cpp	H	p01457.cpp	tok	0	12	11	9	9								1																																	
null	legacy	cpp	H	p01457.cpp	tok						s1	4						1															0.56	0.0	0.0																
null	legacy	cpp	H	p01457.cpp	tok						s1	8						1															0.478	0.02	0.0																
null	legacy	cpp	H	p01457.cpp	tok						s2	4						1															0.479	0.02	0.0																
null	legacy	cpp	H	p01457.cpp	tok						s2	8						1															0.479	0.06	0.0																
capacity	legacy	cpp	H	p01457.cpp	struct	0	12	11	8	7								5																																	
null	legacy	cpp	H	p01457.cpp	struct						s1	4						5															0.506	0.02	0.0																
null	legacy	cpp	H	p01457.cpp	struct						s1	8						5															0.445	0.1	0.0																
null	legacy	cpp	H	p01457.cpp	struct						s2	4						5															0.491	0.04	0.0																
null	legacy	cpp	H	p01457.cpp	struct						s2	8						5															0.509	0.14	0.0																
capacity	legacy	cpp	H	p02236.cpp	tok	0	24	23	18	16								10																																	
null	legacy	cpp	H	p02236.cpp	tok						s1	4						10															0.498	0.02	0.0																
null	legacy	cpp	H	p02236.cpp	tok						s1	8						10															0.509	0.1	0.0																
null	legacy	cpp	H	p02236.cpp	tok						s2	4						10															0.484	0.12	0.0																
null	legacy	cpp	H	p02236.cpp	tok						s2	8						10															0.562	0.0	0.0																
capacity	legacy	cpp	H	p02236.cpp	struct	0	24	23	14	8								6																																	
null	legacy	cpp	H	p02236.cpp	struct						s1	4						6															0.512	0.02	0.0																
null	legacy	cpp	H	p02236.cpp	struct						s1	8						6															0.432	0.04	0.0																
null	legacy	cpp	H	p02236.cpp	struct						s2	4						6															0.5	0.04	0.0																
null	legacy	cpp	H	p02236.cpp	struct						s2	8						6															0.484	0.08	0.0																
capacity	legacy	cpp	H	p02657.cpp	tok	0	3	2	0	0								0																																	
null	legacy	cpp	H	p02657.cpp	tok						s1	4						0															0.491	0.04	0.0																
null	legacy	cpp	H	p02657.cpp	tok						s1	8						0															0.504	0.04	0.0																
null	legacy	cpp	H	p02657.cpp	tok						s2	4						0															0.547	0.1	0.0																
null	legacy	cpp	H	p02657.cpp	tok						s2	8						0															0.475	0.02	0.0																
capacity	legacy	cpp	H	p02657.cpp	struct	0	3	2	0	0								0																																	
null	legacy	cpp	H	p02657.cpp	struct						s1	4						0															0.567	0.0	0.0																
null	legacy	cpp	H	p02657.cpp	struct						s1	8						0															0.521	0.0	0.0																
null	legacy	cpp	H	p02657.cpp	struct						s2	4						0															0.526	0.04	0.0																
null	legacy	cpp	H	p02657.cpp	struct						s2	8						0															0.456	0.04	0.0																
capacity	legacy	cpp	H	p02781.cpp	tok	0	22	21	18	18								8																																	
null	legacy	cpp	H	p02781.cpp	tok						s1	4						8															0.505	0.08	0.0																
null	legacy	cpp	H	p02781.cpp	tok						s1	8						8															0.486	0.06	0.0																
null	legacy	cpp	H	p02781.cpp	tok						s2	4						8															0.487	0.06	0.0																
null	legacy	cpp	H	p02781.cpp	tok						s2	8						8															0.588	0.02	0.0																
capacity	legacy	cpp	H	p02781.cpp	struct	0	22	21	16	14								10																																	
null	legacy	cpp	H	p02781.cpp	struct						s1	4						10															0.518	0.06	0.0																
null	legacy	cpp	H	p02781.cpp	struct						s1	8						10															0.442	0.04	0.0																
null	legacy	cpp	H	p02781.cpp	struct						s2	4						10															0.481	0.02	0.0																
null	legacy	cpp	H	p02781.cpp	struct						s2	8						10															0.417	0.08	0.0																
capacity	legacy	cpp	H	p02795.cpp	tok	0	5	3	0	0								0																																	
null	legacy	cpp	H	p02795.cpp	tok						s1	4						0															0.535	0.06	0.0																
null	legacy	cpp	H	p02795.cpp	tok						s1	8						0															0.5	0.0	0.0																
null	legacy	cpp	H	p02795.cpp	tok						s2	4						0															0.546	0.06	0.0																
null	legacy	cpp	H	p02795.cpp	tok						s2	8						0															0.501	0.08	0.0																
capacity	legacy	cpp	H	p02795.cpp	struct	0	5	3	0	0								0																																	
null	legacy	cpp	H	p02795.cpp	struct						s1	4						0															0.514	0.1	0.0																
null	legacy	cpp	H	p02795.cpp	struct						s1	8						0															0.498	0.08	0.0																
null	legacy	cpp	H	p02795.cpp	struct						s2	4						0															0.522	0.06	0.0																
null	legacy	cpp	H	p02795.cpp	struct						s2	8						0															0.545	0.02	0.0																
capacity	legacy	cpp	H	p02917.cpp	tok	0	7	7	7	5								5																																	
null	legacy	cpp	H	p02917.cpp	tok						s1	4						5															0.477	0.1	0.0																
null	legacy	cpp	H	p02917.cpp	tok						s1	8						5															0.462	0.0	0.0																
null	legacy	cpp	H	p02917.cpp	tok						s2	4						5															0.526	0.0	0.0																
null	legacy	cpp	H	p02917.cpp	tok						s2	8						5															0.499	0.04	0.0																
capacity	legacy	cpp	H	p02917.cpp	struct	0	7	7	5	3								3																																	
null	legacy	cpp	H	p02917.cpp	struct						s1	4						3															0.468	0.04	0.0																
null	legacy	cpp	H	p02917.cpp	struct						s1	8						3															0.542	0.02	0.0																
null	legacy	cpp	H	p02917.cpp	struct						s2	4						3															0.548	0.04	0.0																
null	legacy	cpp	H	p02917.cpp	struct						s2	8						3															0.416	0.1	0.0																
capacity	legacy	cpp	H	p02956.cpp	tok	0	32	31	29	26								19																																	
null	legacy	cpp	H	p02956.cpp	tok						s1	4						19															0.482	0.02	0.0																
null	legacy	cpp	H	p02956.cpp	tok						s1	8						19															0.575	0.04	0.0																
null	legacy	cpp	H	p02956.cpp	tok						s2	4						19															0.43	0.04	0.0																
null	legacy	cpp	H	p02956.cpp	tok						s2	8						19															0.565	0.0	0.0																
capacity	legacy	cpp	H	p02956.cpp	struct	0	32	31	27	13								13																																	
null	legacy	cpp	H	p02956.cpp	struct						s1	4						13															0.51	0.06	0.0																
null	legacy	cpp	H	p02956.cpp	struct						s1	8						13															0.459	0.04	0.0																
null	legacy	cpp	H	p02956.cpp	struct						s2	4						13															0.514	0.02	0.0																
null	legacy	cpp	H	p02956.cpp	struct						s2	8						13															0.557	0.04	0.0																
capacity	legacy	cpp	H	p03164.cpp	tok	0	14	13	8	6								6																																	
null	legacy	cpp	H	p03164.cpp	tok						s1	4						6															0.517	0.02	0.0																
null	legacy	cpp	H	p03164.cpp	tok						s1	8						6															0.491	0.06	0.0																
null	legacy	cpp	H	p03164.cpp	tok						s2	4						6															0.511	0.04	0.0																
null	legacy	cpp	H	p03164.cpp	tok						s2	8						6															0.49	0.02	0.0																
capacity	legacy	cpp	H	p03164.cpp	struct	0	14	13	7	3								2																																	
null	legacy	cpp	H	p03164.cpp	struct						s1	4						2															0.495	0.04	0.0																
null	legacy	cpp	H	p03164.cpp	struct						s1	8						2															0.546	0.04	0.0																
null	legacy	cpp	H	p03164.cpp	struct						s2	4						2															0.566	0.02	0.0																
null	legacy	cpp	H	p03164.cpp	struct						s2	8						2															0.549	0.04	0.0																
capacity	legacy	cpp	H	p03266.cpp	tok	0	8	7	5	5								4																																	
null	legacy	cpp	H	p03266.cpp	tok						s1	4						4															0.459	0.06	0.0																
null	legacy	cpp	H	p03266.cpp	tok						s1	8						4															0.436	0.1	0.0																
null	legacy	cpp	H	p03266.cpp	tok						s2	4						4															0.519	0.06	0.0																
null	legacy	cpp	H	p03266.cpp	tok						s2	8						4															0.509	0.04	0.0																
capacity	legacy	cpp	H	p03266.cpp	struct	0	8	7	2	2								1																																	
null	legacy	cpp	H	p03266.cpp	struct						s1	4						1															0.489	0.04	0.0																
null	legacy	cpp	H	p03266.cpp	struct						s1	8						1															0.537	0.02	0.0																
null	legacy	cpp	H	p03266.cpp	struct						s2	4						1															0.554	0.04	0.0																
null	legacy	cpp	H	p03266.cpp	struct						s2	8						1															0.516	0.02	0.0																
capacity	legacy	cpp	H	p03430.cpp	tok	0	19	18	14	7								6																																	
null	legacy	cpp	H	p03430.cpp	tok						s1	4						6															0.455	0.04	0.0																
null	legacy	cpp	H	p03430.cpp	tok						s1	8						6															0.488	0.04	0.0																
null	legacy	cpp	H	p03430.cpp	tok						s2	4						6															0.474	0.08	0.0																
null	legacy	cpp	H	p03430.cpp	tok						s2	8						6															0.468	0.16	0.0																
capacity	legacy	cpp	H	p03430.cpp	struct	0	19	18	14	4								3																																	
null	legacy	cpp	H	p03430.cpp	struct						s1	4						3															0.514	0.04	0.0																
null	legacy	cpp	H	p03430.cpp	struct						s1	8						3															0.473	0.08	0.0																
null	legacy	cpp	H	p03430.cpp	struct						s2	4						3															0.489	0.02	0.0																
null	legacy	cpp	H	p03430.cpp	struct						s2	8						3															0.476	0.04	0.0																
capacity	legacy	cpp	H	p03433.cpp	tok	0	12	11	6	6								2																																	
null	legacy	cpp	H	p03433.cpp	tok						s1	4						2															0.538	0.06	0.0																
null	legacy	cpp	H	p03433.cpp	tok						s1	8						2															0.459	0.0	0.0																
null	legacy	cpp	H	p03433.cpp	tok						s2	4						2															0.43	0.12	0.0																
null	legacy	cpp	H	p03433.cpp	tok						s2	8						2															0.501	0.08	0.0																
capacity	legacy	cpp	H	p03433.cpp	struct	0	12	11	5	4								3																																	
null	legacy	cpp	H	p03433.cpp	struct						s1	4						3															0.464	0.12	0.0																
null	legacy	cpp	H	p03433.cpp	struct						s1	8						3															0.56	0.0	0.0																
null	legacy	cpp	H	p03433.cpp	struct						s2	4						3															0.495	0.04	0.0																
null	legacy	cpp	H	p03433.cpp	struct						s2	8						3															0.464	0.04	0.0																
capacity	legacy	cpp	H	p03434.cpp	tok	0	29	29	27	22								9																																	
null	legacy	cpp	H	p03434.cpp	tok						s1	4						9															0.464	0.04	0.0																
null	legacy	cpp	H	p03434.cpp	tok						s1	8						9															0.463	0.1	0.0																
null	legacy	cpp	H	p03434.cpp	tok						s2	4						9															0.511	0.04	0.1																
null	legacy	cpp	H	p03434.cpp	tok						s2	8						9															0.473	0.06	0.0																
capacity	legacy	cpp	H	p03434.cpp	struct	0	29	29	23	15								9																																	
null	legacy	cpp	H	p03434.cpp	struct						s1	4						9															0.457	0.06	0.0																
null	legacy	cpp	H	p03434.cpp	struct						s1	8						9															0.462	0.04	0.0																
null	legacy	cpp	H	p03434.cpp	struct						s2	4						9															0.541	0.08	0.0																
null	legacy	cpp	H	p03434.cpp	struct						s2	8						9															0.5	0.06	0.0																
capacity	legacy	cpp	H	p03454.cpp	tok	2	32	31	28	26								21																																	
null	legacy	cpp	H	p03454.cpp	tok						s1	4						21															0.456	0.06	0.0																
null	legacy	cpp	H	p03454.cpp	tok						s1	8						21															0.473	0.06	0.1																
null	legacy	cpp	H	p03454.cpp	tok						s2	4						21															0.508	0.04	0.0																
null	legacy	cpp	H	p03454.cpp	tok						s2	8						21															0.473	0.1	0.0																
capacity	legacy	cpp	H	p03454.cpp	struct	2	32	31	24	19								13																																	
null	legacy	cpp	H	p03454.cpp	struct						s1	4						13															0.509	0.06	0.0																
null	legacy	cpp	H	p03454.cpp	struct						s1	8						13															0.497	0.06	0.0																
null	legacy	cpp	H	p03454.cpp	struct						s2	4						13															0.525	0.1	0.0																
null	legacy	cpp	H	p03454.cpp	struct						s2	8						13															0.51	0.12	0.0																
capacity	legacy	cpp	H	p03459.cpp	tok	0	9	8	6	6								1																																	
null	legacy	cpp	H	p03459.cpp	tok						s1	4						1															0.542	0.04	0.0																
null	legacy	cpp	H	p03459.cpp	tok						s1	8						1															0.459	0.02	0.0																
null	legacy	cpp	H	p03459.cpp	tok						s2	4						1															0.474	0.02	0.0																
null	legacy	cpp	H	p03459.cpp	tok						s2	8						1															0.456	0.02	0.0																
capacity	legacy	cpp	H	p03459.cpp	struct	0	9	8	5	5								4																																	
null	legacy	cpp	H	p03459.cpp	struct						s1	4						4															0.533	0.04	0.0																
null	legacy	cpp	H	p03459.cpp	struct						s1	8						4															0.476	0.06	0.0																
null	legacy	cpp	H	p03459.cpp	struct						s2	4						4															0.485	0.06	0.0																
null	legacy	cpp	H	p03459.cpp	struct						s2	8						4															0.493	0.02	0.0																
capacity	legacy	cpp	H	p03582.cpp	tok	0	14	14	8	8								6																																	
null	legacy	cpp	H	p03582.cpp	tok						s1	4						6															0.472	0.04	0.0																
null	legacy	cpp	H	p03582.cpp	tok						s1	8						6															0.473	0.04	0.0																
null	legacy	cpp	H	p03582.cpp	tok						s2	4						6															0.51	0.04	0.0																
null	legacy	cpp	H	p03582.cpp	tok						s2	8						6															0.599	0.04	0.0																
capacity	legacy	cpp	H	p03582.cpp	struct	0	14	14	6	6								5																																	
null	legacy	cpp	H	p03582.cpp	struct						s1	4						5															0.466	0.06	0.0																
null	legacy	cpp	H	p03582.cpp	struct						s1	8						5															0.485	0.08	0.0																
null	legacy	cpp	H	p03582.cpp	struct						s2	4						5															0.528	0.02	0.0																
null	legacy	cpp	H	p03582.cpp	struct						s2	8						5															0.57	0.04	0.0																
capacity	legacy	javascript	G	p00134.js	tok	0	144	144	137	118																																									
embed	legacy	javascript	G	p00134.js	tok	0					s1	4	102	116	116	1	1	102	102	-14.45	1	-14.45	13.43	1.0	-30.71	4	0	2	0	8	0	0.46																			
embed	legacy	javascript	G	p00134.js	tok	0					s1	8	102	116	116	1	1	102	102	-14.45	1	-14.45	13.64	1.0	-30.71	8	0	8	0	8	0	0.45																			
embed	legacy	javascript	G	p00134.js	tok	0					s2	4	102	116	116	1	1	102	102	-30.71	1	-29.5	29.18	1.0	-30.71	4	0	0	1	8	1	0.79																			
embed	legacy	javascript	G	p00134.js	tok	0					s2	8	102	116	116	1	1	102	102	-30.71	1	-28.3	28.52	1.0	-30.71	8	0	0	0	8	0	1.1																			
capacity	legacy	javascript	G	p00134.js	struct	0	144	144	133	62																																									
embed	legacy	javascript	G	p00134.js	struct	0					s1	4	56	113	113	1	1	56	56	-8.13	1	-8.13	6.91	1.0	-16.86	4	0	1	0	8	0	0.42																			
embed	legacy	javascript	G	p00134.js	struct	0					s1	8	56	113	113	1	1	56	56	-8.13	1	-8.13	7.22	1.0	-16.86	8	0	3	0	8	1	0.41																			
embed	legacy	javascript	G	p00134.js	struct	0					s2	4	56	113	113	1	1	56	56	-16.86	1	-15.65	15.71	1.0	-16.86	4	0	0	0	8	0	0.4																			
embed	legacy	javascript	G	p00134.js	struct	0					s2	8	56	113	113	1	1	56	56	-16.86	1	-14.45	14.9	1.0	-16.86	8	0	0	0	8	0	0.81																			
capacity	legacy	javascript	G	p00202.js	tok	0	265	265	255	212																																									
embed	legacy	javascript	G	p00202.js	tok	0					s1	4	191	225	225	1	1	191	191	-28.3	1	-28.3	27.25	1.0	-57.5	4	0	3	0	8	0	1.58																			
embed	legacy	javascript	G	p00202.js	tok	0					s1	8	191	225	225	1	1	191	191	-28.3	1	-28.3	27.96	1.0	-57.5	8	0	8	0	8	0	1.15																			
embed	legacy	javascript	G	p00202.js	tok	0					s2	4	191	225	225	1	1	191	191	-57.5	1	-56.29	54.96	1.0	-57.5	4	0	0	1	8	1	1.15																			
embed	legacy	javascript	G	p00202.js	tok	0					s2	8	191	225	225	1	1	191	191	-57.5	1	-55.09	54.56	1.0	-57.5	8	0	0	2	8	1	2.79																			
capacity	legacy	javascript	G	p00202.js	struct	0	265	265	249	108																																									
embed	legacy	javascript	G	p00202.js	struct	0					s1	4	101	225	225	1	1	101	101	-17.76	1	-17.76	16.93	1.0	-30.4	4	0	0	0	8	0	1.13																			
embed	legacy	javascript	G	p00202.js	struct	0					s1	8	101	225	225	1	1	101	101	-17.76	1	-17.76	14.65	1.0	-30.4	8	1	5	2	8	1	1.16																			
embed	legacy	javascript	G	p00202.js	struct	0					s2	4	101	225	225	1	1	101	101	-30.4	1	-29.2	29.73	1.0	-30.4	4	0	0	0	8	0	1.55																			
embed	legacy	javascript	G	p00202.js	struct	0					s2	8	101	225	225	1	1	101	101	-30.4	1	-28.0	27.53	1.0	-30.4	8	0	0	0	8	0	1.8																			
capacity	legacy	javascript	G	p00353.js	tok	0	230	230	216	164																																									
embed	legacy	javascript	G	p00353.js	tok	0					s1	4	142	185	185	1	1	142	142	-21.67	1	-21.67	20.47	1.0	-42.75	4	0	2	0	7	1	1.31																			
embed	legacy	javascript	G	p00353.js	tok	0					s1	8	142	185	185	1	1	142	142	-21.67	1	-21.67	20.99	1.0	-42.75	8	0	7	0	7	0	0.98																			
embed	legacy	javascript	G	p00353.js	tok	0					s2	4	142	185	185	1	1	142	142	-42.75	1	-41.54	42.0	1.0	-42.75	4	0	0	0	7	0	1.1																			
embed	legacy	javascript	G	p00353.js	tok	0					s2	8	142	185	185	1	1	142	142	-42.75	1	-40.34	40.61	1.0	-42.75	8	0	0	0	7	0	2.29																			
capacity	legacy	javascript	G	p00353.js	struct	0	230	230	212	100																																									
embed	legacy	javascript	G	p00353.js	struct	0					s1	4	89	185	185	1	1	89	89	-15.05	1	-15.05	13.83	1.0	-26.79	4	0	0	0	7	0	1.02																			
embed	legacy	javascript	G	p00353.js	struct	0					s1	8	89	185	185	1	1	89	89	-15.05	1	-15.05	14.43	1.0	-26.79	8	0	3	0	7	0	0.91																			
embed	legacy	javascript	G	p00353.js	struct	0					s2	4	89	185	185	1	1	89	89	-26.79	1	-25.59	25.63	1.0	-26.79	4	0	0	0	7	0	0.97																			
embed	legacy	javascript	G	p00353.js	struct	0					s2	8	89	185	185	1	1	89	89	-26.79	1	-24.38	23.94	1.0	-26.79	8	0	0	0	7	1	1.61																			
capacity	legacy	javascript	G	p00992.js	tok	0	217	217	204	161																																									
embed	legacy	javascript	G	p00992.js	tok	0					s1	4	136	167	167	1	1	136	136	-17.46	1	-17.46	17.11	1.0	-40.94	4	0	3	0	8	0	0.75																			
embed	legacy	javascript	G	p00992.js	tok	0					s1	8	136	167	167	1	1	136	136	-17.46	1	-17.46	14.51	1.0	-40.94	8	0	8	2	8	0	1.1																			
embed	legacy	javascript	G	p00992.js	tok	0					s2	4	136	167	167	1	1	136	136	-40.94	1	-39.74	39.32	1.0	-40.94	4	0	0	1	8	1	0.77																			
embed	legacy	javascript	G	p00992.js	tok	0					s2	8	136	167	167	1	1	136	136	-40.94	1	-38.53	38.52	1.0	-40.94	8	0	0	0	8	0	1.67																			
capacity	legacy	javascript	G	p00992.js	struct	0	217	217	194	91																																									
embed	legacy	javascript	G	p00992.js	struct	0					s1	4	83	162	162	1	1	83	83	-11.44	1	-11.44	10.76	1.0	-24.99	4	0	1	0	8	0	0.77																			
embed	legacy	javascript	G	p00992.js	struct	0					s1	8	83	162	162	1	1	83	83	-11.44	1	-11.44	10.94	1.0	-24.99	8	0	7	0	8	0	0.68																			
embed	legacy	javascript	G	p00992.js	struct	0					s2	4	83	162	162	1	1	83	83	-24.99	1	-23.78	24.26	1.0	-24.99	4	0	0	0	8	0	0.73																			
embed	legacy	javascript	G	p00992.js	struct	0					s2	8	83	162	162	1	1	83	83	-24.99	1	-22.58	22.87	1.0	-24.99	8	0	0	0	8	0	1.62																			
capacity	legacy	javascript	G	p01371.js	tok	0	197	197	185	144																																									
embed	legacy	javascript	G	p01371.js	tok	0					s1	4	125	157	157	1	1	125	125	-18.96	1	-18.96	18.57	1.0	-37.63	4	0	1	0	7	0	0.76																			
embed	legacy	javascript	G	p01371.js	tok	0					s1	8	125	157	157	1	1	125	125	-18.96	1	-18.96	16.01	1.0	-37.63	8	0	8	1	8	1	0.89																			
embed	legacy	javascript	G	p01371.js	tok	0					s2	4	125	157	157	1	1	125	125	-37.63	1	-36.42	36.36	1.0	-37.63	4	0	0	0	7	0	0.87																			
embed	legacy	javascript	G	p01371.js	tok	0					s2	8	125	157	157	1	1	125	125	-37.63	1	-35.22	35.41	1.0	-37.63	8	0	0	0	8	0	2.01																			
capacity	legacy	javascript	G	p01371.js	struct	0	197	197	174	80																																									
embed	legacy	javascript	G	p01371.js	struct	0					s1	4	68	147	147	1	1	68	68	-9.03	1	-9.03	7.72	1.0	-20.47	4	0	0	1	7	0	0.78																			
embed	legacy	javascript	G	p01371.js	struct	0					s1	8	68	147	147	1	1	68	68	-9.03	1	-9.03	8.29	1.0	-20.47	8	0	5	0	8	0	0.9																			
embed	legacy	javascript	G	p01371.js	struct	0					s2	4	68	147	147	1	1	68	68	-20.47	1	-19.27	18.75	1.0	-20.47	4	0	0	0	7	0	0.74																			
embed	legacy	javascript	G	p01371.js	struct	0					s2	8	68	147	147	1	1	68	68	-20.47	1	-18.06	18.18	1.0	-20.47	8	0	0	1	8	0	1.31																			
capacity	legacy	javascript	G	p01457.js	tok	0	149	149	143	124																																									
embed	legacy	javascript	G	p01457.js	tok	0					s1	4	108	120	120	1	1	108	108	-15.05	1	-15.05	14.43	1.0	-32.51	4	0	2	0	8	0	0.37																			
embed	legacy	javascript	G	p01457.js	tok	0					s1	8	108	120	120	1	1	108	108	-15.05	1	-15.05	13.56	1.0	-32.51	8	0	8	1	8	1	0.37																			
embed	legacy	javascript	G	p01457.js	tok	0					s2	4	108	120	120	1	1	108	108	-32.51	1	-31.31	31.38	1.0	-32.51	4	0	0	0	8	0	0.43																			
embed	legacy	javascript	G	p01457.js	tok	0					s2	8	108	120	120	1	1	108	108	-32.51	1	-30.1	30.17	1.0	-32.51	8	0	0	1	8	0	1.05																			
capacity	legacy	javascript	G	p01457.js	struct	0	149	149	140	80																																									
embed	legacy	javascript	G	p01457.js	struct	0					s1	4	70	117	117	1	1	70	70	-10.54	1	-10.54	10.1	1.0	-21.07	4	0	0	0	8	0	0.73																			
embed	legacy	javascript	G	p01457.js	struct	0					s1	8	70	117	117	1	1	70	70	-10.54	1	-10.54	8.46	1.0	-21.07	8	0	5	1	8	0	0.33																			
embed	legacy	javascript	G	p01457.js	struct	0					s2	4	70	117	117	1	1	70	70	-21.07	1	-19.87	18.52	1.0	-21.07	4	0	0	0	8	1	0.42																			
embed	legacy	javascript	G	p01457.js	struct	0					s2	8	70	117	117	1	1	70	70	-21.07	1	-18.66	18.83	1.0	-21.07	8	0	0	0	8	0	0.82																			
capacity	legacy	javascript	G	p02236.js	tok	0	160	160	149	108																																									
embed	legacy	javascript	G	p02236.js	tok	0					s1	4	97	128	128	1	1	97	97	-14.15	1	-14.15	13.94	1.0	-29.2	4	0	0	0	8	0	0.67																			
embed	legacy	javascript	G	p02236.js	tok	0					s1	8	97	128	128	1	1	97	97	-14.15	1	-14.15	12.12	1.0	-29.2	8	0	7	1	8	0	0.7																			
embed	legacy	javascript	G	p02236.js	tok	0					s2	4	97	128	128	1	1	97	97	-29.2	1	-28.0	27.73	1.0	-29.2	4	0	0	0	8	0	0.67																			
embed	legacy	javascript	G	p02236.js	tok	0					s2	8	97	128	128	1	1	97	97	-29.2	1	-26.79	27.06	1.0	-29.2	8	0	0	0	8	1	1.67																			
capacity	legacy	javascript	G	p02236.js	struct	0	160	160	140	62																																									
embed	legacy	javascript	G	p02236.js	struct	0					s1	4	57	121	121	1	1	57	57	-8.73	1	-8.73	8.43	1.0	-17.16	4	0	0	0	8	0	0.67																			
embed	legacy	javascript	G	p02236.js	struct	0					s1	8	57	121	121	1	1	57	57	-8.73	1	-8.73	7.56	1.0	-17.16	8	0	5	0	8	0	0.69																			
embed	legacy	javascript	G	p02236.js	struct	0					s2	4	57	121	121	1	1	57	57	-17.16	1	-15.95	16.49	1.0	-17.16	4	0	0	0	8	0	0.69																			
embed	legacy	javascript	G	p02236.js	struct	0					s2	8	57	121	121	1	1	57	57	-17.16	1	-14.75	15.07	1.0	-17.16	8	0	0	0	8	0	1.0																			
capacity	legacy	javascript	G	p02657.js	tok	0	226	226	216	175																																									
embed	legacy	javascript	G	p02657.js	tok	0					s1	4	140	174	174	1	1	140	140	-21.07	1	-21.07	19.85	1.0	-42.14	4	0	3	0	7	0	0.82																			
embed	legacy	javascript	G	p02657.js	tok	0					s1	8	140	174	174	1	1	140	140	-21.07	1	-21.07	19.39	1.0	-42.14	8	0	8	1	8	1	0.91																			
embed	legacy	javascript	G	p02657.js	tok	0					s2	4	140	174	174	1	1	140	140	-42.14	1	-40.94	41.02	1.0	-42.14	4	0	0	0	7	0	0.92																			
embed	legacy	javascript	G	p02657.js	tok	0					s2	8	140	174	174	1	1	140	140	-42.14	1	-39.74	39.99	1.0	-42.14	8	0	0	0	8	0	1.94																			
capacity	legacy	javascript	G	p02657.js	struct	0	226	226	206	80																																									
embed	legacy	javascript	G	p02657.js	struct	0					s1	4	69	167	167	1	1	69	69	-10.84	1	-10.84	10.33	1.0	-20.77	4	0	1	0	7	0	1.28																			
embed	legacy	javascript	G	p02657.js	struct	0					s1	8	69	167	167	1	1	69	69	-10.84	1	-10.54	9.66	1.0	-20.77	8	0	3	0	8	0	0.87																			
embed	legacy	javascript	G	p02657.js	struct	0					s2	4	69	167	167	1	1	69	69	-20.77	1	-19.57	19.83	1.0	-20.77	4	0	0	0	7	0	1.08																			
embed	legacy	javascript	G	p02657.js	struct	0					s2	8	69	167	167	1	1	69	69	-20.77	1	-18.36	18.94	1.0	-20.77	8	0	0	0	8	0	1.47																			
capacity	legacy	javascript	G	p02781.js	tok	0	239	239	210	180																																									
embed	legacy	javascript	G	p02781.js	tok	0					s1	4	148	164	164	1	1	148	148	-23.18	1	-23.18	22.88	1.0	-44.55	4	0	1	0	8	1	1.08																			
embed	legacy	javascript	G	p02781.js	tok	0					s1	8	148	164	164	1	1	148	148	-23.18	1	-23.18	21.71	1.0	-44.55	8	0	7	1	8	0	1.11																			
embed	legacy	javascript	G	p02781.js	tok	0					s2	4	148	164	164	1	1	148	148	-44.55	1	-43.35	43.59	1.0	-44.55	4	0	0	0	8	0	1.07																			
embed	legacy	javascript	G	p02781.js	tok	0					s2	8	148	164	164	1	1	148	148	-44.55	1	-42.14	41.6	1.0	-44.55	8	0	0	0	8	0	2.61																			
capacity	legacy	javascript	G	p02781.js	struct	0	239	239	203	105																																									
embed	legacy	javascript	G	p02781.js	struct	0					s1	4	91	157	157	1	1	91	91	-11.14	1	-11.14	10.35	1.0	-27.39	4	0	3	0	8	1	1.13																			
embed	legacy	javascript	G	p02781.js	struct	0					s1	8	91	157	157	1	1	91	91	-11.14	1	-11.14	9.83	1.0	-27.39	8	0	7	1	8	0	1.12																			
embed	legacy	javascript	G	p02781.js	struct	0					s2	4	91	157	157	1	1	91	91	-27.39	1	-26.19	26.06	1.0	-27.39	4	0	0	0	8	1	1.1																			
embed	legacy	javascript	G	p02781.js	struct	0					s2	8	91	157	157	1	1	91	91	-27.39	1	-24.99	24.59	1.0	-27.39	8	0	0	0	8	0	1.72																			
capacity	legacy	javascript	G	p02795.js	tok	0	177	177	167	136																																									
embed	legacy	javascript	G	p02795.js	tok	0					s1	4	113	138	138	1	1	113	113	-16.56	1	-16.56	16.26	1.0	-34.02	4	0	0	0	8	0	0.54																			
embed	legacy	javascript	G	p02795.js	tok	0					s1	8	113	138	138	1	1	113	113	-16.56	1	-16.56	14.73	1.0	-34.02	8	0	7	1	8	0	0.63																			
embed	legacy	javascript	G	p02795.js	tok	0					s2	4	113	138	138	1	1	113	113	-34.02	1	-32.81	32.09	1.0	-34.02	4	0	0	1	8	2	0.68																			
embed	legacy	javascript	G	p02795.js	tok	0					s2	8	113	138	138	1	1	113	113	-34.02	1	-31.61	31.63	1.0	-34.02	8	0	0	2	8	1	1.38																			
capacity	legacy	javascript	G	p02795.js	struct	0	177	177	155	72																																									
embed	legacy	javascript	G	p02795.js	struct	0					s1	4	62	130	130	1	1	62	62	-9.63	1	-9.63	9.27	1.0	-18.66	4	0	1	0	8	0	0.53																			
embed	legacy	javascript	G	p02795.js	struct	0					s1	8	62	130	130	1	1	62	62	-9.63	1	-9.63	8.67	1.0	-18.66	8	0	4	0	8	0	0.55																			
embed	legacy	javascript	G	p02795.js	struct	0					s2	4	62	130	130	1	1	62	62	-18.66	1	-17.46	17.57	1.0	-18.66	4	0	0	0	8	0	0.66																			
embed	legacy	javascript	G	p02795.js	struct	0					s2	8	62	130	130	1	1	62	62	-18.66	1	-16.26	15.86	1.0	-18.66	8	0	0	0	8	0	1.19																			
capacity	legacy	javascript	G	p02917.js	tok	0	183	183	175	139																																									
embed	legacy	javascript	G	p02917.js	tok	0					s1	4	120	144	144	1	1	120	120	-20.17	1	-20.17	19.21	1.0	-36.12	4	0	2	0	6	0	0.59																			
embed	legacy	javascript	G	p02917.js	tok	0					s1	8	120	144	144	1	1	120	120	-20.17	1	-20.17	19.77	1.0	-36.12	8	0	6	0	8	0	0.95																			
embed	legacy	javascript	G	p02917.js	tok	0					s2	4	120	144	144	1	1	120	120	-36.12	1	-34.92	34.74	1.0	-36.12	4	0	0	0	6	0	0.62																			
embed	legacy	javascript	G	p02917.js	tok	0					s2	8	120	144	144	1	1	120	120	-36.12	1	-33.72	33.47	1.0	-36.12	8	0	0	1	8	0	1.49																			
capacity	legacy	javascript	G	p02917.js	struct	0	183	183	173	81																																									
embed	legacy	javascript	G	p02917.js	struct	0					s1	4	71	142	142	1	1	71	71	-11.14	1	-11.14	9.51	1.0	-21.37	4	0	2	2	6	0	0.56																			
embed	legacy	javascript	G	p02917.js	struct	0					s1	8	71	142	142	1	1	71	71	-11.14	1	-11.14	9.83	1.0	-21.37	8	0	4	2	8	0	0.71																			
embed	legacy	javascript	G	p02917.js	struct	0					s2	4	71	142	142	1	1	71	71	-21.37	1	-20.17	20.26	1.0	-21.37	4	0	0	0	6	0	0.73																			
embed	legacy	javascript	G	p02917.js	struct	0					s2	8	71	142	142	1	1	71	71	-21.37	1	-18.96	19.58	1.0	-21.37	8	0	0	0	8	0	1.23																			
capacity	legacy	javascript	G	p02956.js	tok	0	289	289	265	214																																									
embed	legacy	javascript	G	p02956.js	tok	0					s1	4	191	226	226	1	1	191	191	-29.2	1	-29.2	27.73	1.0	-57.5	4	0	1	1	7	0	2.49																			
embed	legacy	javascript	G	p02956.js	tok	0					s1	8	191	226	226	1	1	191	191	-29.2	1	-29.2	28.09	1.0	-57.5	8	0	8	0	8	0	2.29																			
embed	legacy	javascript	G	p02956.js	tok	0					s2	4	191	226	226	1	1	191	191	-57.5	1	-56.29	56.48	1.0	-57.5	4	0	0	0	7	0	2.67																			
embed	legacy	javascript	G	p02956.js	tok	0					s2	8	191	226	226	1	1	191	191	-57.5	1	-55.09	54.96	1.0	-57.5	8	0	0	1	8	0	3.51																			
capacity	legacy	javascript	G	p02956.js	struct	0	289	289	257	114																																									
embed	legacy	javascript	G	p02956.js	struct	0					s1	4	106	222	222	1	1	106	106	-15.05	1	-15.05	14.87	1.0	-31.91	4	0	0	0	7	0	2.2																			
embed	legacy	javascript	G	p02956.js	struct	0					s1	8	106	222	222	1	1	106	106	-15.05	1	-15.05	14.58	1.0	-31.91	8	0	7	0	8	1	1.97																			
embed	legacy	javascript	G	p02956.js	struct	0					s2	4	106	222	222	1	1	106	106	-31.91	1	-30.71	30.92	1.0	-31.91	4	0	0	0	7	0	2.65																			
embed	legacy	javascript	G	p02956.js	struct	0					s2	8	106	222	222	1	1	106	106	-31.91	1	-29.5	30.01	1.0	-31.91	8	0	0	0	8	0	2.76																			
capacity	legacy	javascript	G	p03164.js	tok	0	250	250	236	186																																									
embed	legacy	javascript	G	p03164.js	tok	0					s1	4	160	196	196	1	1	160	160	-25.59	1	-25.59	25.29	1.0	-48.16	4	0	3	0	7	0	1.2																			
embed	legacy	javascript	G	p03164.js	tok	0					s1	8	160	196	196	1	1	160	160	-25.59	1	-25.59	24.87	1.0	-48.16	8	0	8	0	8	0	1.09																			
embed	legacy	javascript	G	p03164.js	tok	0					s2	4	160	196	196	1	1	160	160	-48.16	1	-46.96	46.54	1.0	-48.16	4	0	0	0	7	0	1.14																			
embed	legacy	javascript	G	p03164.js	tok	0					s2	8	160	196	196	1	1	160	160	-48.16	1	-45.76	45.81	1.0	-48.16	8	0	0	0	8	0	2.76																			
capacity	legacy	javascript	G	p03164.js	struct	0	250	250	226	93																																									
embed	legacy	javascript	G	p03164.js	struct	0					s1	4	83	187	187	1	1	83	83	-13.25	1	-13.25	12.41	1.0	-24.99	4	0	1	0	7	0	1.13																			
embed	legacy	javascript	G	p03164.js	struct	0					s1	8	83	187	187	1	1	83	83	-13.25	1	-12.94	12.41	1.0	-24.99	8	0	5	0	8	0	1.12																			
embed	legacy	javascript	G	p03164.js	struct	0					s2	4	83	187	187	1	1	83	83	-24.99	1	-23.78	24.12	1.0	-24.99	4	0	0	0	7	0	1.03																			
embed	legacy	javascript	G	p03164.js	struct	0					s2	8	83	187	187	1	1	83	83	-24.99	1	-22.58	22.59	1.0	-24.99	8	0	0	0	8	0	1.6																			
capacity	legacy	javascript	G	p03266.js	tok	0	161	161	154	132																																									
embed	legacy	javascript	G	p03266.js	tok	0					s1	4	109	127	127	1	1	109	109	-16.26	1	-16.26	15.08	1.0	-32.81	4	0	2	0	7	0	0.49																			
embed	legacy	javascript	G	p03266.js	tok	0					s1	8	109	127	127	1	1	109	109	-16.26	1	-16.26	14.25	1.0	-32.81	8	0	7	2	8	1	0.56																			
embed	legacy	javascript	G	p03266.js	tok	0					s2	4	109	127	127	1	1	109	109	-32.81	1	-31.61	31.25	1.0	-32.81	4	0	0	0	7	0	0.55																			
embed	legacy	javascript	G	p03266.js	tok	0					s2	8	109	127	127	1	1	109	109	-32.81	1	-30.4	31.05	1.0	-32.81	8	0	0	0	8	0	1.22																			
capacity	legacy	javascript	G	p03266.js	struct	0	161	161	145	72																																									
embed	legacy	javascript	G	p03266.js	struct	0					s1	4	60	124	124	1	1	60	60	-9.03	1	-9.03	7.72	1.0	-18.06	4	0	0	1	7	0	0.59																			
embed	legacy	javascript	G	p03266.js	struct	0					s1	8	60	124	124	1	1	60	60	-9.03	1	-9.03	8.5	1.0	-18.06	8	0	2	0	8	0	0.53																			
embed	legacy	javascript	G	p03266.js	struct	0					s2	4	60	124	124	1	1	60	60	-18.06	1	-16.86	16.73	1.0	-18.06	4	0	0	0	7	0	0.5																			
embed	legacy	javascript	G	p03266.js	struct	0					s2	8	60	124	124	1	1	60	60	-18.06	1	-15.65	15.89	1.0	-18.06	8	0	0	0	8	1	0.92																			
capacity	legacy	javascript	G	p03430.js	tok	0	278	278	264	185																																									
embed	legacy	javascript	G	p03430.js	tok	0					s1	4	165	214	214	1	1	165	165	-23.48	1	-23.48	21.41	1.0	-49.67	4	0	3	1	8	0	2.41																			
embed	legacy	javascript	G	p03430.js	tok	0					s1	8	165	214	214	1	1	165	165	-23.48	1	-23.48	22.81	1.0	-49.67	8	0	8	0	8	1	2.03																			
embed	legacy	javascript	G	p03430.js	tok	0					s2	4	165	214	214	1	1	165	165	-49.67	1	-48.47	48.7	1.0	-49.67	4	0	0	0	8	0	2.38																			
embed	legacy	javascript	G	p03430.js	tok	0					s2	8	165	214	214	1	1	165	165	-49.67	1	-47.26	47.47	1.0	-49.67	8	0	0	0	8	0	2.98																			
capacity	legacy	javascript	G	p03430.js	struct	0	278	278	258	118																																									
embed	legacy	javascript	G	p03430.js	struct	0					s1	4	109	208	208	1	1	109	109	-15.65	1	-15.65	15.3	1.0	-32.81	4	0	1	0	8	0	1.82																			
embed	legacy	javascript	G	p03430.js	struct	0					s1	8	109	208	208	1	1	109	109	-15.65	1	-15.65	14.45	1.0	-32.81	8	0	8	0	8	0	1.75																			
embed	legacy	javascript	G	p03430.js	struct	0					s2	4	109	208	208	1	1	109	109	-32.81	1	-31.61	31.61	1.0	-32.81	4	0	0	0	8	0	2.43																			
embed	legacy	javascript	G	p03430.js	struct	0					s2	8	109	208	208	1	1	109	109	-32.81	1	-30.4	30.36	1.0	-32.81	8	0	0	0	8	1	2.58																			
capacity	legacy	javascript	G	p03433.js	tok	0	154	154	147	109																																									
embed	legacy	javascript	G	p03433.js	tok	0					s1	4	91	114	114	1	1	91	91	-13.25	1	-13.25	12.99	1.0	-27.39	4	0	0	0	8	1	0.47																			
embed	legacy	javascript	G	p03433.js	tok	0					s1	8	91	114	114	1	1	91	91	-13.25	1	-13.25	11.3	1.0	-27.39	8	0	6	1	8	0	0.45																			
embed	legacy	javascript	G	p03433.js	tok	0					s2	4	91	114	114	1	1	91	91	-27.39	1	-26.19	25.86	1.0	-27.39	4	0	0	1	8	2	0.94																			
embed	legacy	javascript	G	p03433.js	tok	0					s2	8	91	114	114	1	1	91	91	-27.39	1	-24.99	24.59	1.0	-27.39	8	0	0	0	8	0	1.03																			
capacity	legacy	javascript	G	p03433.js	struct	0	154	154	143	70																																									
embed	legacy	javascript	G	p03433.js	struct	0					s1	4	60	112	112	1	1	60	60	-9.03	1	-9.03	8.66	1.0	-18.06	4	0	0	0	8	0	0.49																			
embed	legacy	javascript	G	p03433.js	struct	0					s1	8	60	112	112	1	1	60	60	-9.03	1	-9.03	8.03	1.0	-18.06	8	0	2	0	8	0	0.38																			
embed	legacy	javascript	G	p03433.js	struct	0					s2	4	60	112	112	1	1	60	60	-18.06	1	-16.86	17.15	1.0	-18.06	4	0	0	0	8	0	0.45																			
embed	legacy	javascript	G	p03433.js	struct	0					s2	8	60	112	112	1	1	60	60	-18.06	1	-15.65	16.2	1.0	-18.06	8	0	0	0	8	0	0.88																			
capacity	legacy	javascript	G	p03434.js	tok	0	319	319	303	227																																									
embed	legacy	javascript	G	p03434.js	tok	0					s1	4	194	257	257	1	1	194	194	-31.31	1	-31.31	30.58	1.0	-58.4	4	0	1	0	8	0	1.96																			
embed	legacy	javascript	G	p03434.js	tok	0					s1	8	194	257	257	1	1	194	194	-31.31	1	-31.31	30.58	1.0	-58.4	8	0	8	0	8	0	2.27																			
embed	legacy	javascript	G	p03434.js	tok	0					s2	4	194	257	257	1	1	194	194	-58.4	1	-57.2	57.09	1.0	-58.4	4	0	0	0	8	0	2.07																			
embed	legacy	javascript	G	p03434.js	tok	0					s2	8	194	257	257	1	1	194	194	-58.4	1	-55.99	56.17	1.0	-58.4	8	0	0	0	8	1	3.7																			
capacity	legacy	javascript	G	p03434.js	struct	0	319	319	297	98																																									
embed	legacy	javascript	G	p03434.js	struct	0					s1	4	86	252	252	1	1	86	86	-13.25	1	-13.25	12.19	1.0	-25.89	4	0	0	0	8	0	1.82																			
embed	legacy	javascript	G	p03434.js	struct	0					s1	8	86	252	252	1	1	86	86	-13.25	1	-13.25	11.3	1.0	-25.89	8	0	5	1	8	0	2.2																			
embed	legacy	javascript	G	p03434.js	struct	0					s2	4	86	252	252	1	1	86	86	-25.89	1	-24.68	24.61	1.0	-25.89	4	0	0	0	8	0	1.92																			
embed	legacy	javascript	G	p03434.js	struct	0					s2	8	86	252	252	1	1	86	86	-25.89	1	-23.48	22.79	1.0	-25.89	8	0	0	0	8	0	2.98																			
capacity	legacy	javascript	G	p03454.js	tok	0	214	214	196	165																																									
embed	legacy	javascript	G	p03454.js	tok	0					s1	4	133	152	152	1	1	133	133	-18.66	1	-18.66	18.21	1.0	-40.04	4	0	1	0	8	1	1.35																			
embed	legacy	javascript	G	p03454.js	tok	0					s1	8	133	152	152	1	1	133	133	-18.66	1	-18.66	17.57	1.0	-40.04	8	0	7	0	8	0	1.76																			
embed	legacy	javascript	G	p03454.js	tok	0					s2	4	133	152	152	1	1	133	133	-40.04	1	-38.83	38.95	1.0	-40.04	4	0	0	0	8	0	1.3																			
embed	legacy	javascript	G	p03454.js	tok	0					s2	8	133	152	152	1	1	133	133	-40.04	1	-37.63	37.46	1.0	-40.04	8	0	0	0	8	0	2.22																			
capacity	legacy	javascript	G	p03454.js	struct	0	214	214	192	88																																									
embed	legacy	javascript	G	p03454.js	struct	0					s1	4	75	149	149	1	1	75	75	-10.84	1	-10.84	10.47	1.0	-22.58	4	0	0	0	8	0	1.28																			
embed	legacy	javascript	G	p03454.js	struct	0					s1	8	75	149	149	1	1	75	75	-10.84	1	-10.84	9.66	1.0	-22.58	8	0	3	0	8	1	1.3																			
embed	legacy	javascript	G	p03454.js	struct	0					s2	4	75	149	149	1	1	75	75	-22.58	1	-21.37	21.3	1.0	-22.58	4	0	0	0	8	0	1.29																			
embed	legacy	javascript	G	p03454.js	struct	0					s2	8	75	149	149	1	1	75	75	-22.58	1	-20.17	19.99	1.0	-22.58	8	0	0	0	8	0	2.41																			
capacity	legacy	javascript	G	p03459.js	tok	0	332	332	312	215																																									
embed	legacy	javascript	G	p03459.js	tok	0					s1	4	180	260	260	1	1	180	180	-27.39	1	-27.39	25.86	1.0	-54.19	4	0	3	1	8	0	1.74																			
embed	legacy	javascript	G	p03459.js	tok	0					s1	8	180	260	260	1	1	180	180	-27.39	1	-27.39	26.41	1.0	-54.19	8	0	8	0	8	0	2.04																			
embed	legacy	javascript	G	p03459.js	tok	0					s2	4	180	260	260	1	1	180	180	-54.19	1	-52.98	51.22	1.0	-54.19	4	0	0	0	8	0	1.77																			
embed	legacy	javascript	G	p03459.js	tok	0					s2	8	180	260	260	1	1	180	180	-54.19	1	-51.78	51.43	1.0	-54.19	8	0	0	0	8	1	3.44																			
capacity	legacy	javascript	G	p03459.js	struct	0	332	332	308	128																																									
embed	legacy	javascript	G	p03459.js	struct	0					s1	4	113	260	260	1	1	113	113	-17.46	1	-17.46	17.2	1.0	-34.02	4	0	0	0	8	0	1.74																			
embed	legacy	javascript	G	p03459.js	struct	0					s1	8	113	260	260	1	1	113	113	-17.46	1	-17.46	16.53	1.0	-34.02	8	0	6	0	8	0	1.66																			
embed	legacy	javascript	G	p03459.js	struct	0					s2	4	113	260	260	1	1	113	113	-34.02	1	-32.81	32.99	1.0	-34.02	4	0	0	0	8	0	2.14																			
embed	legacy	javascript	G	p03459.js	struct	0					s2	8	113	260	260	1	1	113	113	-34.02	1	-31.61	31.86	1.0	-34.02	8	0	0	0	8	0	2.42																			
capacity	legacy	javascript	G	p03582.js	tok	0	264	264	251	191																																									
embed	legacy	javascript	G	p03582.js	tok	0					s1	4	163	203	203	1	1	163	163	-25.29	1	-25.29	24.63	1.0	-49.07	4	0	2	0	6	0	1.48																			
embed	legacy	javascript	G	p03582.js	tok	0					s1	8	163	203	203	1	1	163	163	-25.29	1	-25.29	23.78	1.0	-49.07	8	0	8	1	8	1	1.08																			
embed	legacy	javascript	G	p03582.js	tok	0					s2	4	163	203	203	1	1	163	163	-49.07	1	-47.86	47.69	1.0	-49.07	4	0	0	0	6	1	1.05																			
embed	legacy	javascript	G	p03582.js	tok	0					s2	8	163	203	203	1	1	163	163	-49.07	1	-46.66	46.84	1.0	-49.07	8	0	0	1	8	0	2.16																			
capacity	legacy	javascript	G	p03582.js	struct	0	264	264	240	112																																									
embed	legacy	javascript	G	p03582.js	struct	0					s1	4	99	202	202	1	1	99	99	-15.05	1	-15.05	14.58	1.0	-29.8	4	0	0	0	6	0	1.57																			
embed	legacy	javascript	G	p03582.js	struct	0					s1	8	99	202	202	1	1	99	99	-15.05	1	-15.05	14.06	1.0	-29.8	8	0	8	0	8	0	1.01																			
embed	legacy	javascript	G	p03582.js	struct	0					s2	4	99	202	202	1	1	99	99	-29.8	1	-28.6	28.53	1.0	-29.8	4	0	0	0	6	0	1.1																			
embed	legacy	javascript	G	p03582.js	struct	0					s2	8	99	202	202	1	1	99	99	-29.8	1	-27.39	26.57	1.0	-29.8	8	0	0	0	8	1	1.71																			
capacity	legacy	javascript	H	p00077.js	tok	0	9	9	8	8								8																																	
null	legacy	javascript	H	p00077.js	tok						s1	4						8															0.507	0.02	0.0																
null	legacy	javascript	H	p00077.js	tok						s1	8						8															0.499	0.04	0.0																
null	legacy	javascript	H	p00077.js	tok						s2	4						8															0.547	0.02	0.0																
null	legacy	javascript	H	p00077.js	tok						s2	8						8															0.535	0.04	0.0																
capacity	legacy	javascript	H	p00077.js	struct	0	9	9	8	8								8																																	
null	legacy	javascript	H	p00077.js	struct						s1	4						8															0.507	0.04	0.0																
null	legacy	javascript	H	p00077.js	struct						s1	8						8															0.513	0.06	0.0																
null	legacy	javascript	H	p00077.js	struct						s2	4						8															0.46	0.1	0.0																
null	legacy	javascript	H	p00077.js	struct						s2	8						8															0.478	0.08	0.0																
capacity	legacy	javascript	H	p00122.js	tok	0	36	36	32	27								24																																	
null	legacy	javascript	H	p00122.js	tok						s1	4						24															0.44	0.08	0.0																
null	legacy	javascript	H	p00122.js	tok						s1	8						24															0.523	0.02	0.0																
null	legacy	javascript	H	p00122.js	tok						s2	4						24															0.558	0.04	0.0																
null	legacy	javascript	H	p00122.js	tok						s2	8						24															0.449	0.08	0.1																
capacity	legacy	javascript	H	p00122.js	struct	0	36	36	31	20								19																																	
null	legacy	javascript	H	p00122.js	struct						s1	4						19															0.482	0.04	0.0																
null	legacy	javascript	H	p00122.js	struct						s1	8						19															0.511	0.04	0.0																
null	legacy	javascript	H	p00122.js	struct						s2	4						19															0.51	0.04	0.0																
null	legacy	javascript	H	p00122.js	struct						s2	8						19															0.515	0.04	0.0																
capacity	legacy	javascript	H	p00157.js	tok	0	35	35	34	27								25																																	
null	legacy	javascript	H	p00157.js	tok						s1	4						25															0.492	0.06	0.0																
null	legacy	javascript	H	p00157.js	tok						s1	8						25															0.524	0.02	0.0																
null	legacy	javascript	H	p00157.js	tok						s2	4						25															0.541	0.02	0.0																
null	legacy	javascript	H	p00157.js	tok						s2	8						25															0.445	0.06	0.0																
capacity	legacy	javascript	H	p00157.js	struct	0	35	35	32	20								18																																	
null	legacy	javascript	H	p00157.js	struct						s1	4						18															0.442	0.02	0.0																
null	legacy	javascript	H	p00157.js	struct						s1	8						18															0.523	0.02	0.0																
null	legacy	javascript	H	p00157.js	struct						s2	4						18															0.457	0.04	0.0																
null	legacy	javascript	H	p00157.js	struct						s2	8						18															0.529	0.04	0.0																
capacity	legacy	javascript	H	p00761.js	tok	0	29	29	22	20								20																																	
null	legacy	javascript	H	p00761.js	tok						s1	4						20															0.505	0.08	0.0																
null	legacy	javascript	H	p00761.js	tok						s1	8						20															0.52	0.04	0.0																
null	legacy	javascript	H	p00761.js	tok						s2	4						20															0.436	0.1	0.0																
null	legacy	javascript	H	p00761.js	tok						s2	8						20															0.497	0.0	0.0																
capacity	legacy	javascript	H	p00761.js	struct	0	29	29	21	19								19																																	
null	legacy	javascript	H	p00761.js	struct						s1	4						19															0.519	0.02	0.0																
null	legacy	javascript	H	p00761.js	struct						s1	8						19															0.449	0.04	0.0																
null	legacy	javascript	H	p00761.js	struct						s2	4						19															0.442	0.12	0.0																
null	legacy	javascript	H	p00761.js	struct						s2	8						19															0.492	0.06	0.0																
capacity	legacy	javascript	H	p01760.js	tok	0	20	20	19	13								13																																	
null	legacy	javascript	H	p01760.js	tok						s1	4						13															0.499	0.04	0.2																
null	legacy	javascript	H	p01760.js	tok						s1	8						13															0.47	0.02	0.1																
null	legacy	javascript	H	p01760.js	tok						s2	4						13															0.504	0.02	0.0																
null	legacy	javascript	H	p01760.js	tok						s2	8						13															0.553	0.08	0.0																
capacity	legacy	javascript	H	p01760.js	struct	0	20	20	19	12								12																																	
null	legacy	javascript	H	p01760.js	struct						s1	4						12															0.49	0.02	0.0																
null	legacy	javascript	H	p01760.js	struct						s1	8						12															0.519	0.04	0.0																
null	legacy	javascript	H	p01760.js	struct						s2	4						12															0.496	0.06	0.0																
null	legacy	javascript	H	p01760.js	struct						s2	8						12															0.543	0.02	0.0																
capacity	legacy	javascript	H	p02234.js	tok	0	25	25	23	22								21																																	
null	legacy	javascript	H	p02234.js	tok						s1	4						21															0.535	0.06	0.0																
null	legacy	javascript	H	p02234.js	tok						s1	8						21															0.578	0.02	0.0																
null	legacy	javascript	H	p02234.js	tok						s2	4						21															0.567	0.04	0.0																
null	legacy	javascript	H	p02234.js	tok						s2	8						21															0.538	0.02	0.0																
capacity	legacy	javascript	H	p02234.js	struct	0	25	25	18	15								15																																	
null	legacy	javascript	H	p02234.js	struct						s1	4						15															0.464	0.0	0.0																
null	legacy	javascript	H	p02234.js	struct						s1	8						15															0.512	0.02	0.0																
null	legacy	javascript	H	p02234.js	struct						s2	4						15															0.55	0.0	0.0																
null	legacy	javascript	H	p02234.js	struct						s2	8						15															0.523	0.02	0.0																
capacity	legacy	javascript	H	p02442.js	tok	0	19	19	18	11								10																																	
null	legacy	javascript	H	p02442.js	tok						s1	4						10															0.505	0.06	0.0																
null	legacy	javascript	H	p02442.js	tok						s1	8						10															0.514	0.04	0.0																
null	legacy	javascript	H	p02442.js	tok						s2	4						10															0.503	0.02	0.1																
null	legacy	javascript	H	p02442.js	tok						s2	8						10															0.443	0.06	0.0																
capacity	legacy	javascript	H	p02442.js	struct	0	19	19	18	11								10																																	
null	legacy	javascript	H	p02442.js	struct						s1	4						10															0.522	0.08	0.0																
null	legacy	javascript	H	p02442.js	struct						s1	8						10															0.545	0.04	0.0																
null	legacy	javascript	H	p02442.js	struct						s2	4						10															0.532	0.04	0.0																
null	legacy	javascript	H	p02442.js	struct						s2	8						10															0.463	0.04	0.0																
capacity	legacy	javascript	H	p02811.js	tok	0	6	6	6	6								6																																	
null	legacy	javascript	H	p02811.js	tok						s1	4						6															0.489	0.1	0.0																
null	legacy	javascript	H	p02811.js	tok						s1	8						6															0.535	0.08	0.0																
null	legacy	javascript	H	p02811.js	tok						s2	4						6															0.441	0.08	0.0																
null	legacy	javascript	H	p02811.js	tok						s2	8						6															0.525	0.06	0.0																
capacity	legacy	javascript	H	p02811.js	struct	0	6	6	6	6								6																																	
null	legacy	javascript	H	p02811.js	struct						s1	4						6															0.473	0.1	0.0																
null	legacy	javascript	H	p02811.js	struct						s1	8						6															0.455	0.02	0.0																
null	legacy	javascript	H	p02811.js	struct						s2	4						6															0.496	0.04	0.0																
null	legacy	javascript	H	p02811.js	struct						s2	8						6															0.488	0.02	0.0																
capacity	legacy	javascript	H	p02926.js	tok	0	87	86	83	62								50																																	
null	legacy	javascript	H	p02926.js	tok						s1	4						50															0.499	0.1	0.0																
null	legacy	javascript	H	p02926.js	tok						s1	8						50															0.563	0.02	0.0																
null	legacy	javascript	H	p02926.js	tok						s2	4						50															0.505	0.04	0.0																
null	legacy	javascript	H	p02926.js	tok						s2	8						50															0.512	0.08	0.0																
capacity	legacy	javascript	H	p02926.js	struct	0	87	86	77	44								40																																	
null	legacy	javascript	H	p02926.js	struct						s1	4						40															0.527	0.04	0.0																
null	legacy	javascript	H	p02926.js	struct						s1	8						40															0.554	0.0	0.0																
null	legacy	javascript	H	p02926.js	struct						s2	4						40															0.569	0.04	0.0																
null	legacy	javascript	H	p02926.js	struct						s2	8						40															0.408	0.08	0.0																
capacity	legacy	javascript	H	p02946.js	tok	0	15	15	15	14								13																																	
null	legacy	javascript	H	p02946.js	tok						s1	4						13															0.516	0.06	0.0																
null	legacy	javascript	H	p02946.js	tok						s1	8						13															0.49	0.04	0.0																
null	legacy	javascript	H	p02946.js	tok						s2	4						13															0.461	0.02	0.0																
null	legacy	javascript	H	p02946.js	tok						s2	8						13															0.453	0.06	0.1																
capacity	legacy	javascript	H	p02946.js	struct	0	15	15	13	12								11																																	
null	legacy	javascript	H	p02946.js	struct						s1	4						11															0.595	0.02	0.0																
null	legacy	javascript	H	p02946.js	struct						s1	8						11															0.524	0.04	0.0																
null	legacy	javascript	H	p02946.js	struct						s2	4						11															0.455	0.04	0.1																
null	legacy	javascript	H	p02946.js	struct						s2	8						11															0.529	0.02	0.0																
capacity	legacy	javascript	H	p03005.js	tok	0	6	6	6	6								5																																	
null	legacy	javascript	H	p03005.js	tok						s1	4						5															0.535	0.02	0.0																
null	legacy	javascript	H	p03005.js	tok						s1	8						5															0.507	0.06	0.0																
null	legacy	javascript	H	p03005.js	tok						s2	4						5															0.4	0.06	0.0																
null	legacy	javascript	H	p03005.js	tok						s2	8						5															0.555	0.04	0.0																
capacity	legacy	javascript	H	p03005.js	struct	0	6	6	6	6								5																																	
null	legacy	javascript	H	p03005.js	struct						s1	4						5															0.503	0.06	0.0																
null	legacy	javascript	H	p03005.js	struct						s1	8						5															0.496	0.12	0.0																
null	legacy	javascript	H	p03005.js	struct						s2	4						5															0.479	0.06	0.0																
null	legacy	javascript	H	p03005.js	struct						s2	8						5															0.484	0.04	0.0																
capacity	legacy	javascript	H	p03027.js	tok	0	66	66	62	45								35																																	
null	legacy	javascript	H	p03027.js	tok						s1	4						35															0.485	0.06	0.0																
null	legacy	javascript	H	p03027.js	tok						s1	8						35															0.421	0.06	0.1																
null	legacy	javascript	H	p03027.js	tok						s2	4						35															0.487	0.06	0.0																
null	legacy	javascript	H	p03027.js	tok						s2	8						35															0.474	0.06	0.0																
capacity	legacy	javascript	H	p03027.js	struct	0	66	66	57	35								31																																	
null	legacy	javascript	H	p03027.js	struct						s1	4						31															0.495	0.1	0.1																
null	legacy	javascript	H	p03027.js	struct						s1	8						31															0.502	0.12	0.0																
null	legacy	javascript	H	p03027.js	struct						s2	4						31															0.494	0.04	0.0																
null	legacy	javascript	H	p03027.js	struct						s2	8						31															0.54	0.02	0.0																
capacity	legacy	javascript	H	p03201.js	tok	0	28	28	28	25								22																																	
null	legacy	javascript	H	p03201.js	tok						s1	4						22															0.465	0.06	0.0																
null	legacy	javascript	H	p03201.js	tok						s1	8						22															0.479	0.02	0.0																
null	legacy	javascript	H	p03201.js	tok						s2	4						22															0.431	0.06	0.1																
null	legacy	javascript	H	p03201.js	tok						s2	8						22															0.49	0.04	0.0																
capacity	legacy	javascript	H	p03201.js	struct	0	28	28	26	21								19																																	
null	legacy	javascript	H	p03201.js	struct						s1	4						19															0.493	0.02	0.0																
null	legacy	javascript	H	p03201.js	struct						s1	8						19															0.527	0.04	0.0																
null	legacy	javascript	H	p03201.js	struct						s2	4						19															0.447	0.04	0.0																
null	legacy	javascript	H	p03201.js	struct						s2	8						19															0.527	0.08	0.0																
capacity	legacy	javascript	H	p03280.js	tok	0	8	8	7	7								7																																	
null	legacy	javascript	H	p03280.js	tok						s1	4						7															0.528	0.08	0.0																
null	legacy	javascript	H	p03280.js	tok						s1	8						7															0.427	0.12	0.0																
null	legacy	javascript	H	p03280.js	tok						s2	4						7															0.56	0.02	0.0																
null	legacy	javascript	H	p03280.js	tok						s2	8						7															0.53	0.04	0.0																
capacity	legacy	javascript	H	p03280.js	struct	0	8	8	6	6								6																																	
null	legacy	javascript	H	p03280.js	struct						s1	4						6															0.583	0.04	0.0																
null	legacy	javascript	H	p03280.js	struct						s1	8						6															0.527	0.02	0.0																
null	legacy	javascript	H	p03280.js	struct						s2	4						6															0.511	0.04	0.0																
null	legacy	javascript	H	p03280.js	struct						s2	8						6															0.492	0.04	0.0																
capacity	legacy	javascript	H	p03286.js	tok	0	15	15	14	14								11																																	
null	legacy	javascript	H	p03286.js	tok						s1	4						11															0.596	0.02	0.0																
null	legacy	javascript	H	p03286.js	tok						s1	8						11															0.523	0.04	0.1																
null	legacy	javascript	H	p03286.js	tok						s2	4						11															0.564	0.0	0.0																
null	legacy	javascript	H	p03286.js	tok						s2	8						11															0.511	0.1	0.0																
capacity	legacy	javascript	H	p03286.js	struct	0	15	15	14	14								11																																	
null	legacy	javascript	H	p03286.js	struct						s1	4						11															0.464	0.04	0.0																
null	legacy	javascript	H	p03286.js	struct						s1	8						11															0.43	0.06	0.0																
null	legacy	javascript	H	p03286.js	struct						s2	4						11															0.53	0.02	0.0																
null	legacy	javascript	H	p03286.js	struct						s2	8						11															0.579	0.02	0.0																
capacity	legacy	javascript	H	p03418.js	tok	0	64	64	63	50								47																																	
null	legacy	javascript	H	p03418.js	tok						s1	4						47															0.563	0.02	0.0																
null	legacy	javascript	H	p03418.js	tok						s1	8						47															0.457	0.08	0.0																
null	legacy	javascript	H	p03418.js	tok						s2	4						47															0.482	0.04	0.0																
null	legacy	javascript	H	p03418.js	tok						s2	8						47															0.574	0.04	0.0																
capacity	legacy	javascript	H	p03418.js	struct	0	64	64	60	45								42																																	
null	legacy	javascript	H	p03418.js	struct						s1	4						42															0.528	0.04	0.0																
null	legacy	javascript	H	p03418.js	struct						s1	8						42															0.526	0.06	0.0																
null	legacy	javascript	H	p03418.js	struct						s2	4						42															0.492	0.06	0.0																
null	legacy	javascript	H	p03418.js	struct						s2	8						42															0.494	0.04	0.2																
capacity	legacy	javascript	H	p03420.js	tok	0	46	46	44	36								35																																	
null	legacy	javascript	H	p03420.js	tok						s1	4						35															0.581	0.04	0.1																
null	legacy	javascript	H	p03420.js	tok						s1	8						35															0.465	0.02	0.0																
null	legacy	javascript	H	p03420.js	tok						s2	4						35															0.499	0.04	0.0																
null	legacy	javascript	H	p03420.js	tok						s2	8						35															0.584	0.06	0.1																
capacity	legacy	javascript	H	p03420.js	struct	0	46	46	43	33								32																																	
null	legacy	javascript	H	p03420.js	struct						s1	4						32															0.495	0.04	0.1																
null	legacy	javascript	H	p03420.js	struct						s1	8						32															0.449	0.14	0.1																
null	legacy	javascript	H	p03420.js	struct						s2	4						32															0.477	0.06	0.0																
null	legacy	javascript	H	p03420.js	struct						s2	8						32															0.477	0.06	0.1																
capacity	legacy	javascript	H	p03435.js	tok	0	56	56	54	36								29																																	
null	legacy	javascript	H	p03435.js	tok						s1	4						29															0.424	0.06	0.0																
null	legacy	javascript	H	p03435.js	tok						s1	8						29															0.498	0.12	0.1																
null	legacy	javascript	H	p03435.js	tok						s2	4						29															0.478	0.02	0.0																
null	legacy	javascript	H	p03435.js	tok						s2	8						29															0.524	0.06	0.0																
capacity	legacy	javascript	H	p03435.js	struct	0	56	56	49	30								28																																	
null	legacy	javascript	H	p03435.js	struct						s1	4						28															0.457	0.06	0.1																
null	legacy	javascript	H	p03435.js	struct						s1	8						28															0.489	0.12	0.1																
null	legacy	javascript	H	p03435.js	struct						s2	4						28															0.435	0.06	0.3																
null	legacy	javascript	H	p03435.js	struct						s2	8						28															0.479	0.0	0.1																
capacity	legacy	javascript	H	p03447.js	tok	0	16	16	16	14								11																																	
null	legacy	javascript	H	p03447.js	tok						s1	4						11															0.455	0.1	0.0																
null	legacy	javascript	H	p03447.js	tok						s1	8						11															0.491	0.06	0.0																
null	legacy	javascript	H	p03447.js	tok						s2	4						11															0.527	0.0	0.0																
null	legacy	javascript	H	p03447.js	tok						s2	8						11															0.445	0.08	0.0																
capacity	legacy	javascript	H	p03447.js	struct	0	16	16	13	10								10																																	
null	legacy	javascript	H	p03447.js	struct						s1	4						10															0.499	0.06	0.0																
null	legacy	javascript	H	p03447.js	struct						s1	8						10															0.474	0.04	0.0																
null	legacy	javascript	H	p03447.js	struct						s2	4						10															0.519	0.02	0.0																
null	legacy	javascript	H	p03447.js	struct						s2	8						10															0.533	0.02	0.0																
capacity	legacy	javascript	H	p03502.js	tok	0	18	18	17	15								14																																	
null	legacy	javascript	H	p03502.js	tok						s1	4						14															0.584	0.02	0.0																
null	legacy	javascript	H	p03502.js	tok						s1	8						14															0.481	0.08	0.0																
null	legacy	javascript	H	p03502.js	tok						s2	4						14															0.549	0.0	0.0																
null	legacy	javascript	H	p03502.js	tok						s2	8						14															0.54	0.04	0.0																
capacity	legacy	javascript	H	p03502.js	struct	0	18	18	16	14								13																																	
null	legacy	javascript	H	p03502.js	struct						s1	4						13															0.513	0.04	0.0																
null	legacy	javascript	H	p03502.js	struct						s1	8						13															0.448	0.06	0.0																
null	legacy	javascript	H	p03502.js	struct						s2	4						13															0.504	0.08	0.0																
null	legacy	javascript	H	p03502.js	struct						s2	8						13															0.47	0.12	0.0																
capacity	extended	python	G	p00134.py	tok	0	194	184	171	158																																									
embed	extended	python	G	p00134.py	tok	0					s1	4	89	98	98	2	1	89	89	-11.44	1	-11.44	10.94	1.0	-26.79	4	0	0	0	8	0	0.69																			
embed	extended	python	G	p00134.py	tok	0					s1	8	89	98	98	2	1	89	88	-11.14	1	-11.14	10.71	0.956	-24.84	8	0	5	0	8	0	0.67																			
embed	extended	python	G	p00134.py	tok	0					s2	4	89	98	98	2	1	89	89	-26.79	1	-25.59	25.8	0.956	-26.79	4	0	0	0	8	0	0.73																			
embed	extended	python	G	p00134.py	tok	0					s2	8	89	98	98	2	1	89	89	-26.79	1	-24.38	22.53	0.978	-26.79	8	0	0	1	8	0	1.31																			
capacity	extended	python	G	p00134.py	struct	0	194	184	171	102																																									
embed	extended	python	G	p00134.py	struct	0					s1	4	69	98	98	1	1	70	69	-8.69	1	-8.69	7.98	0.958	-19.22	4	0	0	0	8	0	0.59																			
embed	extended	python	G	p00134.py	struct	0					s1	8	69	98	98	2	1	69	69	-10.24	1	-10.24	9.02	1.0	-20.77	8	0	3	0	8	0	0.72																			
embed	extended	python	G	p00134.py	struct	0					s2	4	69	98	98	2	1	70	70	-21.07	1	-19.87	19.39	0.904	-21.07	4	0	0	0	8	1	0.6																			
embed	extended	python	G	p00134.py	struct	0					s2	8	69	98	98	2	1	69	68	-18.93	1	-16.52	16.81	0.944	-18.93	8	0	0	0	8	0	1.12																			
capacity	extended	python	G	p00202.py	tok	0	233	230	211	194																																									
embed	extended	python	G	p00202.py	tok	0					s1	4	113	123	123	2	1	113	111	-16.28	1	-16.28	15.54	0.915	-30.21	4	0	1	0	8	0	1.31																			
embed	extended	python	G	p00202.py	tok	0					s1	8	113	123	123	2	1	114	111	-15.69	1	-15.69	14.76	0.876	-28.92	8	0	7	0	8	0	1.03																			
embed	extended	python	G	p00202.py	tok	0					s2	4	113	123	123	1	1	116	111	-26.69	1	-25.49	25.75	0.924	-26.69	4	0	0	0	8	0	1.1																			
embed	extended	python	G	p00202.py	tok	0					s2	8	113	123	123	1	1	114	112	-30.5	1	-28.09	28.0	0.924	-30.5	8	0	0	1	8	1	1.8																			
capacity	extended	python	G	p00202.py	struct	0	233	230	211	114																																									
embed	extended	python	G	p00202.py	struct	0					s1	4	75	123	123	2	1	75	72	-11.74	1	-11.74	11.16	0.899	-17.73	4	0	0	0	8	1	1.09																			
embed	extended	python	G	p00202.py	struct	0					s1	8	75	123	123	1	1	76	73	-11.74	1	-11.74	11.16	0.911	-18.01	8	0	1	0	8	0	1.05																			
embed	extended	python	G	p00202.py	struct	0					s2	4	75	123	123	1	1	78	76	-19.99	1	-18.79	19.32	0.889	-19.99	4	0	0	0	8	0	1.01																			
embed	extended	python	G	p00202.py	struct	0					s2	8	75	123	123	1	1	78	75	-18.58	1	-16.17	16.22	0.866	-18.58	8	0	0	2	8	1	1.49																			
capacity	extended	python	G	p00353.py	tok	0	246	228	202	171																																									
embed	extended	python	G	p00353.py	tok	0					s1	4	107	127	127	2	1	106	102	-11.38	1	-11.38	11.2	0.902	-25.2	4	0	0	0	7	0	1.0																			
embed	extended	python	G	p00353.py	tok	0					s1	8	107	127	127	2	1	107	102	-8.68	1	-8.68	6.56	0.829	-24.16	8	0	7	1	8	4	1.04																			
embed	extended	python	G	p00353.py	tok	0					s2	4	107	127	127	1	1	108	103	-24.44	1	-23.24	23.15	0.87	-24.44	4	0	0	0	7	0	1.42																			
embed	extended	python	G	p00353.py	tok	0					s2	8	107	127	127	2	1	107	104	-26.9	1	-24.49	24.9	0.861	-26.9	8	0	0	1	8	1	1.69																			
capacity	extended	python	G	p00353.py	struct	0	246	228	201	109																																									
embed	extended	python	G	p00353.py	struct	0					s1	4	78	127	127	1	1	80	78	-8.85	1	-8.85	7.85	0.916	-20.57	4	0	1	0	7	1	1.03																			
embed	extended	python	G	p00353.py	struct	0					s1	8	78	127	127	2	1	78	77	-11.44	1	-11.44	10.76	0.904	-21.58	8	0	2	0	8	1	0.99																			
embed	extended	python	G	p00353.py	struct	0					s2	4	78	127	127	1	1	77	75	-19.7	1	-18.5	18.96	0.926	-19.7	4	0	0	0	7	0	0.9																			
embed	extended	python	G	p00353.py	struct	0					s2	8	78	127	127	2	1	79	73	-15.3	1	-12.89	13.11	0.893	-15.3	8	0	0	0	8	0	1.48																			
capacity	extended	python	G	p00992.py	tok	0	321	291	282	247																																									
embed	extended	python	G	p00992.py	tok	0					s1	4	136	152	152	1	1	136	135	-20.99	1	-20.99	20.17	0.943	-38.8	4	0	1	0	8	0	1.37																			
embed	extended	python	G	p00992.py	tok	0					s1	8	136	152	152	2	1	136	134	-22.58	1	-22.58	21.83	0.957	-36.97	8	0	7	0	8	1	1.83																			
embed	extended	python	G	p00992.py	tok	0					s2	4	136	152	152	1	1	137	135	-37.27	1	-36.06	35.9	0.95	-37.27	4	0	0	1	8	3	1.28																			
embed	extended	python	G	p00992.py	tok	0					s2	8	136	152	152	2	1	137	135	-37.27	1	-34.86	35.38	0.936	-37.27	8	0	0	0	8	1	2.3																			
capacity	extended	python	G	p00992.py	struct	0	321	291	282	131																																									
embed	extended	python	G	p00992.py	struct	0					s1	4	86	152	152	2	1	87	85	-9.56	1	-9.56	9.13	0.933	-22.61	4	0	1	0	8	0	1.28																			
embed	extended	python	G	p00992.py	struct	0					s1	8	86	152	152	1	1	87	85	-11.44	1	-11.44	10.76	0.944	-22.61	8	0	5	0	8	0	1.26																			
embed	extended	python	G	p00992.py	struct	0					s2	4	86	152	152	1	1	88	85	-21.44	1	-20.23	20.35	0.912	-21.44	4	0	0	0	8	0	1.43																			
embed	extended	python	G	p00992.py	struct	0					s2	8	86	152	152	1	1	88	86	-22.9	1	-20.49	20.17	0.977	-22.9	8	0	0	0	8	0	1.96																			
capacity	extended	python	G	p01371.py	tok	0	216	211	195	182																																									
embed	extended	python	G	p01371.py	tok	0					s1	4	118	122	122	2	1	118	117	-18.36	1	-18.36	17.71	0.983	-33.45	4	0	1	0	7	0	0.92																			
embed	extended	python	G	p01371.py	tok	0					s1	8	118	122	122	2	1	118	116	-18.06	1	-18.06	16.95	0.967	-31.68	8	0	8	0	8	0	1.43																			
embed	extended	python	G	p01371.py	tok	0					s2	4	118	122	122	2	1	118	118	-35.52	1	-34.32	33.94	0.967	-35.52	4	0	0	0	7	0	0.91																			
embed	extended	python	G	p01371.py	tok	0					s2	8	118	122	122	1	1	118	117	-33.45	1	-31.04	30.76	0.95	-33.45	8	0	0	1	8	0	1.63																			
capacity	extended	python	G	p01371.py	struct	0	216	211	192	103																																									
embed	extended	python	G	p01371.py	struct	0					s1	4	72	120	120	2	1	72	71	-8.98	1	-8.98	7.29	0.946	-19.81	4	0	1	1	7	1	0.91																			
embed	extended	python	G	p01371.py	struct	0					s1	8	72	120	120	2	1	71	71	-10.24	1	-10.24	9.29	0.959	-21.37	8	0	4	0	8	1	0.9																			
embed	extended	python	G	p01371.py	struct	0					s2	4	72	120	120	1	1	72	71	-19.81	1	-18.61	17.62	0.946	-19.81	4	0	0	0	7	0	0.83																			
embed	extended	python	G	p01371.py	struct	0					s2	8	72	120	120	2	1	72	72	-21.67	1	-19.27	20.02	0.946	-21.67	8	0	0	1	8	0	1.41																			
capacity	extended	python	G	p01457.py	tok	0	164	158	143	126																																									
embed	extended	python	G	p01457.py	tok	0					s1	4	76	83	83	2	1	78	77	-13.55	1	-13.55	12.82	0.925	-21.58	4	0	0	0	8	0	1.02																			
embed	extended	python	G	p01457.py	tok	0					s1	8	76	83	83	1	1	77	75	-12.18	1	-12.18	11.14	0.866	-19.7	8	0	2	0	8	0	0.51																			
embed	extended	python	G	p01457.py	tok	0					s2	4	76	83	83	2	1	76	74	-19.41	1	-18.21	17.57	0.912	-19.41	4	0	0	0	8	2	0.58																			
embed	extended	python	G	p01457.py	tok	0					s2	8	76	83	83	1	1	77	74	-18.3	1	-15.89	15.1	0.937	-18.3	8	0	0	1	8	1	0.97																			
capacity	extended	python	G	p01457.py	struct	0	164	158	142	83																																									
embed	extended	python	G	p01457.py	struct	0					s1	4	56	82	82	2	1	58	56	-6.97	1	-6.97	6.42	0.9	-14.23	4	0	0	0	8	0	0.54																			
embed	extended	python	G	p01457.py	struct	0					s1	8	56	82	82	1	1	57	54	-5.55	1	-5.55	3.97	0.883	-12.67	8	0	2	1	8	1	0.51																			
embed	extended	python	G	p01457.py	struct	0					s2	4	56	82	82	1	1	59	57	-14.51	1	-13.31	12.77	0.917	-14.51	4	0	0	0	8	1	0.55																			
embed	extended	python	G	p01457.py	struct	0					s2	8	56	82	82	2	1	59	57	-14.51	1	-12.1	12.15	0.917	-14.51	8	0	0	0	8	0	0.94																			
capacity	extended	python	G	p02236.py	tok	0	156	151	128	97																																									
embed	extended	python	G	p02236.py	tok	0					s1	4	67	82	82	1	1	68	67	-10.54	1	-10.54	9.73	0.929	-18.63	4	0	0	0	8	0	0.45																			
embed	extended	python	G	p02236.py	tok	0					s1	8	67	82	82	1	1	67	67	-10.54	1	-10.54	9.48	0.914	-20.17	8	0	3	0	8	0	0.53																			
embed	extended	python	G	p02236.py	tok	0					s2	4	67	82	82	1	1	68	67	-18.63	1	-17.43	16.02	0.929	-18.63	4	0	0	0	8	1	0.54																			
embed	extended	python	G	p02236.py	tok	0					s2	8	67	82	82	1	1	67	67	-20.17	1	-17.76	18.01	0.914	-20.17	8	0	0	1	8	0	0.95																			
capacity	extended	python	G	p02236.py	struct	0	156	151	125	71																																									
embed	extended	python	G	p02236.py	struct	0					s1	4	53	81	81	1	1	53	52	-4.98	1	-4.98	3.96	0.927	-14.22	4	0	1	0	8	0	0.57																			
embed	extended	python	G	p02236.py	struct	0					s1	8	53	81	81	1	1	54	53	-5.26	1	-4.96	4.09	0.877	-14.52	8	0	6	0	8	0	0.54																			
embed	extended	python	G	p02236.py	struct	0					s2	4	53	81	81	1	1	54	51	-11.84	1	-10.63	10.88	0.911	-11.84	4	0	0	0	8	0	0.54																			
embed	extended	python	G	p02236.py	struct	0					s2	8	53	81	81	1	1	54	51	-11.84	1	-9.43	8.71	0.877	-11.84	8	0	0	0	8	0	0.88																			
capacity	extended	python	G	p02657.py	tok	0	236	236	219	184																																									
embed	extended	python	G	p02657.py	tok	0					s1	4	109	129	129	1	1	106	105	-13.05	1	-13.05	12.75	0.929	-29.88	4	0	0	0	8	0	1.01																			
embed	extended	python	G	p02657.py	tok	0					s1	8	109	129	129	2	1	109	107	-12.51	1	-12.51	11.9	0.929	-29.03	8	0	7	0	8	0	1.11																			
embed	extended	python	G	p02657.py	tok	0					s2	4	109	129	129	2	1	107	104	-26.9	1	-25.7	25.32	0.887	-26.9	4	0	0	0	8	0	1.18																			
embed	extended	python	G	p02657.py	tok	0					s2	8	109	129	129	2	1	109	105	-26.05	1	-23.64	23.84	0.879	-26.05	8	0	0	0	8	0	1.9																			
capacity	extended	python	G	p02657.py	struct	0	236	236	217	112																																									
embed	extended	python	G	p02657.py	struct	0					s1	4	77	127	127	1	1	75	72	-8.98	1	-8.98	8.38	0.9	-17.73	4	0	1	0	8	0	0.95																			
embed	extended	python	G	p02657.py	struct	0					s1	8	77	127	127	2	1	76	73	-8.01	1	-8.01	7.32	0.925	-18.01	8	0	5	0	8	0	1.13																			
embed	extended	python	G	p02657.py	struct	0					s2	4	77	127	127	2	1	78	77	-21.58	1	-20.38	19.77	0.914	-21.58	4	0	0	0	8	0	1.07																			
embed	extended	python	G	p02657.py	struct	0					s2	8	77	127	127	2	1	77	74	-18.3	1	-15.89	15.44	0.89	-18.3	8	0	0	0	8	1	2.19																			
capacity	extended	python	G	p02781.py	tok	0	254	248	240	216																																									
embed	extended	python	G	p02781.py	tok	0					s1	4	118	133	133	1	1	119	116	-15.98	1	-15.98	15.46	0.959	-30.37	4	0	1	0	8	0	1.0																			
embed	extended	python	G	p02781.py	tok	0					s1	8	118	133	133	1	1	119	116	-15.98	1	-15.98	14.75	0.959	-30.37	8	0	7	0	8	2	1.1																			
embed	extended	python	G	p02781.py	tok	0					s2	4	118	133	133	1	1	119	118	-33.74	1	-32.54	33.0	0.975	-33.74	4	0	0	0	8	0	1.15																			
embed	extended	python	G	p02781.py	tok	0					s2	8	118	133	133	2	1	118	117	-33.45	1	-31.04	31.01	0.967	-33.45	8	0	0	0	8	0	1.86																			
capacity	extended	python	G	p02781.py	struct	0	254	248	240	119																																									
embed	extended	python	G	p02781.py	struct	0					s1	4	83	133	133	2	1	84	82	-10.81	1	-10.81	9.99	0.942	-21.73	4	0	0	0	8	0	1.66																			
embed	extended	python	G	p02781.py	struct	0					s1	8	83	133	133	1	1	84	83	-12.18	1	-12.18	11.14	0.965	-23.36	8	0	1	0	8	0	1.18																			
embed	extended	python	G	p02781.py	struct	0					s2	4	83	133	133	1	1	83	83	-24.99	1	-23.78	23.58	0.976	-24.99	4	0	0	0	8	0	1.14																			
embed	extended	python	G	p02781.py	struct	0					s2	8	83	133	133	1	1	83	83	-24.99	1	-22.58	23.12	0.953	-24.99	8	0	0	0	8	1	1.77																			
capacity	extended	python	G	p02795.py	tok	0	186	186	176	150																																									
embed	extended	python	G	p02795.py	tok	0					s1	4	96	107	107	1	1	95	94	-15.65	1	-15.65	15.4	0.91	-26.62	4	0	0	0	7	1	0.61																			
embed	extended	python	G	p02795.py	tok	0					s1	8	96	107	107	2	1	96	93	-13.34	1	-13.34	11.86	0.911	-23.73	8	0	4	1	7	0	0.59																			
embed	extended	python	G	p02795.py	tok	0					s2	4	96	107	107	1	1	95	93	-24.94	1	-23.73	23.98	0.939	-24.94	4	0	0	0	7	0	0.62																			
embed	extended	python	G	p02795.py	tok	0					s2	8	96	107	107	2	1	97	96	-27.21	1	-24.8	25.07	0.892	-27.21	8	0	0	0	7	0	1.37																			
capacity	extended	python	G	p02795.py	struct	0	186	186	176	89																																									
embed	extended	python	G	p02795.py	struct	0					s1	4	65	107	107	2	1	65	64	-10.54	1	-10.54	9.48	0.94	-17.75	4	0	1	0	7	1	0.64																			
embed	extended	python	G	p02795.py	struct	0					s1	8	65	107	107	1	1	66	65	-9.27	1	-9.27	8.35	0.926	-18.04	8	0	2	0	7	0	0.64																			
embed	extended	python	G	p02795.py	struct	0					s2	4	65	107	107	2	1	69	66	-16.03	1	-14.83	14.2	0.942	-16.03	4	0	0	1	7	0	0.61																			
embed	extended	python	G	p02795.py	struct	0					s2	8	65	107	107	1	1	62	61	-16.86	1	-14.46	13.68	0.91	-16.86	8	1	1	2	7	0	1.02																			
capacity	extended	python	G	p02917.py	tok	0	200	193	179	165																																									
embed	extended	python	G	p02917.py	tok	0					s1	4	105	109	109	2	1	105	103	-13.05	1	-13.05	12.15	0.927	-27.86	4	0	2	0	7	0	0.75																			
embed	extended	python	G	p02917.py	tok	0					s1	8	105	109	109	2	1	104	103	-14.45	1	-14.45	13.2	0.953	-29.29	8	0	8	0	7	0	0.8																			
embed	extended	python	G	p02917.py	tok	0					s2	4	105	109	109	2	1	104	101	-26.03	1	-24.83	24.11	0.866	-26.03	4	0	0	0	7	1	0.73																			
embed	extended	python	G	p02917.py	tok	0					s2	8	105	109	109	2	1	105	103	-27.86	1	-25.45	26.06	0.927	-27.86	8	0	0	0	7	1	1.45																			
capacity	extended	python	G	p02917.py	struct	0	200	193	177	96																																									
embed	extended	python	G	p02917.py	struct	0					s1	4	71	107	107	2	1	69	67	-9.56	1	-9.56	9.13	0.88	-17.39	4	0	0	0	7	0	0.65																			
embed	extended	python	G	p02917.py	struct	0					s1	8	71	107	107	1	1	70	69	-11.44	1	-11.14	10.55	0.932	-19.22	8	0	3	0	7	0	0.68																			
embed	extended	python	G	p02917.py	struct	0					s2	4	71	107	107	2	1	73	72	-20.11	1	-18.9	18.59	0.92	-20.11	4	0	0	1	7	0	1.08																			
embed	extended	python	G	p02917.py	struct	0					s2	8	71	107	107	2	1	71	69	-17.97	1	-15.56	14.92	0.882	-17.97	8	0	0	0	7	0	1.15																			
capacity	extended	python	G	p02956.py	tok	0	332	311	306	274																																									
embed	extended	python	G	p02956.py	tok	0					s1	4	160	178	178	2	1	160	159	-26.62	1	-26.62	26.05	0.988	-45.96	4	0	1	0	8	0	2.2																			
embed	extended	python	G	p02956.py	tok	0					s1	8	160	178	178	2	1	160	160	-28.3	1	-28.3	27.4	1.0	-48.16	8	0	7	0	8	1	1.68																			
embed	extended	python	G	p02956.py	tok	0					s2	4	160	178	178	2	1	160	160	-48.16	1	-46.96	46.7	0.988	-48.16	4	0	0	0	8	0	1.63																			
embed	extended	python	G	p02956.py	tok	0					s2	8	160	178	178	2	1	160	160	-48.16	1	-45.76	45.81	0.988	-48.16	8	0	0	0	8	0	2.84																			
capacity	extended	python	G	p02956.py	struct	0	332	311	305	127																																									
embed	extended	python	G	p02956.py	struct	0					s1	4	92	177	177	1	1	93	90	-12.18	1	-12.18	11.14	0.927	-22.87	4	0	2	0	8	0	1.81																			
embed	extended	python	G	p02956.py	struct	0					s1	8	92	177	177	2	1	93	92	-13.85	1	-13.85	12.81	0.989	-26.02	8	0	3	0	8	0	2.77																			
embed	extended	python	G	p02956.py	struct	0					s2	4	92	177	177	2	1	92	92	-27.69	1	-26.49	26.46	0.978	-27.69	4	0	0	0	8	0	1.98																			
embed	extended	python	G	p02956.py	struct	0					s2	8	92	177	177	1	1	93	93	-28.0	1	-25.59	25.52	0.989	-28.0	8	0	0	0	8	1	2.38																			
capacity	extended	python	G	p03164.py	tok	0	261	259	247	221																																									
embed	extended	python	G	p03164.py	tok	0					s1	4	126	144	144	2	1	128	128	-19.57	1	-19.57	18.4	0.924	-38.53	4	0	1	0	6	0	1.18																			
embed	extended	python	G	p03164.py	tok	0					s1	8	126	144	144	2	1	127	124	-17.16	1	-17.16	16.65	0.917	-32.7	8	0	7	0	8	0	1.21																			
embed	extended	python	G	p03164.py	tok	0					s2	4	126	144	144	1	1	126	124	-34.03	1	-32.82	31.7	0.924	-34.03	4	0	0	1	6	1	1.2																			
embed	extended	python	G	p03164.py	tok	0					s2	8	126	144	144	2	1	128	125	-32.99	1	-30.58	30.46	0.881	-32.99	8	0	0	1	8	0	2.01																			
capacity	extended	python	G	p03164.py	struct	0	261	259	247	126																																									
embed	extended	python	G	p03164.py	struct	0					s1	4	89	144	144	2	1	89	88	-13.25	1	-13.25	12.89	0.956	-24.84	4	0	0	0	6	0	1.26																			
embed	extended	python	G	p03164.py	struct	0					s1	8	89	144	144	2	1	89	86	-10.53	1	-10.53	9.6	0.935	-21.72	8	0	7	0	8	0	1.46																			
embed	extended	python	G	p03164.py	struct	0					s2	4	89	144	144	2	1	90	89	-25.13	1	-23.93	23.89	0.989	-25.13	4	0	0	0	6	0	1.35																			
embed	extended	python	G	p03164.py	struct	0					s2	8	89	144	144	1	1	90	87	-22.01	1	-19.6	19.61	0.925	-22.01	8	0	0	0	8	0	1.86																			
capacity	extended	python	G	p03266.py	tok	0	185	181	172	157																																									
embed	extended	python	G	p03266.py	tok	0					s1	4	89	103	103	2	1	89	88	-13.85	1	-13.85	13.03	0.956	-24.84	4	0	1	0	8	0	0.67																			
embed	extended	python	G	p03266.py	tok	0					s1	8	89	103	103	1	1	89	88	-13.55	1	-13.55	13.25	0.935	-24.84	8	0	4	0	8	0	0.63																			
embed	extended	python	G	p03266.py	tok	0					s2	4	89	103	103	2	1	89	88	-24.84	1	-23.63	24.13	0.978	-24.84	4	0	0	0	8	0	0.73																			
embed	extended	python	G	p03266.py	tok	0					s2	8	89	103	103	2	1	89	87	-23.19	1	-20.78	21.41	0.935	-23.19	8	0	0	0	8	0	1.23																			
capacity	extended	python	G	p03266.py	struct	0	185	181	172	105																																									
embed	extended	python	G	p03266.py	struct	0					s1	4	67	103	103	1	1	67	66	-10.84	1	-10.84	10.14	0.971	-18.34	4	0	0	0	8	0	0.66																			
embed	extended	python	G	p03266.py	struct	0					s1	8	67	103	103	1	1	67	66	-10.84	1	-10.54	9.92	0.971	-18.34	8	0	4	0	8	0	0.71																			
embed	extended	python	G	p03266.py	struct	0					s2	4	67	103	103	2	1	67	66	-18.34	1	-17.13	17.83	0.942	-18.34	4	0	0	0	8	0	0.77																			
embed	extended	python	G	p03266.py	struct	0					s2	8	67	103	103	1	1	66	64	-16.52	1	-14.11	14.19	0.873	-16.52	8	0	0	0	8	1	1.08																			
capacity	extended	python	G	p03430.py	tok	0	454	453	429	353																																									
embed	extended	python	G	p03430.py	tok	0					s1	4	198	248	248	2	1	197	191	-24.88	1	-24.88	23.7	0.881	-48.41	4	0	2	0	7	0	3.62																			
embed	extended	python	G	p03430.py	tok	0					s1	8	198	248	248	2	1	198	190	-20.41	1	-20.41	19.4	0.886	-45.88	8	0	8	0	8	0	4.05																			
embed	extended	python	G	p03430.py	tok	0					s2	4	198	248	248	2	1	198	191	-47.26	1	-46.06	46.09	0.895	-47.26	4	0	0	0	7	0	4.62																			
embed	extended	python	G	p03430.py	tok	0					s2	8	198	248	248	2	1	198	191	-47.26	1	-44.85	43.39	0.886	-47.26	8	0	0	0	8	0	5.23																			
capacity	extended	python	G	p03430.py	struct	0	454	453	428	178																																									
embed	extended	python	G	p03430.py	struct	0					s1	4	128	248	248	2	1	129	126	-15.95	1	-15.95	15.23	0.911	-33.28	4	0	3	0	7	0	4.71																			
embed	extended	python	G	p03430.py	struct	0					s1	8	128	248	248	1	1	129	125	-18.34	1	-18.34	17.94	0.862	-31.78	8	0	6	0	8	0	4.04																			
embed	extended	python	G	p03430.py	struct	0					s2	4	128	248	248	2	1	128	124	-31.49	1	-30.29	30.46	0.896	-31.49	4	0	0	0	7	0	5.16																			
embed	extended	python	G	p03430.py	struct	0					s2	8	128	248	248	2	1	127	124	-32.7	1	-30.29	30.71	0.855	-32.7	8	0	0	0	8	0	5.04																			
capacity	extended	python	G	p03433.py	tok	0	126	118	112	103																																									
embed	extended	python	G	p03433.py	tok	0					s1	4	60	64	64	2	1	60	59	-8.73	1	-8.73	8.09	0.967	-16.28	4	0	0	0	8	0	0.31																			
embed	extended	python	G	p03433.py	tok	0					s1	8	60	64	64	2	1	61	60	-8.73	1	-8.73	7.85	0.984	-16.57	8	0	4	0	8	0	0.33																			
embed	extended	python	G	p03433.py	tok	0					s2	4	60	64	64	2	1	61	61	-18.36	1	-17.16	16.92	0.952	-18.36	4	0	0	0	8	0	0.33																			
embed	extended	python	G	p03433.py	tok	0					s2	8	60	64	64	2	1	61	61	-18.36	1	-15.95	15.71	0.984	-18.36	8	0	0	0	8	0	0.68																			
capacity	extended	python	G	p03433.py	struct	0	126	118	112	82																																									
embed	extended	python	G	p03433.py	struct	0					s1	4	50	64	64	1	1	51	50	-4.98	1	-4.98	2.54	0.98	-13.64	4	0	2	2	8	2	0.36																			
embed	extended	python	G	p03433.py	struct	0					s1	8	50	64	64	1	1	50	48	-5.26	1	-5.26	3.68	0.852	-11.95	8	0	2	1	8	0	0.34																			
embed	extended	python	G	p03433.py	struct	0					s2	4	50	64	64	2	1	52	51	-13.93	1	-12.73	12.73	0.889	-13.93	4	0	0	0	8	0	0.31																			
embed	extended	python	G	p03433.py	struct	0					s2	8	50	64	64	1	1	51	51	-15.35	1	-12.94	13.43	0.98	-15.35	8	0	0	1	8	0	0.59																			
capacity	extended	python	G	p03434.py	tok	0	392	364	358	320																																									
embed	extended	python	G	p03434.py	tok	0					s1	4	174	199	199	2	1	174	174	-23.48	1	-23.48	22.33	0.966	-52.38	4	0	3	0	7	0	2.43																			
embed	extended	python	G	p03434.py	tok	0					s1	8	174	199	198	4	1	174	173	-23.78	1	-23.78	22.73	0.977	-50.14	8	0	8	0	8	0	2.67																			
embed	extended	python	G	p03434.py	tok	0					s2	4	174	199	198	4	1	174	174	-52.38	1	-51.18	50.84	0.966	-52.38	4	0	0	1	7	0	2.45																			
embed	extended	python	G	p03434.py	tok	0					s2	8	174	199	198	4	1	174	173	-50.14	1	-47.73	47.52	0.966	-50.14	8	0	0	0	8	1	4.66																			
capacity	extended	python	G	p03434.py	struct	0	392	364	357	146																																									
embed	extended	python	G	p03434.py	struct	0					s1	4	101	199	199	1	1	101	98	-10.53	1	-10.53	9.36	0.942	-25.17	4	0	2	0	7	0	2.69																			
embed	extended	python	G	p03434.py	struct	0					s1	8	101	199	199	1	1	101	99	-11.88	1	-11.88	10.95	0.961	-26.69	8	0	7	0	8	0	2.6																			
embed	extended	python	G	p03434.py	struct	0					s2	4	101	199	199	1	1	101	100	-28.4	1	-27.19	26.06	0.98	-28.4	4	0	0	1	7	1	2.56																			
embed	extended	python	G	p03434.py	struct	0					s2	8	101	199	199	1	1	101	99	-26.69	1	-24.28	24.1	0.942	-26.69	8	0	0	0	8	1	3.35																			
capacity	extended	python	G	p03454.py	tok	0	325	323	304	283																																									
embed	extended	python	G	p03454.py	tok	0					s1	4	172	182	181	4	1	172	166	-19.72	1	-19.72	17.97	0.88	-41.24	4	0	2	1	7	2	1.78																			
embed	extended	python	G	p03454.py	tok	0					s1	8	172	182	181	4	1	172	167	-22.77	1	-22.77	21.45	0.88	-42.69	8	0	8	1	8	0	1.71																			
embed	extended	python	G	p03454.py	tok	0					s2	4	172	182	181	4	1	172	168	-44.22	1	-43.02	43.43	0.859	-44.22	4	0	0	0	7	0	2.52																			
embed	extended	python	G	p03454.py	tok	0					s2	8	172	182	182	2	1	171	164	-39.58	1	-37.17	36.61	0.854	-39.58	8	0	0	0	8	0	3.06																			
capacity	extended	python	G	p03454.py	struct	0	325	323	303	153																																									
embed	extended	python	G	p03454.py	struct	0					s1	4	112	182	182	2	1	113	109	-13.93	1	-13.93	13.32	0.899	-27.19	4	0	1	0	7	0	1.85																			
embed	extended	python	G	p03454.py	struct	0					s1	8	112	182	182	2	1	113	109	-11.56	1	-11.56	10.49	0.907	-27.19	8	0	8	0	8	0	1.93																			
embed	extended	python	G	p03454.py	struct	0					s2	4	112	182	182	2	1	112	112	-33.72	1	-32.51	32.76	0.923	-33.72	4	0	0	0	7	0	2.07																			
embed	extended	python	G	p03454.py	struct	0					s2	8	112	182	182	2	1	111	109	-29.62	1	-27.21	27.44	0.915	-29.62	8	0	0	1	8	0	3.38																			
capacity	extended	python	G	p03459.py	tok	0	304	302	296	275																																									
embed	extended	python	G	p03459.py	tok	0					s1	4	152	166	166	1	1	152	152	-24.08	1	-24.08	23.65	0.949	-45.76	4	0	1	0	8	0	1.67																			
embed	extended	python	G	p03459.py	tok	0					s1	8	152	166	166	1	1	152	150	-20.57	1	-20.57	19.77	0.961	-41.69	8	0	7	0	8	1	1.98																			
embed	extended	python	G	p03459.py	tok	0					s2	4	152	166	166	1	1	152	152	-45.76	1	-44.55	44.08	1.0	-45.76	4	0	0	0	8	2	1.76																			
embed	extended	python	G	p03459.py	tok	0					s2	8	152	166	166	1	1	152	151	-43.57	1	-41.16	41.13	0.974	-43.57	8	0	0	1	8	0	2.88																			
capacity	extended	python	G	p03459.py	struct	0	304	302	296	138																																									
embed	extended	python	G	p03459.py	struct	0					s1	4	87	166	166	1	1	88	87	-12.64	1	-12.64	12.15	0.923	-24.54	4	0	1	0	8	0	2.24																			
embed	extended	python	G	p03459.py	struct	0					s1	8	87	166	166	1	1	89	86	-11.59	1	-11.59	10.53	0.934	-21.72	8	0	4	0	8	0	1.95																			
embed	extended	python	G	p03459.py	struct	0					s2	4	87	166	166	1	1	88	87	-24.54	1	-23.34	22.87	0.944	-24.54	4	0	0	0	8	1	2.01																			
embed	extended	python	G	p03459.py	struct	0					s2	8	87	166	166	1	1	89	88	-24.84	1	-22.43	21.98	0.956	-24.84	8	0	0	0	8	0	2.47																			
capacity	extended	python	G	p03582.py	tok	0	263	250	244	226																																									
embed	extended	python	G	p03582.py	tok	0					s1	4	127	141	141	1	1	127	124	-16.24	1	-16.24	15.84	0.939	-32.7	4	0	1	0	8	0	1.21																			
embed	extended	python	G	p03582.py	tok	0					s1	8	127	141	141	2	1	127	125	-17.75	1	-17.75	16.11	0.969	-34.32	8	0	5	1	8	0	1.19																			
embed	extended	python	G	p03582.py	tok	0					s2	4	127	141	141	1	1	127	125	-34.32	1	-33.12	33.35	0.939	-34.32	4	0	0	0	8	0	1.38																			
embed	extended	python	G	p03582.py	tok	0					s2	8	127	141	141	1	1	127	125	-34.32	1	-31.91	31.66	0.924	-34.32	8	0	0	1	8	1	2.1																			
capacity	extended	python	G	p03582.py	struct	0	263	250	243	122																																									
embed	extended	python	G	p03582.py	struct	0					s1	4	86	140	140	1	1	88	86	-12.47	1	-12.47	11.75	0.955	-22.9	4	0	1	0	8	0	1.85																			
embed	extended	python	G	p03582.py	struct	0					s1	8	86	140	140	1	1	88	86	-12.47	1	-12.47	10.44	0.955	-22.9	8	0	4	1	8	0	1.26																			
embed	extended	python	G	p03582.py	struct	0					s2	4	86	140	140	1	1	86	86	-25.89	1	-24.68	23.69	1.0	-25.89	4	0	0	0	8	0	1.19																			
embed	extended	python	G	p03582.py	struct	0					s2	8	86	140	140	1	1	87	85	-22.61	1	-20.2	20.01	0.966	-22.61	8	0	0	0	8	0	1.86																			
capacity	extended	python	H	p00134.py	tok	0	28	19	18	16								10																																	
null	extended	python	H	p00134.py	tok						s1	4						10															0.55	0.04	0.0																
null	extended	python	H	p00134.py	tok						s1	8						10															0.52	0.0	0.0																
null	extended	python	H	p00134.py	tok						s2	4						10															0.474	0.06	0.0																
null	extended	python	H	p00134.py	tok						s2	8						10															0.439	0.02	0.0																
capacity	extended	python	H	p00134.py	struct	0	28	19	18	16								10																																	
null	extended	python	H	p00134.py	struct						s1	4						10															0.439	0.04	0.0																
null	extended	python	H	p00134.py	struct						s1	8						10															0.526	0.02	0.0																
null	extended	python	H	p00134.py	struct						s2	4						10															0.517	0.02	0.0																
null	extended	python	H	p00134.py	struct						s2	8						10															0.513	0.08	0.0																
capacity	extended	python	H	p00202.py	tok	0	28	19	18	16								10																																	
null	extended	python	H	p00202.py	tok						s1	4						10															0.482	0.1	0.0																
null	extended	python	H	p00202.py	tok						s1	8						10															0.433	0.04	0.0																
null	extended	python	H	p00202.py	tok						s2	4						10															0.506	0.06	0.0																
null	extended	python	H	p00202.py	tok						s2	8						10															0.493	0.06	0.0																
capacity	extended	python	H	p00202.py	struct	0	28	19	18	16								10																																	
null	extended	python	H	p00202.py	struct						s1	4						10															0.46	0.06	0.0																
null	extended	python	H	p00202.py	struct						s1	8						10															0.519	0.04	0.0																
null	extended	python	H	p00202.py	struct						s2	4						10															0.539	0.0	0.1																
null	extended	python	H	p00202.py	struct						s2	8						10															0.458	0.04	0.0																
capacity	extended	python	H	p00353.py	tok	0	28	19	19	17								10																																	
null	extended	python	H	p00353.py	tok						s1	4						10															0.449	0.06	0.0																
null	extended	python	H	p00353.py	tok						s1	8						10															0.57	0.02	0.0																
null	extended	python	H	p00353.py	tok						s2	4						10															0.486	0.02	0.1																
null	extended	python	H	p00353.py	tok						s2	8						10															0.437	0.04	0.0																
capacity	extended	python	H	p00353.py	struct	0	28	19	18	16								10																																	
null	extended	python	H	p00353.py	struct						s1	4						10															0.457	0.04	0.0																
null	extended	python	H	p00353.py	struct						s1	8						10															0.552	0.08	0.0																
null	extended	python	H	p00353.py	struct						s2	4						10															0.491	0.02	0.0																
null	extended	python	H	p00353.py	struct						s2	8						10															0.515	0.1	0.0																
capacity	extended	python	H	p00992.py	tok	0	28	19	18	16								10																																	
null	extended	python	H	p00992.py	tok						s1	4						10															0.489	0.08	0.0																
null	extended	python	H	p00992.py	tok						s1	8						10															0.556	0.0	0.0																
null	extended	python	H	p00992.py	tok						s2	4						10															0.487	0.1	0.0																
null	extended	python	H	p00992.py	tok						s2	8						10															0.505	0.1	0.0																
capacity	extended	python	H	p00992.py	struct	0	28	19	18	16								10																																	
null	extended	python	H	p00992.py	struct						s1	4						10															0.508	0.0	0.0																
null	extended	python	H	p00992.py	struct						s1	8						10															0.463	0.08	0.0																
null	extended	python	H	p00992.py	struct						s2	4						10															0.557	0.06	0.0																
null	extended	python	H	p00992.py	struct						s2	8						10															0.564	0.04	0.0																
capacity	extended	python	H	p01371.py	tok	0	28	19	19	17								10																																	
null	extended	python	H	p01371.py	tok						s1	4						10															0.456	0.12	0.0																
null	extended	python	H	p01371.py	tok						s1	8						10															0.575	0.0	0.0																
null	extended	python	H	p01371.py	tok						s2	4						10															0.509	0.08	0.0																
null	extended	python	H	p01371.py	tok						s2	8						10															0.577	0.02	0.0																
capacity	extended	python	H	p01371.py	struct	0	28	19	18	16								10																																	
null	extended	python	H	p01371.py	struct						s1	4						10															0.49	0.06	0.0																
null	extended	python	H	p01371.py	struct						s1	8						10															0.581	0.04	0.0																
null	extended	python	H	p01371.py	struct						s2	4						10															0.493	0.06	0.0																
null	extended	python	H	p01371.py	struct						s2	8						10															0.499	0.04	0.0																
capacity	extended	python	H	p01457.py	tok	0	28	19	19	17								10																																	
null	extended	python	H	p01457.py	tok						s1	4						10															0.511	0.04	0.0																
null	extended	python	H	p01457.py	tok						s1	8						10															0.464	0.04	0.0																
null	extended	python	H	p01457.py	tok						s2	4						10															0.506	0.0	0.0																
null	extended	python	H	p01457.py	tok						s2	8						10															0.542	0.06	0.0																
capacity	extended	python	H	p01457.py	struct	0	28	19	18	16								10																																	
null	extended	python	H	p01457.py	struct						s1	4						10															0.488	0.06	0.1																
null	extended	python	H	p01457.py	struct						s1	8						10															0.452	0.08	0.0																
null	extended	python	H	p01457.py	struct						s2	4						10															0.491	0.02	0.0																
null	extended	python	H	p01457.py	struct						s2	8						10															0.513	0.04	0.0																
capacity	extended	python	H	p02236.py	tok	0	28	19	18	16								10																																	
null	extended	python	H	p02236.py	tok						s1	4						10															0.533	0.04	0.1																
null	extended	python	H	p02236.py	tok						s1	8						10															0.506	0.06	0.1																
null	extended	python	H	p02236.py	tok						s2	4						10															0.453	0.1	0.1																
null	extended	python	H	p02236.py	tok						s2	8						10															0.497	0.04	0.0																
capacity	extended	python	H	p02236.py	struct	0	28	19	18	16								10																																	
null	extended	python	H	p02236.py	struct						s1	4						10															0.547	0.06	0.0																
null	extended	python	H	p02236.py	struct						s1	8						10															0.495	0.0	0.0																
null	extended	python	H	p02236.py	struct						s2	4						10															0.563	0.04	0.0																
null	extended	python	H	p02236.py	struct						s2	8						10															0.483	0.08	0.0																
capacity	extended	python	H	p02657.py	tok	0	28	19	19	17								10																																	
null	extended	python	H	p02657.py	tok						s1	4						10															0.513	0.08	0.0																
null	extended	python	H	p02657.py	tok						s1	8						10															0.5	0.06	0.0																
null	extended	python	H	p02657.py	tok						s2	4						10															0.452	0.02	0.0																
null	extended	python	H	p02657.py	tok						s2	8						10															0.445	0.04	0.0																
capacity	extended	python	H	p02657.py	struct	0	28	19	18	16								10																																	
null	extended	python	H	p02657.py	struct						s1	4						10															0.496	0.0	0.0																
null	extended	python	H	p02657.py	struct						s1	8						10															0.501	0.08	0.0																
null	extended	python	H	p02657.py	struct						s2	4						10															0.499	0.04	0.0																
null	extended	python	H	p02657.py	struct						s2	8						10															0.47	0.04	0.0																
capacity	extended	python	H	p02781.py	tok	0	28	19	19	17								10																																	
null	extended	python	H	p02781.py	tok						s1	4						10															0.483	0.08	0.0																
null	extended	python	H	p02781.py	tok						s1	8						10															0.506	0.1	0.0																
null	extended	python	H	p02781.py	tok						s2	4						10															0.528	0.02	0.0																
null	extended	python	H	p02781.py	tok						s2	8						10															0.441	0.02	0.0																
capacity	extended	python	H	p02781.py	struct	0	28	19	18	16								10																																	
null	extended	python	H	p02781.py	struct						s1	4						10															0.495	0.02	0.0																
null	extended	python	H	p02781.py	struct						s1	8						10															0.435	0.02	0.0																
null	extended	python	H	p02781.py	struct						s2	4						10															0.511	0.04	0.0																
null	extended	python	H	p02781.py	struct						s2	8						10															0.518	0.1	0.0																
capacity	extended	python	H	p02795.py	tok	0	28	19	19	17								10																																	
null	extended	python	H	p02795.py	tok						s1	4						10															0.444	0.08	0.0																
null	extended	python	H	p02795.py	tok						s1	8						10															0.477	0.04	0.0																
null	extended	python	H	p02795.py	tok						s2	4						10															0.483	0.1	0.0																
null	extended	python	H	p02795.py	tok						s2	8						10															0.543	0.06	0.0																
capacity	extended	python	H	p02795.py	struct	0	28	19	18	16								10																																	
null	extended	python	H	p02795.py	struct						s1	4						10															0.526	0.04	0.0																
null	extended	python	H	p02795.py	struct						s1	8						10															0.516	0.06	0.0																
null	extended	python	H	p02795.py	struct						s2	4						10															0.52	0.08	0.0																
null	extended	python	H	p02795.py	struct						s2	8						10															0.498	0.1	0.0																
capacity	extended	python	H	p02917.py	tok	0	28	19	18	16								10																																	
null	extended	python	H	p02917.py	tok						s1	4						10															0.452	0.06	0.0																
null	extended	python	H	p02917.py	tok						s1	8						10															0.516	0.06	0.0																
null	extended	python	H	p02917.py	tok						s2	4						10															0.456	0.1	0.0																
null	extended	python	H	p02917.py	tok						s2	8						10															0.493	0.08	0.0																
capacity	extended	python	H	p02917.py	struct	0	28	19	18	16								10																																	
null	extended	python	H	p02917.py	struct						s1	4						10															0.555	0.04	0.0																
null	extended	python	H	p02917.py	struct						s1	8						10															0.486	0.02	0.0																
null	extended	python	H	p02917.py	struct						s2	4						10															0.445	0.08	0.0																
null	extended	python	H	p02917.py	struct						s2	8						10															0.473	0.02	0.0																
capacity	extended	python	H	p02956.py	tok	0	28	19	18	16								10																																	
null	extended	python	H	p02956.py	tok						s1	4						10															0.581	0.02	0.0																
null	extended	python	H	p02956.py	tok						s1	8						10															0.498	0.02	0.0																
null	extended	python	H	p02956.py	tok						s2	4						10															0.477	0.02	0.0																
null	extended	python	H	p02956.py	tok						s2	8						10															0.493	0.1	0.0																
capacity	extended	python	H	p02956.py	struct	0	28	19	18	16								10																																	
null	extended	python	H	p02956.py	struct						s1	4						10															0.492	0.06	0.0																
null	extended	python	H	p02956.py	struct						s1	8						10															0.507	0.0	0.1																
null	extended	python	H	p02956.py	struct						s2	4						10															0.506	0.04	0.0																
null	extended	python	H	p02956.py	struct						s2	8						10															0.512	0.04	0.0																
capacity	extended	python	H	p03164.py	tok	0	28	19	19	17								10																																	
null	extended	python	H	p03164.py	tok						s1	4						10															0.51	0.04	0.0																
null	extended	python	H	p03164.py	tok						s1	8						10															0.335	0.2	0.0																
null	extended	python	H	p03164.py	tok						s2	4						10															0.518	0.06	0.0																
null	extended	python	H	p03164.py	tok						s2	8						10															0.54	0.04	0.0																
capacity	extended	python	H	p03164.py	struct	0	28	19	18	16								10																																	
null	extended	python	H	p03164.py	struct						s1	4						10															0.455	0.14	0.0																
null	extended	python	H	p03164.py	struct						s1	8						10															0.455	0.08	0.0																
null	extended	python	H	p03164.py	struct						s2	4						10															0.503	0.04	0.0																
null	extended	python	H	p03164.py	struct						s2	8						10															0.528	0.02	0.0																
capacity	extended	python	H	p03266.py	tok	0	28	19	18	16								10																																	
null	extended	python	H	p03266.py	tok						s1	4						10															0.453	0.08	0.0																
null	extended	python	H	p03266.py	tok						s1	8						10															0.456	0.04	0.0																
null	extended	python	H	p03266.py	tok						s2	4						10															0.517	0.06	0.0																
null	extended	python	H	p03266.py	tok						s2	8						10															0.477	0.04	0.0																
capacity	extended	python	H	p03266.py	struct	0	28	19	18	16								10																																	
null	extended	python	H	p03266.py	struct						s1	4						10															0.458	0.06	0.0																
null	extended	python	H	p03266.py	struct						s1	8						10															0.461	0.02	0.0																
null	extended	python	H	p03266.py	struct						s2	4						10															0.58	0.0	0.2																
null	extended	python	H	p03266.py	struct						s2	8						10															0.532	0.1	0.0																
capacity	extended	python	H	p03430.py	tok	0	28	19	19	17								10																																	
null	extended	python	H	p03430.py	tok						s1	4						10															0.54	0.08	0.0																
null	extended	python	H	p03430.py	tok						s1	8						10															0.492	0.02	0.0																
null	extended	python	H	p03430.py	tok						s2	4						10															0.501	0.0	0.0																
null	extended	python	H	p03430.py	tok						s2	8						10															0.443	0.02	0.0																
capacity	extended	python	H	p03430.py	struct	0	28	19	18	16								10																																	
null	extended	python	H	p03430.py	struct						s1	4						10															0.466	0.04	0.0																
null	extended	python	H	p03430.py	struct						s1	8						10															0.444	0.04	0.0																
null	extended	python	H	p03430.py	struct						s2	4						10															0.426	0.04	0.0																
null	extended	python	H	p03430.py	struct						s2	8						10															0.468	0.08	0.0																
capacity	extended	python	H	p03433.py	tok	0	28	19	19	17								10																																	
null	extended	python	H	p03433.py	tok						s1	4						10															0.55	0.02	0.0																
null	extended	python	H	p03433.py	tok						s1	8						10															0.417	0.04	0.0																
null	extended	python	H	p03433.py	tok						s2	4						10															0.561	0.06	0.0																
null	extended	python	H	p03433.py	tok						s2	8						10															0.504	0.04	0.0																
capacity	extended	python	H	p03433.py	struct	0	28	19	18	16								10																																	
null	extended	python	H	p03433.py	struct						s1	4						10															0.482	0.04	0.0																
null	extended	python	H	p03433.py	struct						s1	8						10															0.496	0.02	0.0																
null	extended	python	H	p03433.py	struct						s2	4						10															0.488	0.08	0.0																
null	extended	python	H	p03433.py	struct						s2	8						10															0.4	0.08	0.0																
capacity	extended	python	H	p03434.py	tok	0	28	19	18	16								10																																	
null	extended	python	H	p03434.py	tok						s1	4						10															0.473	0.02	0.1																
null	extended	python	H	p03434.py	tok						s1	8						10															0.469	0.06	0.0																
null	extended	python	H	p03434.py	tok						s2	4						10															0.487	0.08	0.0																
null	extended	python	H	p03434.py	tok						s2	8						10															0.525	0.04	0.0																
capacity	extended	python	H	p03434.py	struct	0	28	19	18	16								10																																	
null	extended	python	H	p03434.py	struct						s1	4						10															0.546	0.04	0.0																
null	extended	python	H	p03434.py	struct						s1	8						10															0.541	0.02	0.0																
null	extended	python	H	p03434.py	struct						s2	4						10															0.499	0.06	0.0																
null	extended	python	H	p03434.py	struct						s2	8						10															0.508	0.1	0.0																
capacity	extended	python	H	p03454.py	tok	0	28	19	18	16								10																																	
null	extended	python	H	p03454.py	tok						s1	4						10															0.447	0.12	0.0																
null	extended	python	H	p03454.py	tok						s1	8						10															0.53	0.02	0.0																
null	extended	python	H	p03454.py	tok						s2	4						10															0.547	0.06	0.0																
null	extended	python	H	p03454.py	tok						s2	8						10															0.464	0.1	0.0																
capacity	extended	python	H	p03454.py	struct	0	28	19	18	16								10																																	
null	extended	python	H	p03454.py	struct						s1	4						10															0.386	0.04	0.0																
null	extended	python	H	p03454.py	struct						s1	8						10															0.54	0.06	0.0																
null	extended	python	H	p03454.py	struct						s2	4						10															0.446	0.08	0.0																
null	extended	python	H	p03454.py	struct						s2	8						10															0.52	0.04	0.0																
capacity	extended	python	H	p03459.py	tok	0	28	19	19	17								10																																	
null	extended	python	H	p03459.py	tok						s1	4						10															0.535	0.02	0.0																
null	extended	python	H	p03459.py	tok						s1	8						10															0.514	0.02	0.0																
null	extended	python	H	p03459.py	tok						s2	4						10															0.448	0.1	0.1																
null	extended	python	H	p03459.py	tok						s2	8						10															0.486	0.02	0.0																
capacity	extended	python	H	p03459.py	struct	0	28	19	18	16								10																																	
null	extended	python	H	p03459.py	struct						s1	4						10															0.501	0.04	0.0																
null	extended	python	H	p03459.py	struct						s1	8						10															0.535	0.06	0.0																
null	extended	python	H	p03459.py	struct						s2	4						10															0.55	0.02	0.0																
null	extended	python	H	p03459.py	struct						s2	8						10															0.511	0.06	0.0																
capacity	extended	python	H	p03582.py	tok	0	28	19	18	16								10																																	
null	extended	python	H	p03582.py	tok						s1	4						10															0.511	0.08	0.0																
null	extended	python	H	p03582.py	tok						s1	8						10															0.5	0.06	0.0																
null	extended	python	H	p03582.py	tok						s2	4						10															0.525	0.04	0.0																
null	extended	python	H	p03582.py	tok						s2	8						10															0.534	0.04	0.0																
capacity	extended	python	H	p03582.py	struct	0	28	19	18	16								10																																	
null	extended	python	H	p03582.py	struct						s1	4						10															0.453	0.1	0.0																
null	extended	python	H	p03582.py	struct						s1	8						10															0.496	0.12	0.0																
null	extended	python	H	p03582.py	struct						s2	4						10															0.474	0.06	0.0																
null	extended	python	H	p03582.py	struct						s2	8						10															0.454	0.06	0.0																
capacity	extended	c	G	p00134.c	tok	1	427	426	396	322																																									
embed	extended	c	G	p00134.c	tok	1					s1	4	181	222	218	4	1	201	186	-23.76	1	-23.76	22.3	0.863	-38.27	4	0	2	1	8	1	3.78																			
embed	extended	c	G	p00134.c	tok	1					s1	8	181	222	220	4	1	194	184	-24.16	1	-24.16	22.95	0.913	-42.16	8	0	8	0	8	0	3.14																			
embed	extended	c	G	p00134.c	tok	1					s2	4	181	222	220	4	1	184	180	-47.72	1	-46.51	45.21	0.952	-47.72	4	0	0	0	8	1	3.95																			
embed	extended	c	G	p00134.c	tok	1					s2	8	181	222	218	4	1	202	189	-40.77	1	-38.37	36.72	0.859	-40.77	8	0	0	1	8	1	5.02																			
capacity	extended	c	G	p00134.c	struct	1	427	426	377	109																																									
embed	extended	c	G	p00134.c	struct	1					s1	4	75	256	256	1	1	75	75	-12.64	1	-12.64	11.79	1.0	-22.58	4	0	1	0	8	0	3.44																			
embed	extended	c	G	p00134.c	struct	1					s1	8	75	256	256	1	1	75	75	-12.64	1	-12.64	12.29	1.0	-22.58	8	0	1	0	8	1	4.18																			
embed	extended	c	G	p00134.c	struct	1					s2	4	75	256	256	1	1	75	75	-22.58	1	-21.37	21.67	1.0	-22.58	4	0	0	0	8	0	3.46																			
embed	extended	c	G	p00134.c	struct	1					s2	8	75	256	256	1	1	75	75	-22.58	1	-20.17	20.58	1.0	-22.58	8	0	0	0	8	0	5.25																			
capacity	extended	c	G	p00202.c	tok	1	380	379	369	313																																									
embed	extended	c	G	p00202.c	tok	1					s1	4	171	193	187	4	1	182	171	-17.77	1	-17.77	17.12	0.868	-37.63	4	0	1	0	8	0	2.61																			
embed	extended	c	G	p00202.c	tok	1					s1	8	171	193	185	4	1	188	177	-23.06	1	-23.06	22.34	0.815	-39.28	8	0	8	0	8	2	3.2																			
embed	extended	c	G	p00202.c	tok	1					s2	4	171	193	184	4	1	186	177	-41.19	1	-39.98	39.07	0.818	-41.19	4	0	0	0	8	0	2.53																			
embed	extended	c	G	p00202.c	tok	1					s2	8	171	193	186	4	1	188	174	-35.88	1	-33.47	33.41	0.837	-35.88	8	0	0	2	8	1	4.46																			
capacity	extended	c	G	p00202.c	struct	1	380	379	345	90																																									
embed	extended	c	G	p00202.c	struct	1					s1	4	59	241	241	1	1	59	59	-10.24	1	-10.24	9.72	1.0	-17.76	4	0	0	0	8	0	2.54																			
embed	extended	c	G	p00202.c	struct	1					s1	8	59	241	241	1	1	59	59	-10.24	1	-10.24	9.29	1.0	-17.76	8	0	1	0	8	0	3.4																			
embed	extended	c	G	p00202.c	struct	1					s2	4	59	241	241	1	1	59	59	-17.76	1	-16.56	15.4	1.0	-17.76	4	0	0	1	8	0	2.99																			
embed	extended	c	G	p00202.c	struct	1					s2	8	59	241	241	1	1	59	59	-17.76	1	-15.35	15.04	1.0	-17.76	8	0	0	0	8	1	4.28																			
capacity	extended	c	G	p00353.c	tok	0	358	358	331	277																																									
embed	extended	c	G	p00353.c	tok	1					s1	4	181	209	208	4	1	189	183	-26.19	1	-26.19	25.71	0.937	-46.11	4	0	1	0	8	0	2.8																			
embed	extended	c	G	p00353.c	tok	1					s1	8	181	209	208	4	1	188	182	-22.9	1	-22.9	21.44	0.952	-45.83	8	0	8	1	8	0	2.88																			
embed	extended	c	G	p00353.c	tok	0					s2	4	181	209	209	2	1	182	180	-50.57	1	-49.36	48.76	0.984	-50.57	4	0	0	0	8	2	2.26																			
embed	extended	c	G	p00353.c	tok	0					s2	8	181	209	209	1	1	182	172	-38.83	1	-36.42	36.68	0.862	-38.83	8	0	0	0	8	0	3.98																			
capacity	extended	c	G	p00353.c	struct	0	358	358	319	103																																									
embed	extended	c	G	p00353.c	struct	0					s1	4	67	206	206	1	1	66	66	-9.33	1	-9.33	8.48	0.985	-19.87	4	0	0	0	8	0	2.45																			
embed	extended	c	G	p00353.c	struct	0					s1	8	67	206	206	1	1	66	66	-9.03	1	-9.03	8.5	1.0	-19.87	8	0	7	0	8	0	2.23																			
embed	extended	c	G	p00353.c	struct	0					s2	4	67	206	206	2	1	67	67	-20.17	1	-18.96	19.38	1.0	-20.17	4	0	0	0	8	0	2.89																			
embed	extended	c	G	p00353.c	struct	0					s2	8	67	206	206	1	1	67	67	-20.17	1	-17.76	17.7	1.0	-20.17	8	0	0	0	8	0	2.67																			
capacity	extended	c	G	p00992.c	tok	1	322	321	307	262																																									
embed	extended	c	G	p00992.c	tok	1					s1	4	170	191	191	1	1	170	169	-25.29	1	-25.29	24.95	0.988	-48.94	4	0	1	0	8	0	1.89																			
embed	extended	c	G	p00992.c	tok	1					s1	8	170	191	191	1	1	170	169	-25.29	1	-25.29	24.5	0.988	-48.94	8	0	8	0	8	0	2.51																			
embed	extended	c	G	p00992.c	tok	1					s2	4	170	191	191	1	1	171	170	-49.24	1	-48.04	48.17	0.983	-49.24	4	0	0	0	8	0	1.84																			
embed	extended	c	G	p00992.c	tok	1					s2	8	170	191	191	2	1	171	171	-51.48	1	-49.07	48.5	0.994	-51.48	8	0	0	0	8	0	3.15																			
capacity	extended	c	G	p00992.c	struct	1	322	321	295	104																																									
embed	extended	c	G	p00992.c	struct	1					s1	4	63	189	189	1	1	62	62	-10.84	1	-10.84	10.47	0.984	-18.66	4	0	0	0	8	1	2.44																			
embed	extended	c	G	p00992.c	struct	1					s1	8	63	189	189	1	1	61	61	-10.84	1	-10.84	10.33	0.984	-18.36	8	0	0	0	8	2	1.51																			
embed	extended	c	G	p00992.c	struct	1					s2	4	63	189	189	2	1	61	61	-18.36	1	-17.16	17.15	0.984	-18.36	4	0	0	0	8	0	2.07																			
embed	extended	c	G	p00992.c	struct	1					s2	8	63	189	189	2	1	61	61	-18.36	1	-15.95	16.06	0.984	-18.36	8	0	0	0	8	0	3.42																			
capacity	extended	c	G	p01371.c	tok	1	336	334	314	235																																									
embed	extended	c	G	p01371.c	tok	1					s1	4	122	143	140	4	1	140	130	-14.5	1	-14.5	13.66	0.814	-27.35	4	0	1	0	7	0	2.78																			
embed	extended	c	G	p01371.c	tok	1					s1	8	122	143	137	4	1	154	133	-11.23	1	-11.23	10.74	0.714	-20.68	8	0	4	0	8	0	2.2																			
embed	extended	c	G	p01371.c	tok	1					s2	4	122	143	140	4	1	139	129	-27.08	1	-25.88	24.81	0.819	-27.08	4	0	0	1	7	2	2.81																			
embed	extended	c	G	p01371.c	tok	1					s2	8	122	143	142	4	1	121	118	-30.95	1	-28.55	28.44	0.96	-30.95	8	0	0	0	8	0	2.85																			
capacity	extended	c	G	p01371.c	struct	1	336	334	298	102																																									
embed	extended	c	G	p01371.c	struct	1					s1	4	69	189	189	1	1	70	69	-11.44	1	-11.44	11.28	0.986	-19.22	4	0	0	0	7	0	3.33																			
embed	extended	c	G	p01371.c	struct	1					s1	8	69	189	189	1	1	70	70	-11.44	1	-11.44	10.0	0.986	-21.07	8	0	2	1	8	0	2.69																			
embed	extended	c	G	p01371.c	struct	1					s2	4	69	189	189	1	1	70	70	-21.07	1	-19.87	20.22	0.986	-21.07	4	0	0	0	7	0	2.9																			
embed	extended	c	G	p01371.c	struct	1					s2	8	69	189	189	1	1	69	69	-20.77	1	-18.36	18.35	1.0	-20.77	8	0	0	0	8	1	3.01																			
capacity	extended	c	G	p01457.c	tok	2	249	249	238	181																																									
embed	extended	c	G	p01457.c	tok	2					s1	4	130	161	161	1	1	130	130	-20.77	1	-20.77	20.38	1.0	-39.13	4	0	0	0	8	2	1.91																			
embed	extended	c	G	p01457.c	tok	2					s1	8	130	161	161	1	1	130	130	-20.77	1	-20.77	20.14	1.0	-39.13	8	0	8	0	8	1	1.22																			
embed	extended	c	G	p01457.c	tok	2					s2	4	130	161	161	1	1	130	130	-39.13	1	-37.93	37.47	1.0	-39.13	4	0	0	1	8	0	1.17																			
embed	extended	c	G	p01457.c	tok	2					s2	8	130	161	161	1	1	130	130	-39.13	1	-36.73	35.59	1.0	-39.13	8	0	0	0	8	1	2.1																			
capacity	extended	c	G	p01457.c	struct	2	249	249	232	70																																									
embed	extended	c	G	p01457.c	struct	2					s1	4	46	158	158	1	1	46	46	-7.53	1	-7.53	7.06	1.0	-13.85	4	0	0	0	8	0	1.41																			
embed	extended	c	G	p01457.c	struct	2					s1	8	46	158	158	1	1	46	46	-7.53	1	-7.53	6.59	1.0	-13.85	8	0	1	0	8	0	2.11																			
embed	extended	c	G	p01457.c	struct	2					s2	4	46	158	158	1	1	46	46	-13.85	1	-12.64	12.81	1.0	-13.85	4	0	0	0	8	0	1.39																			
embed	extended	c	G	p01457.c	struct	2					s2	8	46	158	158	1	1	46	46	-13.85	1	-11.44	11.2	1.0	-13.85	8	0	0	0	8	1	1.49																			
capacity	extended	c	G	p02236.c	tok	1	295	294	268	188																																									
embed	extended	c	G	p02236.c	tok	1					s1	4	101	141	140	4	1	108	105	-11.66	1	-11.66	10.76	0.909	-27.19	4	0	1	0	7	0	1.73																			
embed	extended	c	G	p02236.c	tok	1					s1	8	101	141	139	4	1	112	104	-8.93	1	-8.93	8.24	0.861	-22.0	8	0	7	0	8	0	2.3																			
embed	extended	c	G	p02236.c	tok	1					s2	4	101	141	140	4	1	105	103	-27.86	1	-26.66	27.08	0.943	-27.86	4	0	0	0	7	0	1.81																			
embed	extended	c	G	p02236.c	tok	1					s2	8	101	141	139	4	1	116	108	-23.08	1	-20.68	20.86	0.832	-23.08	8	0	0	0	8	1	3.41																			
capacity	extended	c	G	p02236.c	struct	1	295	294	250	70																																									
embed	extended	c	G	p02236.c	struct	1					s1	4	48	164	164	1	1	48	48	-6.32	1	-6.32	5.6	1.0	-14.45	4	0	0	0	7	0	1.76																			
embed	extended	c	G	p02236.c	struct	1					s1	8	48	164	164	1	1	48	48	-6.32	1	-6.02	5.6	1.0	-14.45	8	0	2	0	8	0	1.78																			
embed	extended	c	G	p02236.c	struct	1					s2	4	48	164	164	1	1	48	48	-14.45	1	-13.25	13.2	1.0	-14.45	4	0	0	0	7	0	2.57																			
embed	extended	c	G	p02236.c	struct	1					s2	8	48	164	164	1	1	48	48	-14.45	1	-12.04	11.89	1.0	-14.45	8	0	0	0	8	0	2.26																			
capacity	extended	c	G	p02657.c	tok	0	322	322	293	240																																									
embed	extended	c	G	p02657.c	tok	0					s1	4	157	180	180	1	1	158	154	-20.7	1	-20.7	19.79	0.933	-40.15	4	0	2	0	8	0	2.05																			
embed	extended	c	G	p02657.c	tok	1					s1	8	157	180	179	4	1	161	160	-21.88	1	-21.88	20.64	0.963	-46.26	8	0	8	0	8	0	3.01																			
embed	extended	c	G	p02657.c	tok	1					s2	4	157	180	179	4	1	161	159	-44.35	1	-43.15	42.97	0.963	-44.35	4	0	0	0	8	0	2.04																			
embed	extended	c	G	p02657.c	tok	1					s2	8	157	180	179	4	1	164	161	-43.5	1	-41.09	41.19	0.945	-43.5	8	0	0	0	8	1	3.16																			
capacity	extended	c	G	p02657.c	struct	0	322	322	285	109																																									
embed	extended	c	G	p02657.c	struct	0					s1	4	73	190	190	1	1	73	73	-11.74	1	-11.74	11.44	1.0	-21.98	4	0	0	0	8	0	2.21																			
embed	extended	c	G	p02657.c	struct	0					s1	8	73	190	190	1	1	74	73	-10.43	1	-10.43	9.56	0.986	-20.4	8	0	3	0	8	0	2.97																			
embed	extended	c	G	p02657.c	struct	0					s2	4	73	190	190	1	1	74	73	-20.4	1	-19.2	19.01	0.986	-20.4	4	0	0	0	8	1	2.18																			
embed	extended	c	G	p02657.c	struct	0					s2	8	73	190	190	1	1	73	73	-21.98	1	-19.57	19.0	1.0	-21.98	8	0	0	2	8	1	2.62																			
capacity	extended	c	G	p02781.c	tok	0	361	361	329	282																																									
embed	extended	c	G	p02781.c	tok	0					s1	4	140	156	156	1	1	140	135	-18.83	1	-18.83	17.83	0.842	-33.51	4	0	1	0	8	0	2.49																			
embed	extended	c	G	p02781.c	tok	1					s1	8	140	156	155	4	1	143	141	-20.28	1	-20.28	19.23	0.965	-39.03	8	0	5	0	8	0	3.27																			
embed	extended	c	G	p02781.c	tok	1					s2	4	140	156	154	4	1	153	146	-34.51	1	-33.3	33.5	0.89	-34.51	4	0	0	0	8	0	2.51																			
embed	extended	c	G	p02781.c	tok	1					s2	8	140	156	154	4	1	153	147	-35.83	1	-33.42	33.29	0.89	-35.83	8	0	0	1	8	0	4.14																			
capacity	extended	c	G	p02781.c	struct	0	361	361	316	102																																									
embed	extended	c	G	p02781.c	struct	0					s1	4	67	187	187	1	1	67	67	-9.33	1	-9.33	8.89	1.0	-20.17	4	0	0	0	8	0	2.6																			
embed	extended	c	G	p02781.c	struct	0					s1	8	67	187	187	1	1	67	67	-9.33	1	-9.03	8.71	1.0	-20.17	8	0	4	0	8	0	3.51																			
embed	extended	c	G	p02781.c	struct	0					s2	4	67	187	187	1	1	67	67	-20.17	1	-18.96	19.02	1.0	-20.17	4	0	0	0	8	0	2.45																			
embed	extended	c	G	p02781.c	struct	0					s2	8	67	187	187	1	1	67	67	-20.17	1	-17.76	17.35	1.0	-20.17	8	0	0	0	8	1	3.92																			
capacity	extended	c	G	p02795.c	tok	0	300	300	284	212																																									
embed	extended	c	G	p02795.c	tok	1					s1	4	134	165	164	4	1	142	140	-17.97	1	-17.97	17.04	0.93	-38.74	4	0	1	0	7	0	1.86																			
embed	extended	c	G	p02795.c	tok	0					s1	8	134	165	165	1	1	134	134	-20.17	1	-20.17	18.01	1.0	-40.34	8	0	6	1	8	0	1.84																			
embed	extended	c	G	p02795.c	tok	0					s2	4	134	165	165	2	1	133	133	-40.04	1	-38.83	38.81	0.993	-40.04	4	0	0	0	7	0	2.65																			
embed	extended	c	G	p02795.c	tok	0					s2	8	134	165	165	2	1	134	132	-36.38	1	-33.97	34.16	0.914	-36.38	8	0	0	0	8	0	2.71																			
capacity	extended	c	G	p02795.c	struct	0	300	300	274	89																																									
embed	extended	c	G	p02795.c	struct	0					s1	4	60	172	172	1	1	59	59	-11.44	1	-11.44	10.76	0.983	-17.76	4	0	0	0	7	0	1.68																			
embed	extended	c	G	p02795.c	struct	0					s1	8	60	172	172	1	1	60	60	-11.74	1	-11.74	10.74	1.0	-18.06	8	0	0	0	8	0	2.85																			
embed	extended	c	G	p02795.c	struct	0					s2	4	60	172	172	2	1	60	60	-18.06	1	-16.86	16.48	1.0	-18.06	4	0	0	1	7	0	1.77																			
embed	extended	c	G	p02795.c	struct	0					s2	8	60	172	172	1	1	60	60	-18.06	1	-15.65	15.55	1.0	-18.06	8	0	0	1	8	0	2.09																			
capacity	extended	c	G	p02917.c	tok	0	234	234	218	184																																									
embed	extended	c	G	p02917.c	tok	1					s1	4	109	120	117	4	1	113	107	-12.23	1	-12.23	11.82	0.891	-24.59	4	0	1	0	8	0	1.19																			
embed	extended	c	G	p02917.c	tok	1					s1	8	109	120	119	4	1	107	105	-15.05	1	-15.05	13.27	0.964	-28.45	8	0	8	1	8	0	1.18																			
embed	extended	c	G	p02917.c	tok	1					s2	4	109	120	118	4	1	115	109	-25.15	1	-23.94	24.13	0.915	-25.15	4	0	0	0	8	0	1.32																			
embed	extended	c	G	p02917.c	tok	1					s2	8	109	120	119	4	1	110	108	-29.33	1	-26.92	27.25	0.973	-29.33	8	0	0	1	8	0	2.03																			
capacity	extended	c	G	p02917.c	struct	0	234	234	210	83																																									
embed	extended	c	G	p02917.c	struct	0					s1	4	53	127	127	2	1	54	54	-9.33	1	-9.33	8.89	0.981	-16.26	4	0	0	0	8	0	1.32																			
embed	extended	c	G	p02917.c	struct	0					s1	8	53	127	127	1	1	54	52	-7.83	1	-7.53	7.2	0.945	-13.08	8	0	0	0	8	0	2.11																			
embed	extended	c	G	p02917.c	struct	0					s2	4	53	127	127	1	1	54	54	-16.26	1	-15.05	15.08	0.945	-16.26	4	0	0	0	8	0	1.24																			
embed	extended	c	G	p02917.c	struct	0					s2	8	53	127	127	1	1	54	54	-16.26	1	-13.85	14.25	0.981	-16.26	8	0	0	0	8	1	1.46																			
capacity	extended	c	G	p02956.c	tok	1	351	350	336	268																																									
embed	extended	c	G	p02956.c	tok	1					s1	4	146	170	167	4	1	171	158	-17.22	1	-17.22	16.42	0.817	-32.41	4	0	2	0	8	0	3.53																			
embed	extended	c	G	p02956.c	tok	1					s1	8	146	170	170	1	1	146	146	-21.37	1	-21.37	19.83	1.0	-43.95	8	0	8	1	8	0	2.73																			
embed	extended	c	G	p02956.c	tok	1					s2	4	146	170	167	4	1	163	150	-30.28	1	-29.07	28.06	0.861	-30.28	4	0	0	0	8	2	3.64																			
embed	extended	c	G	p02956.c	tok	1					s2	8	146	170	168	4	1	160	151	-33.96	1	-31.55	31.4	0.889	-33.96	8	0	0	1	8	0	4.45																			
capacity	extended	c	G	p02956.c	struct	1	351	350	327	90																																									
embed	extended	c	G	p02956.c	struct	1					s1	4	66	210	210	1	1	66	66	-10.54	1	-10.54	9.93	1.0	-19.87	4	0	0	0	8	0	3.43																			
embed	extended	c	G	p02956.c	struct	1					s1	8	66	210	210	1	1	66	66	-10.54	1	-10.54	9.19	1.0	-19.87	8	0	4	1	8	0	3.0																			
embed	extended	c	G	p02956.c	struct	1					s2	4	66	210	210	1	1	66	66	-19.87	1	-18.66	18.99	1.0	-19.87	4	0	0	0	8	0	3.74																			
embed	extended	c	G	p02956.c	struct	1					s2	8	66	210	210	1	1	66	66	-19.87	1	-17.46	17.84	1.0	-19.87	8	0	0	0	8	0	3.45																			
capacity	extended	c	G	p03164.c	tok	0	338	338	319	258																																									
embed	extended	c	G	p03164.c	tok	1					s1	4	168	200	192	4	1	176	167	-19.87	1	-19.87	19.0	0.859	-38.4	4	0	2	0	8	0	2.36																			
embed	extended	c	G	p03164.c	tok	0					s1	8	168	200	197	4	1	174	167	-22.92	1	-22.92	22.59	0.89	-40.43	8	0	7	0	8	0	3.01																			
embed	extended	c	G	p03164.c	tok	0					s2	4	168	200	198	4	1	168	166	-46.42	1	-45.22	45.0	0.965	-46.42	4	0	0	0	8	1	2.3																			
embed	extended	c	G	p03164.c	tok	0					s2	8	168	200	196	4	1	174	170	-44.8	1	-42.39	41.98	0.911	-44.8	8	0	0	1	8	2	4.2																			
capacity	extended	c	G	p03164.c	struct	0	338	338	305	83																																									
embed	extended	c	G	p03164.c	struct	0					s1	4	56	208	208	1	1	56	55	-9.27	1	-9.27	8.76	0.965	-15.1	4	0	0	0	8	0	2.52																			
embed	extended	c	G	p03164.c	struct	0					s1	8	56	208	208	1	1	56	55	-9.27	1	-9.27	8.09	0.965	-15.1	8	0	2	0	8	0	3.1																			
embed	extended	c	G	p03164.c	struct	0					s2	4	56	208	208	1	1	56	56	-16.86	1	-15.65	15.2	1.0	-16.86	4	0	0	1	8	2	2.48																			
embed	extended	c	G	p03164.c	struct	0					s2	8	56	208	208	1	1	56	55	-15.1	1	-12.69	12.82	0.965	-15.1	8	0	0	2	8	0	3.75																			
capacity	extended	c	G	p03266.c	tok	0	254	254	231	198																																									
embed	extended	c	G	p03266.c	tok	1					s1	4	113	130	129	4	1	114	113	-15.1	1	-15.1	14.34	0.974	-32.26	4	0	1	0	8	1	1.57																			
embed	extended	c	G	p03266.c	tok	1					s1	8	113	130	128	4	1	116	112	-14.81	1	-14.81	13.96	0.941	-28.05	8	0	7	0	8	1	1.4																			
embed	extended	c	G	p03266.c	tok	1					s2	4	113	130	128	4	1	116	113	-29.5	1	-28.3	27.91	0.941	-29.5	4	0	0	0	8	0	2.17																			
embed	extended	c	G	p03266.c	tok	1					s2	8	113	130	128	4	1	122	115	-25.87	1	-23.46	23.5	0.895	-25.87	8	0	0	1	8	0	2.38																			
capacity	extended	c	G	p03266.c	struct	0	254	254	218	75																																									
embed	extended	c	G	p03266.c	struct	0					s1	4	50	139	139	1	1	50	50	-7.53	1	-7.53	6.85	1.0	-15.05	4	0	0	0	8	0	1.52																			
embed	extended	c	G	p03266.c	struct	0					s1	8	50	139	139	1	1	50	50	-7.53	1	-7.53	7.06	1.0	-15.05	8	0	2	0	8	0	1.46																			
embed	extended	c	G	p03266.c	struct	0					s2	4	50	139	139	1	1	50	50	-15.05	1	-13.85	13.83	1.0	-15.05	4	0	0	0	8	0	2.3																			
embed	extended	c	G	p03266.c	struct	0					s2	8	50	139	139	1	1	50	50	-15.05	1	-12.64	12.94	1.0	-15.05	8	0	0	0	8	0	1.66																			
capacity	extended	c	G	p03430.c	tok	0	485	485	462	382																																									
embed	extended	c	G	p03430.c	tok	1					s1	4	178	197	194	4	1	203	188	-18.78	1	-18.78	18.24	0.841	-38.81	4	0	1	0	8	0	5.7																			
embed	extended	c	G	p03430.c	tok	1					s1	8	178	197	191	4	1	207	185	-20.66	1	-20.66	19.44	0.808	-32.86	8	0	5	0	8	2	6.04																			
embed	extended	c	G	p03430.c	tok	1					s2	4	178	197	189	4	1	231	198	-29.44	1	-28.24	28.08	0.708	-29.44	4	0	0	0	8	0	5.33																			
embed	extended	c	G	p03430.c	tok	1					s2	8	178	197	192	4	1	196	183	-39.14	1	-36.73	34.18	0.856	-39.14	8	1	1	1	8	0	6.99																			
capacity	extended	c	G	p03430.c	struct	0	485	485	422	104																																									
embed	extended	c	G	p03430.c	struct	0					s1	4	67	272	272	1	1	67	67	-10.24	1	-10.24	9.99	1.0	-20.17	4	0	0	0	8	0	6.49																			
embed	extended	c	G	p03430.c	struct	0					s1	8	67	272	272	1	1	67	67	-10.24	1	-10.24	9.29	1.0	-20.17	8	0	3	0	8	1	6.13																			
embed	extended	c	G	p03430.c	struct	0					s2	4	67	272	272	1	1	67	67	-20.17	1	-18.96	19.38	1.0	-20.17	4	0	0	0	8	0	5.96																			
embed	extended	c	G	p03430.c	struct	0					s2	8	67	272	272	1	1	67	67	-20.17	1	-17.76	17.7	1.0	-20.17	8	0	0	0	8	1	6.44																			
capacity	extended	c	G	p03433.c	tok	0	101	101	96	81																																									
embed	extended	c	G	p03433.c	tok	0					s1	4	46	52	51	4	1	44	44	-6.62	1	-6.62	6.24	0.957	-13.25	4	0	0	0	8	0	0.23																			
embed	extended	c	G	p03433.c	tok	0					s1	8	46	52	51	4	1	48	46	-5.28	1	-5.28	4.73	0.918	-11.38	8	0	0	0	8	0	0.21																			
embed	extended	c	G	p03433.c	tok	0					s2	4	46	52	49	4	1	47	45	-11.1	1	-9.89	10.18	0.843	-11.1	4	0	0	0	8	0	0.22																			
embed	extended	c	G	p03433.c	tok	0					s2	8	46	52	49	4	1	47	46	-12.47	1	-10.06	10.07	0.86	-12.47	8	0	0	0	8	2	0.57																			
capacity	extended	c	G	p03433.c	struct	0	101	101	90	45																																									
embed	extended	c	G	p03433.c	struct	0					s1	4	29	56	56	1	1	29	29	-4.21	1	-4.21	3.17	1.0	-8.73	4	0	0	0	8	0	0.21																			
embed	extended	c	G	p03433.c	struct	0					s1	8	29	56	56	1	1	29	29	-4.21	1	-3.91	2.67	1.0	-8.73	8	0	1	1	8	0	0.22																			
embed	extended	c	G	p03433.c	struct	0					s2	4	29	56	56	1	1	29	29	-8.73	1	-7.53	7.85	1.0	-8.73	4	0	0	0	8	0	0.24																			
embed	extended	c	G	p03433.c	struct	0					s2	8	29	56	56	1	1	29	29	-8.73	1	-6.32	6.34	1.0	-8.73	8	0	0	0	8	0	0.42																			
capacity	extended	c	G	p03434.c	tok	0	414	414	390	336																																									
embed	extended	c	G	p03434.c	tok	1					s1	4	177	203	197	4	1	208	188	-23.21	1	-23.21	22.74	0.792	-35.0	4	0	1	0	7	0	4.16																			
embed	extended	c	G	p03434.c	tok	1					s1	8	177	203	197	4	1	209	188	-19.06	1	-19.06	18.13	0.788	-34.3	8	0	7	0	8	0	3.53																			
embed	extended	c	G	p03434.c	tok	1					s2	4	177	203	199	4	1	194	181	-38.6	1	-37.4	36.71	0.869	-38.6	4	0	0	1	7	1	4.31																			
embed	extended	c	G	p03434.c	tok	1					s2	8	177	203	197	4	1	211	188	-32.96	1	-30.55	30.77	0.784	-32.96	8	0	0	0	8	1	4.86																			
capacity	extended	c	G	p03434.c	struct	0	414	414	375	85																																									
embed	extended	c	G	p03434.c	struct	0					s1	4	58	264	264	1	1	58	58	-9.63	1	-9.63	9.39	1.0	-17.46	4	0	0	0	7	2	3.31																			
embed	extended	c	G	p03434.c	struct	0					s1	8	58	264	264	1	1	58	58	-9.63	1	-9.63	8.37	1.0	-17.46	8	0	3	0	8	1	4.33																			
embed	extended	c	G	p03434.c	struct	0					s2	4	58	264	264	1	1	58	58	-17.46	1	-16.26	16.33	1.0	-17.46	4	0	0	0	7	0	3.44																			
embed	extended	c	G	p03434.c	struct	0					s2	8	58	264	264	1	1	58	58	-17.46	1	-15.05	14.89	1.0	-17.46	8	0	0	0	8	0	4.47																			
capacity	extended	c	G	p03454.c	tok	0	406	406	373	320																																									
embed	extended	c	G	p03454.c	tok	1					s1	4	186	213	212	4	1	202	196	-24.59	1	-24.59	23.14	0.911	-49.85	4	0	2	1	8	0	3.51																			
embed	extended	c	G	p03454.c	tok	0					s1	8	186	213	213	1	1	186	186	-27.39	1	-27.39	26.24	1.0	-55.99	8	0	8	0	8	1	4.68																			
embed	extended	c	G	p03454.c	tok	1					s2	4	186	213	212	4	1	202	195	-48.4	1	-47.2	47.36	0.911	-48.4	4	0	0	0	8	0	3.7																			
embed	extended	c	G	p03454.c	tok	0					s2	8	186	213	213	1	1	186	186	-55.99	1	-53.58	53.1	1.0	-55.99	8	0	0	1	8	0	5.84																			
capacity	extended	c	G	p03454.c	struct	0	406	406	363	118																																									
embed	extended	c	G	p03454.c	struct	0					s1	4	82	235	235	1	1	82	82	-11.74	1	-11.74	11.54	1.0	-24.68	4	0	0	0	8	1	3.57																			
embed	extended	c	G	p03454.c	struct	0					s1	8	82	235	235	1	1	82	82	-11.74	1	-11.74	10.47	1.0	-24.68	8	0	3	0	8	0	4.81																			
embed	extended	c	G	p03454.c	struct	0					s2	4	82	235	235	1	1	82	82	-24.68	1	-23.48	23.56	1.0	-24.68	4	0	0	0	8	0	3.73																			
embed	extended	c	G	p03454.c	struct	0					s2	8	82	235	235	1	1	82	82	-24.68	1	-22.28	22.41	1.0	-24.68	8	0	0	0	8	1	5.76																			
capacity	extended	c	G	p03459.c	tok	0	365	365	347	277																																									
embed	extended	c	G	p03459.c	tok	0					s1	4	172	204	194	4	1	185	174	-18.42	1	-18.42	17.88	0.821	-38.46	4	0	1	0	7	0	3.26																			
embed	extended	c	G	p03459.c	tok	0					s1	8	172	204	194	4	1	185	176	-18.42	1	-18.42	17.47	0.831	-40.91	8	0	8	0	8	0	2.77																			
embed	extended	c	G	p03459.c	tok	0					s2	4	172	204	196	4	1	183	173	-39.11	1	-37.9	37.69	0.849	-39.11	4	0	0	0	7	0	3.37																			
embed	extended	c	G	p03459.c	tok	0					s2	8	172	204	194	4	1	175	166	-38.12	1	-35.71	34.74	0.876	-38.12	8	0	0	1	8	1	3.91																			
capacity	extended	c	G	p03459.c	struct	0	365	365	325	95																																									
embed	extended	c	G	p03459.c	struct	0					s1	4	63	219	219	1	1	63	62	-11.74	1	-11.74	11.16	0.969	-17.16	4	0	0	0	7	0	3.51																			
embed	extended	c	G	p03459.c	struct	0					s1	8	63	219	219	1	1	63	62	-11.74	1	-11.74	10.47	0.969	-17.16	8	0	1	0	8	0	2.38																			
embed	extended	c	G	p03459.c	struct	0					s2	4	63	219	219	1	1	63	63	-18.96	1	-17.76	17.78	1.0	-18.96	4	0	0	0	7	0	2.62																			
embed	extended	c	G	p03459.c	struct	0					s2	8	63	219	219	1	1	63	62	-17.16	1	-14.75	13.38	0.969	-17.16	8	0	0	1	8	0	4.21																			
capacity	extended	c	G	p03582.c	tok	0	300	300	273	217																																									
embed	extended	c	G	p03582.c	tok	1					s1	4	137	166	165	4	1	144	144	-20.77	1	-20.77	19.64	0.938	-43.35	4	0	4	0	8	1	2.6																			
embed	extended	c	G	p03582.c	tok	0					s1	8	137	166	166	1	1	128	125	-17.45	1	-17.45	16.38	0.866	-32.99	8	0	8	0	8	0	2.15																			
embed	extended	c	G	p03582.c	tok	0					s2	4	137	166	166	1	1	137	136	-39.1	1	-37.9	37.89	0.986	-39.1	4	0	0	0	8	0	2.26																			
embed	extended	c	G	p03582.c	tok	1					s2	8	137	166	165	4	1	144	140	-36.1	1	-33.69	33.78	0.938	-36.1	8	0	0	0	8	0	2.85																			
capacity	extended	c	G	p03582.c	struct	0	300	300	270	92																																									
embed	extended	c	G	p03582.c	struct	0					s1	4	59	173	173	1	1	59	58	-8.13	1	-8.13	7.83	0.967	-15.98	4	0	0	0	8	0	2.89																			
embed	extended	c	G	p03582.c	struct	0					s1	8	59	173	173	1	1	59	59	-8.13	1	-8.13	6.91	1.0	-17.76	8	0	4	0	8	0	2.2																			
embed	extended	c	G	p03582.c	struct	0					s2	4	59	173	173	1	1	59	58	-15.98	1	-14.78	15.16	0.967	-15.98	4	0	0	0	8	0	1.71																			
embed	extended	c	G	p03582.c	struct	0					s2	8	59	173	173	2	1	59	59	-17.76	1	-15.35	16.02	1.0	-17.76	8	0	0	1	8	0	3.17																			
capacity	extended	c	H	p00134.c	tok	0	13	13	10	10								7																																	
null	extended	c	H	p00134.c	tok						s1	4						7															0.481	0.04	0.0																
null	extended	c	H	p00134.c	tok						s1	8						7															0.562	0.06	0.0																
null	extended	c	H	p00134.c	tok						s2	4						7															0.486	0.06	0.0																
null	extended	c	H	p00134.c	tok						s2	8						7															0.454	0.0	0.0																
capacity	extended	c	H	p00134.c	struct	0	13	13	9	9								6																																	
null	extended	c	H	p00134.c	struct						s1	4						6															0.567	0.02	0.0																
null	extended	c	H	p00134.c	struct						s1	8						6															0.538	0.08	0.0																
null	extended	c	H	p00134.c	struct						s2	4						6															0.463	0.02	0.0																
null	extended	c	H	p00134.c	struct						s2	8						6															0.531	0.08	0.0																
capacity	extended	c	H	p00202.c	tok	0	48	48	44	37								17																																	
null	extended	c	H	p00202.c	tok						s1	4						17															0.493	0.04	0.0																
null	extended	c	H	p00202.c	tok						s1	8						17															0.476	0.02	0.0																
null	extended	c	H	p00202.c	tok						s2	4						17															0.492	0.02	0.0																
null	extended	c	H	p00202.c	tok						s2	8						17															0.473	0.04	0.0																
capacity	extended	c	H	p00202.c	struct	0	48	48	40	25								15																																	
null	extended	c	H	p00202.c	struct						s1	4						15															0.54	0.06	0.0																
null	extended	c	H	p00202.c	struct						s1	8						15															0.534	0.04	0.0																
null	extended	c	H	p00202.c	struct						s2	4						15															0.455	0.04	0.1																
null	extended	c	H	p00202.c	struct						s2	8						15															0.483	0.06	0.0																
capacity	extended	c	H	p00353.c	tok	0	7	6	5	5								3																																	
null	extended	c	H	p00353.c	tok						s1	4						3															0.519	0.08	0.0																
null	extended	c	H	p00353.c	tok						s1	8						3															0.52	0.02	0.0																
null	extended	c	H	p00353.c	tok						s2	4						3															0.539	0.02	0.0																
null	extended	c	H	p00353.c	tok						s2	8						3															0.533	0.06	0.0																
capacity	extended	c	H	p00353.c	struct	0	7	6	5	5								3																																	
null	extended	c	H	p00353.c	struct						s1	4						3															0.479	0.02	0.0																
null	extended	c	H	p00353.c	struct						s1	8						3															0.5	0.02	0.0																
null	extended	c	H	p00353.c	struct						s2	4						3															0.42	0.12	0.0																
null	extended	c	H	p00353.c	struct						s2	8						3															0.532	0.0	0.0																
capacity	extended	c	H	p00992.c	tok	0	19	18	15	14								9																																	
null	extended	c	H	p00992.c	tok						s1	4						9															0.51	0.06	0.0																
null	extended	c	H	p00992.c	tok						s1	8						9															0.435	0.02	0.0																
null	extended	c	H	p00992.c	tok						s2	4						9															0.485	0.06	0.0																
null	extended	c	H	p00992.c	tok						s2	8						9															0.526	0.06	0.0																
capacity	extended	c	H	p00992.c	struct	0	19	18	14	11								8																																	
null	extended	c	H	p00992.c	struct						s1	4						8															0.524	0.1	0.0																
null	extended	c	H	p00992.c	struct						s1	8						8															0.49	0.04	0.0																
null	extended	c	H	p00992.c	struct						s2	4						8															0.51	0.02	0.0																
null	extended	c	H	p00992.c	struct						s2	8						8															0.488	0.0	0.0																
capacity	extended	c	H	p01371.c	tok	0	34	33	31	29								6																																	
null	extended	c	H	p01371.c	tok						s1	4						6															0.501	0.06	0.0																
null	extended	c	H	p01371.c	tok						s1	8						6															0.579	0.06	0.0																
null	extended	c	H	p01371.c	tok						s2	4						6															0.523	0.02	0.0																
null	extended	c	H	p01371.c	tok						s2	8						6															0.509	0.06	0.0																
capacity	extended	c	H	p01371.c	struct	0	34	33	28	15								10																																	
null	extended	c	H	p01371.c	struct						s1	4						10															0.513	0.04	0.0																
null	extended	c	H	p01371.c	struct						s1	8						10															0.515	0.1	0.0																
null	extended	c	H	p01371.c	struct						s2	4						10															0.563	0.04	0.0																
null	extended	c	H	p01371.c	struct						s2	8						10															0.463	0.06	0.0																
capacity	extended	c	H	p01457.c	tok	0	8	8	6	6								4																																	
null	extended	c	H	p01457.c	tok						s1	4						4															0.498	0.06	0.0																
null	extended	c	H	p01457.c	tok						s1	8						4															0.464	0.06	0.0																
null	extended	c	H	p01457.c	tok						s2	4						4															0.455	0.1	0.0																
null	extended	c	H	p01457.c	tok						s2	8						4															0.501	0.04	0.0																
capacity	extended	c	H	p01457.c	struct	0	8	8	5	5								3																																	
null	extended	c	H	p01457.c	struct						s1	4						3															0.483	0.02	0.0																
null	extended	c	H	p01457.c	struct						s1	8						3															0.59	0.02	0.0																
null	extended	c	H	p01457.c	struct						s2	4						3															0.5	0.02	0.0																
null	extended	c	H	p01457.c	struct						s2	8						3															0.497	0.06	0.0																
capacity	extended	c	H	p02236.c	tok	0	63	63	47	39								16																																	
null	extended	c	H	p02236.c	tok						s1	4						16															0.511	0.0	0.1																
null	extended	c	H	p02236.c	tok						s1	8						16															0.444	0.08	0.0																
null	extended	c	H	p02236.c	tok						s2	4						16															0.514	0.08	0.0																
null	extended	c	H	p02236.c	tok						s2	8						16															0.544	0.04	0.0																
capacity	extended	c	H	p02236.c	struct	0	63	63	42	16								11																																	
null	extended	c	H	p02236.c	struct						s1	4						11															0.506	0.08	0.0																
null	extended	c	H	p02236.c	struct						s1	8						11															0.559	0.04	0.0																
null	extended	c	H	p02236.c	struct						s2	4						11															0.499	0.02	0.1																
null	extended	c	H	p02236.c	struct						s2	8						11															0.496	0.02	0.0																
capacity	extended	c	H	p02657.c	tok	0	2	1	0	0								0																																	
null	extended	c	H	p02657.c	tok						s1	4						0															0.459	0.06	0.0																
null	extended	c	H	p02657.c	tok						s1	8						0															0.448	0.04	0.0																
null	extended	c	H	p02657.c	tok						s2	4						0															0.503	0.06	0.0																
null	extended	c	H	p02657.c	tok						s2	8						0															0.47	0.02	0.0																
capacity	extended	c	H	p02657.c	struct	0	2	1	0	0								0																																	
null	extended	c	H	p02657.c	struct						s1	4						0															0.481	0.02	0.0																
null	extended	c	H	p02657.c	struct						s1	8						0															0.529	0.06	0.0																
null	extended	c	H	p02657.c	struct						s2	4						0															0.505	0.04	0.0																
null	extended	c	H	p02657.c	struct						s2	8						0															0.481	0.06	0.0																
capacity	extended	c	H	p02781.c	tok	0	32	31	30	24								19																																	
null	extended	c	H	p02781.c	tok						s1	4						19															0.467	0.04	0.0																
null	extended	c	H	p02781.c	tok						s1	8						19															0.523	0.06	0.0																
null	extended	c	H	p02781.c	tok						s2	4						19															0.466	0.1	0.0																
null	extended	c	H	p02781.c	tok						s2	8						19															0.471	0.12	0.0																
capacity	extended	c	H	p02781.c	struct	0	32	31	30	23								18																																	
null	extended	c	H	p02781.c	struct						s1	4						18															0.483	0.08	0.0																
null	extended	c	H	p02781.c	struct						s1	8						18															0.516	0.08	0.0																
null	extended	c	H	p02781.c	struct						s2	4						18															0.536	0.06	0.0																
null	extended	c	H	p02781.c	struct						s2	8						18															0.444	0.04	0.0																
capacity	extended	c	H	p02795.c	tok	0	15	14	10	9								3																																	
null	extended	c	H	p02795.c	tok						s1	4						3															0.549	0.02	0.0																
null	extended	c	H	p02795.c	tok						s1	8						3															0.437	0.02	0.0																
null	extended	c	H	p02795.c	tok						s2	4						3															0.552	0.06	0.0																
null	extended	c	H	p02795.c	tok						s2	8						3															0.501	0.06	0.0																
capacity	extended	c	H	p02795.c	struct	0	15	14	10	6								3																																	
null	extended	c	H	p02795.c	struct						s1	4						3															0.544	0.02	0.0																
null	extended	c	H	p02795.c	struct						s1	8						3															0.45	0.06	0.0																
null	extended	c	H	p02795.c	struct						s2	4						3															0.453	0.08	0.0																
null	extended	c	H	p02795.c	struct						s2	8						3															0.514	0.04	0.0																
capacity	extended	c	H	p02917.c	tok	0	11	10	9	9								3																																	
null	extended	c	H	p02917.c	tok						s1	4						3															0.413	0.06	0.0																
null	extended	c	H	p02917.c	tok						s1	8						3															0.533	0.08	0.0																
null	extended	c	H	p02917.c	tok						s2	4						3															0.418	0.08	0.0																
null	extended	c	H	p02917.c	tok						s2	8						3															0.53	0.04	0.0																
capacity	extended	c	H	p02917.c	struct	0	11	10	8	8								5																																	
null	extended	c	H	p02917.c	struct						s1	4						5															0.567	0.02	0.0																
null	extended	c	H	p02917.c	struct						s1	8						5															0.482	0.08	0.0																
null	extended	c	H	p02917.c	struct						s2	4						5															0.45	0.08	0.0																
null	extended	c	H	p02917.c	struct						s2	8						5															0.49	0.04	0.0																
capacity	extended	c	H	p02956.c	tok	2	76	76	74	57								44																																	
null	extended	c	H	p02956.c	tok						s1	4						44															0.536	0.04	0.0																
null	extended	c	H	p02956.c	tok						s1	8						44															0.523	0.04	0.0																
null	extended	c	H	p02956.c	tok						s2	4						44															0.46	0.08	0.0																
null	extended	c	H	p02956.c	tok						s2	8						44															0.506	0.06	0.0																
capacity	extended	c	H	p02956.c	struct	2	76	76	71	28								23																																	
null	extended	c	H	p02956.c	struct						s1	4						23															0.581	0.02	0.0																
null	extended	c	H	p02956.c	struct						s1	8						23															0.502	0.14	0.1																
null	extended	c	H	p02956.c	struct						s2	4						23															0.497	0.06	0.1																
null	extended	c	H	p02956.c	struct						s2	8						23															0.484	0.0	0.0																
capacity	extended	c	H	p03164.c	tok	0	182	181	158	131								86																																	
null	extended	c	H	p03164.c	tok						s1	4						86															0.55	0.06	0.0																
null	extended	c	H	p03164.c	tok						s1	8						86															0.505	0.04	0.0																
null	extended	c	H	p03164.c	tok						s2	4						86															0.572	0.04	0.0																
null	extended	c	H	p03164.c	tok						s2	8						86															0.523	0.08	0.0																
capacity	extended	c	H	p03164.c	struct	0	182	181	153	44								35																																	
null	extended	c	H	p03164.c	struct						s1	4						35															0.487	0.1	0.1																
null	extended	c	H	p03164.c	struct						s1	8						35															0.448	0.12	0.0																
null	extended	c	H	p03164.c	struct						s2	4						35															0.516	0.08	0.1																
null	extended	c	H	p03164.c	struct						s2	8						35															0.559	0.02	0.0																
capacity	extended	c	H	p03266.c	tok	0	8	8	6	6								6																																	
null	extended	c	H	p03266.c	tok						s1	4						6															0.496	0.06	0.0																
null	extended	c	H	p03266.c	tok						s1	8						6															0.508	0.12	0.0																
null	extended	c	H	p03266.c	tok						s2	4						6															0.479	0.06	0.0																
null	extended	c	H	p03266.c	tok						s2	8						6															0.495	0.08	0.0																
capacity	extended	c	H	p03266.c	struct	0	8	8	5	5								5																																	
null	extended	c	H	p03266.c	struct						s1	4						5															0.517	0.04	0.0																
null	extended	c	H	p03266.c	struct						s1	8						5															0.567	0.08	0.0																
null	extended	c	H	p03266.c	struct						s2	4						5															0.448	0.06	0.0																
null	extended	c	H	p03266.c	struct						s2	8						5															0.492	0.08	0.0																
capacity	extended	c	H	p03430.c	tok	0	39	39	38	30								6																																	
null	extended	c	H	p03430.c	tok						s1	4						6															0.594	0.02	0.0																
null	extended	c	H	p03430.c	tok						s1	8						6															0.477	0.08	0.0																
null	extended	c	H	p03430.c	tok						s2	4						6															0.481	0.08	0.0																
null	extended	c	H	p03430.c	tok						s2	8						6															0.489	0.06	0.0																
capacity	extended	c	H	p03430.c	struct	0	39	39	32	21								14																																	
null	extended	c	H	p03430.c	struct						s1	4						14															0.558	0.04	0.0																
null	extended	c	H	p03430.c	struct						s1	8						14															0.498	0.14	0.0																
null	extended	c	H	p03430.c	struct						s2	4						14															0.522	0.04	0.0																
null	extended	c	H	p03430.c	struct						s2	8						14															0.508	0.02	0.0																
capacity	extended	c	H	p03433.c	tok	0	8	7	6	6								4																																	
null	extended	c	H	p03433.c	tok						s1	4						4															0.424	0.04	0.0																
null	extended	c	H	p03433.c	tok						s1	8						4															0.536	0.1	0.0																
null	extended	c	H	p03433.c	tok						s2	4						4															0.506	0.02	0.0																
null	extended	c	H	p03433.c	tok						s2	8						4															0.457	0.08	0.0																
capacity	extended	c	H	p03433.c	struct	0	8	7	6	6								4																																	
null	extended	c	H	p03433.c	struct						s1	4						4															0.544	0.06	0.0																
null	extended	c	H	p03433.c	struct						s1	8						4															0.557	0.04	0.0																
null	extended	c	H	p03433.c	struct						s2	4						4															0.51	0.02	0.0																
null	extended	c	H	p03433.c	struct						s2	8						4															0.533	0.06	0.0																
capacity	extended	c	H	p03434.c	tok	0	36	35	29	15								7																																	
null	extended	c	H	p03434.c	tok						s1	4						7															0.549	0.04	0.0																
null	extended	c	H	p03434.c	tok						s1	8						7															0.485	0.02	0.0																
null	extended	c	H	p03434.c	tok						s2	4						7															0.497	0.04	0.0																
null	extended	c	H	p03434.c	tok						s2	8						7															0.491	0.02	0.0																
capacity	extended	c	H	p03434.c	struct	0	36	35	28	10								8																																	
null	extended	c	H	p03434.c	struct						s1	4						8															0.52	0.02	0.0																
null	extended	c	H	p03434.c	struct						s1	8						8															0.484	0.04	0.0																
null	extended	c	H	p03434.c	struct						s2	4						8															0.55	0.06	0.0																
null	extended	c	H	p03434.c	struct						s2	8						8															0.542	0.04	0.0																
capacity	extended	c	H	p03454.c	tok	0	229	228	197	172								82																																	
null	extended	c	H	p03454.c	tok						s1	4						82															0.45	0.06	0.2																
null	extended	c	H	p03454.c	tok						s1	8						82															0.597	0.02	0.0																
null	extended	c	H	p03454.c	tok						s2	4						82															0.501	0.04	0.0																
null	extended	c	H	p03454.c	tok						s2	8						82															0.416	0.06	0.0																
capacity	extended	c	H	p03454.c	struct	0	229	228	184	75								57																																	
null	extended	c	H	p03454.c	struct						s1	4						57															0.459	0.08	0.0																
null	extended	c	H	p03454.c	struct						s1	8						57															0.514	0.02	0.0																
null	extended	c	H	p03454.c	struct						s2	4						57															0.449	0.06	0.0																
null	extended	c	H	p03454.c	struct						s2	8						57															0.483	0.08	0.0																
capacity	extended	c	H	p03459.c	tok	0	38	37	34	28								11																																	
null	extended	c	H	p03459.c	tok						s1	4						11															0.44	0.06	0.0																
null	extended	c	H	p03459.c	tok						s1	8						11															0.492	0.06	0.0																
null	extended	c	H	p03459.c	tok						s2	4						11															0.514	0.08	0.0																
null	extended	c	H	p03459.c	tok						s2	8						11															0.5	0.04	0.0																
capacity	extended	c	H	p03459.c	struct	0	38	37	27	15								9																																	
null	extended	c	H	p03459.c	struct						s1	4						9															0.498	0.0	0.0																
null	extended	c	H	p03459.c	struct						s1	8						9															0.4	0.1	0.0																
null	extended	c	H	p03459.c	struct						s2	4						9															0.463	0.06	0.0																
null	extended	c	H	p03459.c	struct						s2	8						9															0.596	0.02	0.0																
capacity	extended	c	H	p03582.c	tok	0	49	49	46	32								18																																	
null	extended	c	H	p03582.c	tok						s1	4						18															0.512	0.04	0.0																
null	extended	c	H	p03582.c	tok						s1	8						18															0.413	0.04	0.1																
null	extended	c	H	p03582.c	tok						s2	4						18															0.537	0.06	0.0																
null	extended	c	H	p03582.c	tok						s2	8						18															0.552	0.02	0.0																
capacity	extended	c	H	p03582.c	struct	0	49	49	38	21								15																																	
null	extended	c	H	p03582.c	struct						s1	4						15															0.498	0.08	0.0																
null	extended	c	H	p03582.c	struct						s1	8						15															0.535	0.08	0.0																
null	extended	c	H	p03582.c	struct						s2	4						15															0.483	0.04	0.0																
null	extended	c	H	p03582.c	struct						s2	8						15															0.543	0.04	0.0																
capacity	extended	cpp	G	p00134.cpp	tok	1	297	295	284	232																																									
embed	extended	cpp	G	p00134.cpp	tok	1					s1	4	127	158	157	4	1	129	129	-21.98	1	-21.98	21.59	0.969	-38.83	4	0	0	0	8	0	2.48																			
embed	extended	cpp	G	p00134.cpp	tok	1					s1	8	127	158	154	4	1	149	138	-15.84	1	-15.84	14.19	0.804	-28.68	8	0	4	2	8	2	2.72																			
embed	extended	cpp	G	p00134.cpp	tok	1					s2	4	127	158	154	4	1	148	135	-26.33	1	-25.12	24.79	0.809	-26.33	4	0	0	1	8	0	3.36																			
embed	extended	cpp	G	p00134.cpp	tok	1					s2	8	127	158	156	4	1	132	127	-31.23	1	-28.82	28.52	0.933	-31.23	8	0	0	1	8	0	3.37																			
capacity	extended	cpp	G	p00134.cpp	struct	1	297	295	270	85																																									
embed	extended	cpp	G	p00134.cpp	struct	1					s1	4	63	191	191	1	1	63	63	-10.84	1	-10.84	9.66	1.0	-18.96	4	0	1	0	8	0	2.61																			
embed	extended	cpp	G	p00134.cpp	struct	1					s1	8	63	191	191	1	1	63	63	-10.84	1	-10.84	8.59	1.0	-18.96	8	0	2	1	8	0	2.45																			
embed	extended	cpp	G	p00134.cpp	struct	1					s2	4	63	191	191	1	1	63	63	-18.96	1	-17.76	17.55	1.0	-18.96	4	0	0	0	8	1	3.49																			
embed	extended	cpp	G	p00134.cpp	struct	1					s2	8	63	191	191	1	1	63	63	-18.96	1	-16.56	16.38	1.0	-18.96	8	0	0	0	8	0	2.92																			
capacity	extended	cpp	G	p00202.cpp	tok	1	285	281	275	239																																									
embed	extended	cpp	G	p00202.cpp	tok	1					s1	4	137	153	148	4	1	147	140	-19.99	1	-19.99	19.65	0.863	-32.82	4	0	0	0	6	0	2.13																			
embed	extended	cpp	G	p00202.cpp	tok	1					s1	8	137	153	144	4	1	149	141	-16.95	1	-16.95	16.65	0.805	-32.13	8	0	7	0	7	0	2.31																			
embed	extended	cpp	G	p00202.cpp	tok	1					s2	4	137	153	144	4	1	150	136	-25.85	1	-24.65	23.8	0.779	-25.85	4	0	0	1	6	3	2.86																			
embed	extended	cpp	G	p00202.cpp	tok	1					s2	8	137	153	143	4	1	156	141	-26.43	1	-24.03	24.04	0.756	-26.43	8	0	0	0	7	1	3.18																			
capacity	extended	cpp	G	p00202.cpp	struct	1	285	281	256	91																																									
embed	extended	cpp	G	p00202.cpp	struct	1					s1	4	69	196	196	1	1	69	69	-12.94	1	-12.94	12.38	1.0	-20.77	4	0	1	0	6	0	1.86																			
embed	extended	cpp	G	p00202.cpp	struct	1					s1	8	69	196	196	1	1	70	69	-11.59	1	-11.29	10.53	0.986	-19.22	8	0	0	0	7	0	2.12																			
embed	extended	cpp	G	p00202.cpp	struct	1					s2	4	69	196	196	1	1	69	69	-20.77	1	-19.57	19.64	1.0	-20.77	4	0	0	0	6	0	3.04																			
embed	extended	cpp	G	p00202.cpp	struct	1					s2	8	69	196	196	1	1	70	70	-21.07	1	-18.66	18.52	0.986	-21.07	8	0	0	0	7	0	2.63																			
capacity	extended	cpp	G	p00353.cpp	tok	0	275	274	263	233																																									
embed	extended	cpp	G	p00353.cpp	tok	0					s1	4	146	166	160	4	1	149	144	-14.62	1	-14.62	14.28	0.903	-36.08	4	0	2	0	7	0	2.16																			
embed	extended	cpp	G	p00353.cpp	tok	0					s1	8	146	166	158	4	1	148	141	-13.16	1	-13.16	11.97	0.885	-33.1	8	0	8	0	8	0	2.73																			
embed	extended	cpp	G	p00353.cpp	tok	0					s2	4	146	166	157	4	1	150	145	-36.37	1	-35.16	35.15	0.862	-36.37	4	0	0	0	7	0	2.01																			
embed	extended	cpp	G	p00353.cpp	tok	0					s2	8	146	166	161	4	1	150	145	-36.37	1	-33.96	33.9	0.91	-36.37	8	0	0	0	8	0	3.06																			
capacity	extended	cpp	G	p00353.cpp	struct	0	275	274	246	105																																									
embed	extended	cpp	G	p00353.cpp	struct	0					s1	4	75	180	180	1	1	75	75	-10.84	1	-10.84	9.92	1.0	-22.58	4	0	1	0	7	0	2.73																			
embed	extended	cpp	G	p00353.cpp	struct	0					s1	8	75	180	180	1	1	75	75	-10.84	1	-10.84	10.14	1.0	-22.58	8	0	4	0	8	0	2.34																			
embed	extended	cpp	G	p00353.cpp	struct	0					s2	4	75	180	180	1	1	75	75	-22.58	1	-21.37	21.49	1.0	-22.58	4	0	0	0	7	0	2.16																			
embed	extended	cpp	G	p00353.cpp	struct	0					s2	8	75	180	180	1	1	75	75	-22.58	1	-20.17	20.58	1.0	-22.58	8	0	0	0	8	0	3.27																			
capacity	extended	cpp	G	p00992.cpp	tok	2	241	238	233	205																																									
embed	extended	cpp	G	p00992.cpp	tok	2					s1	4	137	158	158	1	1	137	137	-20.17	1	-20.17	19.21	1.0	-41.24	4	0	2	0	7	0	1.88																			
embed	extended	cpp	G	p00992.cpp	tok	2					s1	8	137	158	158	1	1	137	137	-20.17	1	-20.17	18.57	1.0	-41.24	8	0	8	1	8	0	1.78																			
embed	extended	cpp	G	p00992.cpp	tok	2					s2	4	137	158	158	1	1	137	137	-41.24	1	-40.04	39.72	1.0	-41.24	4	0	0	1	7	1	1.68																			
embed	extended	cpp	G	p00992.cpp	tok	2					s2	8	137	158	158	1	1	137	137	-41.24	1	-38.83	38.95	1.0	-41.24	8	0	0	0	8	1	3.41																			
capacity	extended	cpp	G	p00992.cpp	struct	2	241	238	224	91																																									
embed	extended	cpp	G	p00992.cpp	struct	2					s1	4	66	164	164	1	1	66	66	-9.93	1	-9.93	9.63	1.0	-19.87	4	0	0	0	7	0	1.59																			
embed	extended	cpp	G	p00992.cpp	struct	2					s1	8	66	164	164	1	1	66	66	-9.93	1	-9.63	8.84	1.0	-19.87	8	0	4	0	8	1	1.73																			
embed	extended	cpp	G	p00992.cpp	struct	2					s2	4	66	164	164	1	1	66	66	-19.87	1	-18.66	18.6	1.0	-19.87	4	0	0	0	7	0	1.75																			
embed	extended	cpp	G	p00992.cpp	struct	2					s2	8	66	164	164	1	1	66	66	-19.87	1	-17.46	17.2	1.0	-19.87	8	0	0	0	8	0	2.5																			
capacity	extended	cpp	G	p01371.cpp	tok	0	223	222	213	174																																									
embed	extended	cpp	G	p01371.cpp	tok	0					s1	4	96	107	101	4	1	106	93	-6.46	1	-6.46	5.13	0.789	-15.64	4	0	1	1	8	0	2.26																			
embed	extended	cpp	G	p01371.cpp	tok	0					s1	8	96	107	99	4	1	108	97	-7.39	1	-7.39	6.72	0.746	-17.92	8	0	5	0	8	0	1.64																			
embed	extended	cpp	G	p01371.cpp	tok	0					s2	4	96	107	101	4	1	96	89	-18.79	1	-17.58	17.4	0.849	-18.79	4	0	0	0	8	1	1.5																			
embed	extended	cpp	G	p01371.cpp	tok	0					s2	8	96	107	99	4	1	111	94	-13.67	1	-11.26	11.72	0.733	-13.67	8	0	0	0	8	0	3.05																			
capacity	extended	cpp	G	p01371.cpp	struct	0	223	222	194	74																																									
embed	extended	cpp	G	p01371.cpp	struct	0					s1	4	54	155	155	1	1	54	54	-7.83	1	-7.83	7.45	1.0	-16.26	4	0	0	0	8	2	1.57																			
embed	extended	cpp	G	p01371.cpp	struct	0					s1	8	54	155	155	1	1	54	54	-7.83	1	-7.83	7.04	1.0	-16.26	8	0	2	0	8	0	1.48																			
embed	extended	cpp	G	p01371.cpp	struct	0					s2	4	54	155	155	1	1	54	54	-16.26	1	-15.05	14.83	1.0	-16.26	4	0	0	0	8	0	2.34																			
embed	extended	cpp	G	p01371.cpp	struct	0					s2	8	54	155	155	1	1	54	54	-16.26	1	-13.85	14.25	1.0	-16.26	8	0	0	0	8	0	1.99																			
capacity	extended	cpp	G	p01457.cpp	tok	2	175	174	164	144																																									
embed	extended	cpp	G	p01457.cpp	tok	2					s1	4	101	119	119	1	1	101	101	-13.25	1	-13.25	12.89	1.0	-30.4	4	0	2	0	8	0	0.92																			
embed	extended	cpp	G	p01457.cpp	tok	2					s1	8	101	119	119	1	1	101	101	-13.25	1	-13.25	12.89	1.0	-30.4	8	0	7	0	8	0	0.92																			
embed	extended	cpp	G	p01457.cpp	tok	2					s2	4	101	119	119	1	1	101	101	-30.4	1	-29.2	29.61	1.0	-30.4	4	0	0	0	8	0	0.94																			
embed	extended	cpp	G	p01457.cpp	tok	2					s2	8	101	119	119	1	1	101	101	-30.4	1	-28.0	27.53	1.0	-30.4	8	0	0	0	8	0	1.54																			
capacity	extended	cpp	G	p01457.cpp	struct	2	175	174	162	78																																									
embed	extended	cpp	G	p01457.cpp	struct	2					s1	4	58	120	120	1	1	58	58	-9.63	1	-9.63	8.91	1.0	-17.46	4	0	0	0	8	0	0.9																			
embed	extended	cpp	G	p01457.cpp	struct	2					s1	8	58	120	120	1	1	58	58	-9.63	1	-9.33	8.37	1.0	-17.46	8	0	1	0	8	0	1.89																			
embed	extended	cpp	G	p01457.cpp	struct	2					s2	4	58	120	120	1	1	58	58	-17.46	1	-16.26	14.51	1.0	-17.46	4	0	0	0	8	1	0.91																			
embed	extended	cpp	G	p01457.cpp	struct	2					s2	8	58	120	120	1	1	58	58	-17.46	1	-15.05	15.24	1.0	-17.46	8	0	0	1	8	0	1.5																			
capacity	extended	cpp	G	p02236.cpp	tok	1	189	186	177	146																																									
embed	extended	cpp	G	p02236.cpp	tok	1					s1	4	73	84	78	4	1	82	76	-8.01	1	-8.01	7.14	0.761	-16.11	4	0	1	0	8	0	0.84																			
embed	extended	cpp	G	p02236.cpp	tok	1					s1	8	73	84	77	4	1	82	74	-8.01	1	-8.01	7.14	0.742	-14.08	8	0	2	0	8	1	0.91																			
embed	extended	cpp	G	p02236.cpp	tok	1					s2	4	73	84	79	4	1	78	71	-14.01	1	-12.81	12.86	0.819	-14.01	4	0	0	0	8	0	1.0																			
embed	extended	cpp	G	p02236.cpp	tok	1					s2	8	73	84	78	4	1	83	72	-11.71	1	-9.3	9.59	0.753	-11.71	8	0	0	2	8	0	1.58																			
capacity	extended	cpp	G	p02236.cpp	struct	1	189	186	159	67																																									
embed	extended	cpp	G	p02236.cpp	struct	1					s1	4	53	124	124	1	1	53	53	-8.43	1	-8.43	7.39	1.0	-15.95	4	0	0	0	8	0	0.96																			
embed	extended	cpp	G	p02236.cpp	struct	1					s1	8	53	124	124	1	1	53	53	-8.43	1	-8.13	7.67	1.0	-15.95	8	0	1	0	8	0	1.76																			
embed	extended	cpp	G	p02236.cpp	struct	1					s2	4	53	124	124	1	1	53	53	-15.95	1	-14.75	14.88	1.0	-15.95	4	0	0	0	8	0	1.02																			
embed	extended	cpp	G	p02236.cpp	struct	1					s2	8	53	124	124	1	1	53	53	-15.95	1	-13.55	14.38	1.0	-15.95	8	0	0	0	8	1	1.26																			
capacity	extended	cpp	G	p02657.cpp	tok	0	264	263	246	215																																									
embed	extended	cpp	G	p02657.cpp	tok	0					s1	4	96	105	99	4	1	104	95	-9.55	1	-9.55	8.04	0.818	-18.83	4	0	1	1	8	0	3.07																			
embed	extended	cpp	G	p02657.cpp	tok	0					s1	8	96	105	96	4	1	108	95	-6.21	1	-6.21	4.47	0.737	-16.14	8	0	5	1	8	1	1.96																			
embed	extended	cpp	G	p02657.cpp	tok	0					s2	4	96	105	97	4	1	104	94	-17.84	1	-16.64	16.52	0.779	-17.84	4	0	0	0	8	0	2.06																			
embed	extended	cpp	G	p02657.cpp	tok	0					s2	8	96	105	96	4	1	114	103	-19.46	1	-17.05	17.43	0.707	-19.46	8	0	0	0	8	0	3.22																			
capacity	extended	cpp	G	p02657.cpp	struct	0	264	263	227	91																																									
embed	extended	cpp	G	p02657.cpp	struct	0					s1	4	59	142	142	1	1	59	59	-8.43	1	-8.43	7.67	1.0	-17.76	4	0	1	0	8	0	3.04																			
embed	extended	cpp	G	p02657.cpp	struct	0					s1	8	59	142	142	1	1	59	59	-8.43	1	-8.43	7.88	1.0	-17.76	8	0	4	0	8	0	2.34																			
embed	extended	cpp	G	p02657.cpp	struct	0					s2	4	59	142	142	1	1	59	59	-17.76	1	-16.56	16.74	1.0	-17.76	4	0	0	0	8	0	2.19																			
embed	extended	cpp	G	p02657.cpp	struct	0					s2	8	59	142	142	1	1	59	59	-17.76	1	-15.35	16.02	1.0	-17.76	8	0	0	1	8	1	2.69																			
capacity	extended	cpp	G	p02781.cpp	tok	0	256	255	242	234																																									
embed	extended	cpp	G	p02781.cpp	tok	0					s1	4	126	133	127	4	1	146	130	-12.72	1	-12.72	10.95	0.789	-22.96	4	0	1	1	8	0	1.79																			
embed	extended	cpp	G	p02781.cpp	tok	0					s1	8	126	133	126	4	1	143	131	-19.52	1	-19.52	18.59	0.793	-26.03	8	0	5	0	8	0	1.64																			
embed	extended	cpp	G	p02781.cpp	tok	0					s2	4	126	133	123	4	1	136	124	-24.19	1	-22.99	23.53	0.795	-24.19	4	0	0	0	8	0	1.74																			
embed	extended	cpp	G	p02781.cpp	tok	0					s2	8	126	133	126	4	1	143	132	-27.07	1	-24.67	23.38	0.793	-27.07	8	0	0	0	8	0	3.64																			
capacity	extended	cpp	G	p02781.cpp	struct	0	256	255	223	94																																									
embed	extended	cpp	G	p02781.cpp	struct	0					s1	4	68	163	163	1	1	68	68	-13.85	1	-13.85	13.03	1.0	-20.47	4	0	0	0	8	0	1.75																			
embed	extended	cpp	G	p02781.cpp	struct	0					s1	8	68	163	163	1	1	68	68	-13.85	1	-13.85	11.6	1.0	-20.47	8	0	2	1	8	0	1.81																			
embed	extended	cpp	G	p02781.cpp	struct	0					s2	4	68	163	163	1	1	68	68	-20.47	1	-19.27	19.61	1.0	-20.47	4	0	0	0	8	0	1.74																			
embed	extended	cpp	G	p02781.cpp	struct	0					s2	8	68	163	163	1	1	68	68	-20.47	1	-18.06	18.18	1.0	-20.47	8	0	0	1	8	0	2.21																			
capacity	extended	cpp	G	p02795.cpp	tok	0	195	194	184	156																																									
embed	extended	cpp	G	p02795.cpp	tok	0					s1	4	78	90	86	4	1	87	79	-7.3	1	-7.3	6.67	0.813	-15.38	4	0	0	0	7	0	1.19																			
embed	extended	cpp	G	p02795.cpp	tok	0					s1	8	78	90	85	4	1	87	79	-9.91	1	-9.91	8.99	0.793	-15.38	8	0	1	0	8	0	1.16																			
embed	extended	cpp	G	p02795.cpp	tok	0					s2	4	78	90	85	4	1	89	85	-20.38	1	-19.18	19.68	0.777	-20.38	4	0	0	0	7	0	1.18																			
embed	extended	cpp	G	p02795.cpp	tok	0					s2	8	78	90	85	4	1	88	81	-16.65	1	-14.24	14.21	0.785	-16.65	8	0	0	0	8	0	1.75																			
capacity	extended	cpp	G	p02795.cpp	struct	0	195	194	170	76																																									
embed	extended	cpp	G	p02795.cpp	struct	0					s1	4	52	107	107	1	1	52	52	-9.33	1	-9.33	8.21	1.0	-15.65	4	0	0	0	7	0	1.0																			
embed	extended	cpp	G	p02795.cpp	struct	0					s1	8	52	107	107	1	1	52	52	-9.33	1	-9.33	8.48	1.0	-15.65	8	0	0	0	8	0	2.18																			
embed	extended	cpp	G	p02795.cpp	struct	0					s2	4	52	107	107	1	1	52	52	-15.65	1	-14.45	14.87	1.0	-15.65	4	0	0	0	7	0	1.05																			
embed	extended	cpp	G	p02795.cpp	struct	0					s2	8	52	107	107	1	1	52	52	-15.65	1	-13.25	13.24	1.0	-15.65	8	0	0	0	8	0	1.41																			
capacity	extended	cpp	G	p02917.cpp	tok	0	139	138	134	131																																									
embed	extended	cpp	G	p02917.cpp	tok	0					s1	4	86	88	84	4	1	94	85	-10.18	1	-10.18	9.93	0.837	-16.22	4	0	0	0	7	0	0.63																			
embed	extended	cpp	G	p02917.cpp	tok	0					s1	8	86	88	83	4	1	91	84	-10.81	1	-10.81	10.18	0.844	-17.45	8	0	2	0	8	1	0.63																			
embed	extended	cpp	G	p02917.cpp	tok	0					s2	4	86	88	84	4	1	92	88	-21.23	1	-20.02	20.33	0.854	-21.23	4	0	0	0	7	0	0.6																			
embed	extended	cpp	G	p02917.cpp	tok	0					s2	8	86	88	86	4	1	90	87	-22.01	1	-19.6	20.36	0.913	-22.01	8	0	0	0	8	1	1.26																			
capacity	extended	cpp	G	p02917.cpp	struct	0	139	138	127	54																																									
embed	extended	cpp	G	p02917.cpp	struct	0					s1	4	41	95	95	1	1	41	41	-6.62	1	-6.62	6.04	1.0	-12.34	4	0	0	0	7	0	0.66																			
embed	extended	cpp	G	p02917.cpp	struct	0					s1	8	41	95	95	1	1	41	41	-6.62	1	-6.32	5.45	1.0	-12.34	8	0	2	0	8	1	0.61																			
embed	extended	cpp	G	p02917.cpp	struct	0					s2	4	41	95	95	1	1	41	41	-12.34	1	-11.14	11.37	1.0	-12.34	4	0	0	0	7	0	0.65																			
embed	extended	cpp	G	p02917.cpp	struct	0					s2	8	41	95	95	1	1	41	41	-12.34	1	-9.93	9.2	1.0	-12.34	8	0	0	0	8	1	0.99																			
capacity	extended	cpp	G	p02956.cpp	tok	0	306	305	272	223																																									
embed	extended	cpp	G	p02956.cpp	tok	1					s1	4	117	145	143	4	1	140	127	-12.16	1	-12.16	11.62	0.81	-24.24	4	0	0	0	7	0	2.6																			
embed	extended	cpp	G	p02956.cpp	tok	1					s1	8	117	145	143	4	1	130	125	-17.39	1	-17.39	16.26	0.871	-30.66	8	0	7	0	8	0	3.49																			
embed	extended	cpp	G	p02956.cpp	tok	1					s2	4	117	145	144	4	1	127	126	-36.12	1	-34.92	32.94	0.906	-36.12	4	0	0	0	7	0	2.89																			
embed	extended	cpp	G	p02956.cpp	tok	1					s2	8	117	145	143	4	1	131	123	-27.17	1	-24.76	24.06	0.852	-27.17	8	0	0	2	8	0	3.64																			
capacity	extended	cpp	G	p02956.cpp	struct	0	306	305	265	82																																									
embed	extended	cpp	G	p02956.cpp	struct	0					s1	4	66	202	202	1	1	66	66	-12.34	1	-12.34	11.92	1.0	-19.87	4	0	0	0	7	0	3.97																			
embed	extended	cpp	G	p02956.cpp	struct	0					s1	8	66	202	202	1	1	66	66	-12.34	1	-12.34	11.77	1.0	-19.87	8	0	0	0	8	1	3.1																			
embed	extended	cpp	G	p02956.cpp	struct	0					s2	4	66	202	202	1	1	66	66	-19.87	1	-18.66	18.37	1.0	-19.87	4	0	0	1	7	0	3.66																			
embed	extended	cpp	G	p02956.cpp	struct	0					s2	8	66	202	202	1	1	66	66	-19.87	1	-17.46	17.2	1.0	-19.87	8	0	0	0	8	1	3.5																			
capacity	extended	cpp	G	p03164.cpp	tok	0	253	252	240	198																																									
embed	extended	cpp	G	p03164.cpp	tok	0					s1	4	125	150	145	4	1	130	124	-14.91	1	-14.91	13.52	0.876	-29.34	4	0	3	1	8	1	2.19																			
embed	extended	cpp	G	p03164.cpp	tok	0					s1	8	125	150	142	4	1	130	121	-12.35	1	-12.35	10.82	0.836	-25.76	8	0	7	1	8	2	3.17																			
embed	extended	cpp	G	p03164.cpp	tok	0					s2	4	125	150	144	4	1	129	125	-31.78	1	-30.57	30.68	0.881	-31.78	4	0	0	0	8	0	2.25																			
embed	extended	cpp	G	p03164.cpp	tok	0					s2	8	125	150	144	4	1	133	127	-30.18	1	-27.77	28.26	0.856	-30.18	8	0	0	1	8	0	3.15																			
capacity	extended	cpp	G	p03164.cpp	struct	0	253	252	227	75																																									
embed	extended	cpp	G	p03164.cpp	struct	0					s1	4	59	182	182	1	1	59	59	-9.63	1	-9.63	9.27	1.0	-17.76	4	0	1	0	8	0	3.06																			
embed	extended	cpp	G	p03164.cpp	struct	0					s1	8	59	182	182	1	1	59	59	-9.63	1	-9.63	8.91	1.0	-17.76	8	0	2	0	8	0	2.36																			
embed	extended	cpp	G	p03164.cpp	struct	0					s2	4	59	182	182	1	1	59	59	-17.76	1	-16.56	16.02	1.0	-17.76	4	0	0	1	8	1	2.23																			
embed	extended	cpp	G	p03164.cpp	struct	0					s2	8	59	182	182	1	1	59	59	-17.76	1	-15.35	14.65	1.0	-17.76	8	0	0	0	8	0	3.75																			
capacity	extended	cpp	G	p03266.cpp	tok	0	202	201	190	167																																									
embed	extended	cpp	G	p03266.cpp	tok	0					s1	4	97	112	108	4	1	103	96	-8.42	1	-8.42	7.3	0.869	-20.68	4	0	1	0	8	0	1.16																			
embed	extended	cpp	G	p03266.cpp	tok	0					s1	8	97	112	112	1	1	97	97	-13.25	1	-13.25	12.89	1.0	-29.2	8	0	5	0	8	1	1.17																			
embed	extended	cpp	G	p03266.cpp	tok	0					s2	4	97	112	108	4	1	106	99	-21.49	1	-20.29	20.65	0.845	-21.49	4	0	0	0	8	0	1.95																			
embed	extended	cpp	G	p03266.cpp	tok	0					s2	8	97	112	107	4	1	110	100	-19.4	1	-16.99	17.08	0.8	-19.4	8	0	0	0	8	1	2.0																			
capacity	extended	cpp	G	p03266.cpp	struct	0	202	201	179	77																																									
embed	extended	cpp	G	p03266.cpp	struct	0					s1	4	57	139	139	1	1	57	57	-10.54	1	-10.54	9.93	1.0	-17.16	4	0	0	0	8	0	1.23																			
embed	extended	cpp	G	p03266.cpp	struct	0					s1	8	57	139	139	1	1	57	57	-10.54	1	-10.54	10.1	1.0	-17.16	8	0	0	0	8	0	1.33																			
embed	extended	cpp	G	p03266.cpp	struct	0					s2	4	57	139	139	1	1	57	57	-17.16	1	-15.95	15.66	1.0	-17.16	4	0	0	0	8	1	1.12																			
embed	extended	cpp	G	p03266.cpp	struct	0					s2	8	57	139	139	1	1	57	57	-17.16	1	-14.75	15.07	1.0	-17.16	8	0	0	0	8	0	1.61																			
capacity	extended	cpp	G	p03430.cpp	tok	2	375	373	372	296																																									
embed	extended	cpp	G	p03430.cpp	tok	2					s1	4	120	136	127	4	1	155	133	-9.27	1	-9.27	8.21	0.677	-20.13	4	0	1	0	8	1	5.79																			
embed	extended	cpp	G	p03430.cpp	tok	2					s1	8	120	136	129	4	1	150	136	-12.8	1	-12.8	12.06	0.72	-25.85	8	0	5	0	8	0	5.61																			
embed	extended	cpp	G	p03430.cpp	tok	2					s2	4	120	136	132	4	1	132	123	-26.3	1	-25.1	24.99	0.853	-26.3	4	0	0	0	8	1	4.94																			
embed	extended	cpp	G	p03430.cpp	tok	2					s2	8	120	136	132	4	1	136	129	-29.75	1	-27.34	27.33	0.816	-29.75	8	0	0	0	8	1	6.61																			
capacity	extended	cpp	G	p03430.cpp	struct	2	375	373	350	110																																									
embed	extended	cpp	G	p03430.cpp	struct	2					s1	4	83	249	249	1	1	84	83	-14.15	1	-14.15	13.23	0.988	-23.36	4	0	1	0	8	1	4.83																			
embed	extended	cpp	G	p03430.cpp	struct	2					s1	8	83	249	249	1	1	83	83	-14.15	1	-14.15	13.01	1.0	-24.99	8	0	3	0	8	0	5.61																			
embed	extended	cpp	G	p03430.cpp	struct	2					s2	4	83	249	249	1	1	84	83	-23.36	1	-22.15	22.42	0.988	-23.36	4	0	0	0	8	0	4.55																			
embed	extended	cpp	G	p03430.cpp	struct	2					s2	8	83	249	249	1	1	84	84	-25.29	1	-22.88	23.05	0.988	-25.29	8	0	0	0	8	1	6.44																			
capacity	extended	cpp	G	p03433.cpp	tok	0	74	73	70	61																																									
embed	extended	cpp	G	p03433.cpp	tok	0					s1	4	35	42	42	1	1	35	35	-4.82	1	-4.82	3.84	1.0	-10.54	4	0	0	0	8	0	0.16																			
embed	extended	cpp	G	p03433.cpp	tok	0					s1	8	35	42	41	4	1	36	35	-3.86	1	-3.86	2.72	0.895	-9.27	8	0	1	0	8	0	0.19																			
embed	extended	cpp	G	p03433.cpp	tok	0					s2	4	35	42	41	4	1	35	35	-10.54	1	-9.33	9.19	0.944	-10.54	4	0	0	0	8	0	0.21																			
embed	extended	cpp	G	p03433.cpp	tok	0					s2	8	35	42	41	4	1	37	35	-8.29	1	-5.88	5.87	0.895	-8.29	8	0	0	0	8	1	0.44																			
capacity	extended	cpp	G	p03433.cpp	struct	0	74	73	68	52																																									
embed	extended	cpp	G	p03433.cpp	struct	0					s1	4	32	46	46	1	1	32	32	-6.02	1	-6.02	5.42	1.0	-9.63	4	0	0	0	8	0	0.19																			
embed	extended	cpp	G	p03433.cpp	struct	0					s1	8	32	46	46	1	1	32	32	-6.02	1	-5.42	5.14	1.0	-9.63	8	0	0	0	8	0	0.21																			
embed	extended	cpp	G	p03433.cpp	struct	0					s2	4	32	46	46	1	1	32	32	-9.63	1	-8.43	7.18	1.0	-9.63	4	0	0	0	8	0	0.24																			
embed	extended	cpp	G	p03433.cpp	struct	0					s2	8	32	46	46	1	1	32	32	-9.63	1	-7.22	7.18	1.0	-9.63	8	0	0	0	8	1	0.45																			
capacity	extended	cpp	G	p03434.cpp	tok	1	362	360	337	296																																									
embed	extended	cpp	G	p03434.cpp	tok	1					s1	4	215	240	238	4	1	221	216	-27.86	1	-27.86	27.2	0.955	-56.89	4	0	3	0	7	0	3.9																			
embed	extended	cpp	G	p03434.cpp	tok	1					s1	8	215	240	236	4	1	223	216	-24.91	1	-24.91	23.68	0.925	-54.42	8	0	8	0	8	0	3.79																			
embed	extended	cpp	G	p03434.cpp	tok	1					s2	4	215	240	237	4	1	218	216	-61.25	1	-60.04	59.19	0.942	-61.25	4	0	0	0	7	0	4.79																			
embed	extended	cpp	G	p03434.cpp	tok	1					s2	8	215	240	236	4	1	221	216	-56.89	1	-54.49	54.44	0.925	-56.89	8	0	0	0	8	2	5.61																			
capacity	extended	cpp	G	p03434.cpp	struct	1	362	360	325	77																																									
embed	extended	cpp	G	p03434.cpp	struct	1					s1	4	60	264	264	1	1	60	60	-9.93	1	-9.93	8.84	1.0	-18.06	4	0	2	0	7	0	4.71																			
embed	extended	cpp	G	p03434.cpp	struct	1					s1	8	60	264	264	1	1	60	60	-9.93	1	-9.93	9.1	1.0	-18.06	8	0	2	0	8	0	3.63																			
embed	extended	cpp	G	p03434.cpp	struct	1					s2	4	60	264	264	1	1	60	60	-18.06	1	-16.86	16.95	1.0	-18.06	4	0	0	0	7	0	3.89																			
embed	extended	cpp	G	p03434.cpp	struct	1					s2	8	60	264	264	1	1	60	60	-18.06	1	-15.65	15.55	1.0	-18.06	8	0	0	0	8	0	4.84																			
capacity	extended	cpp	G	p03454.cpp	tok	0	297	296	273	247																																									
embed	extended	cpp	G	p03454.cpp	tok	0					s1	4	140	153	148	4	1	146	137	-13.69	1	-13.69	13.18	0.894	-30.11	4	0	1	0	7	0	4.01																			
embed	extended	cpp	G	p03454.cpp	tok	0					s1	8	140	153	150	4	1	140	140	-19.27	1	-19.27	18.38	0.958	-42.14	8	0	8	0	8	0	3.18																			
embed	extended	cpp	G	p03454.cpp	tok	0					s2	4	140	153	147	4	1	146	140	-33.85	1	-32.64	32.46	0.882	-33.85	4	0	0	0	7	1	3.3																			
embed	extended	cpp	G	p03454.cpp	tok	0					s2	8	140	153	149	4	1	145	143	-39.62	1	-37.22	37.21	0.907	-39.62	8	0	0	0	8	0	5.04																			
capacity	extended	cpp	G	p03454.cpp	struct	0	297	296	259	96																																									
embed	extended	cpp	G	p03454.cpp	struct	0					s1	4	74	189	189	1	1	74	74	-10.54	1	-10.54	9.93	1.0	-22.28	4	0	2	0	7	0	2.93																			
embed	extended	cpp	G	p03454.cpp	struct	0					s1	8	74	189	189	1	1	74	74	-10.54	1	-10.54	9.48	1.0	-22.28	8	0	3	0	8	0	2.98																			
embed	extended	cpp	G	p03454.cpp	struct	0					s2	4	74	189	189	1	1	74	74	-22.28	1	-21.07	21.28	1.0	-22.28	4	0	0	0	7	0	4.13																			
embed	extended	cpp	G	p03454.cpp	struct	0					s2	8	74	189	189	1	1	74	74	-22.28	1	-19.87	20.4	1.0	-22.28	8	0	0	0	8	0	3.28																			
capacity	extended	cpp	G	p03459.cpp	tok	0	346	345	329	281																																									
embed	extended	cpp	G	p03459.cpp	tok	0					s1	4	188	219	203	4	1	186	178	-16.11	1	-16.11	14.79	0.843	-42.49	4	0	2	1	7	2	3.35																			
embed	extended	cpp	G	p03459.cpp	tok	0					s1	8	188	219	212	4	1	189	187	-23.95	1	-23.95	23.3	0.919	-52.64	8	0	8	0	8	0	4.25																			
embed	extended	cpp	G	p03459.cpp	tok	0					s2	4	188	219	211	4	1	192	186	-46.98	1	-45.77	46.46	0.9	-46.98	4	0	0	0	7	0	3.34																			
embed	extended	cpp	G	p03459.cpp	tok	0					s2	8	188	219	200	4	1	190	183	-44.98	1	-42.57	41.92	0.805	-44.98	8	0	0	0	8	1	5.81																			
capacity	extended	cpp	G	p03459.cpp	struct	0	346	345	304	105																																									
embed	extended	cpp	G	p03459.cpp	struct	0					s1	4	76	228	228	1	1	76	76	-12.04	1	-12.04	11.68	1.0	-22.88	4	0	1	0	7	1	3.61																			
embed	extended	cpp	G	p03459.cpp	struct	0					s1	8	76	228	228	1	1	76	76	-12.04	1	-12.04	10.65	1.0	-22.88	8	0	5	1	8	0	3.2																			
embed	extended	cpp	G	p03459.cpp	struct	0					s2	4	76	228	228	1	1	76	76	-22.88	1	-21.67	21.71	1.0	-22.88	4	0	0	0	7	0	4.67																			
embed	extended	cpp	G	p03459.cpp	struct	0					s2	8	76	228	228	1	1	76	76	-22.88	1	-20.47	19.82	1.0	-22.88	8	0	0	0	8	2	3.86																			
capacity	extended	cpp	G	p03582.cpp	tok	0	173	172	165	155																																									
embed	extended	cpp	G	p03582.cpp	tok	0					s1	4	99	109	104	4	1	108	99	-8.29	1	-8.29	7.82	0.832	-19.88	4	0	2	0	6	0	0.79																			
embed	extended	cpp	G	p03582.cpp	tok	0					s1	8	99	109	105	4	1	105	101	-11.01	1	-11.01	9.67	0.872	-24.91	8	0	7	1	8	1	0.96																			
embed	extended	cpp	G	p03582.cpp	tok	0					s2	4	99	109	104	4	1	103	98	-23.04	1	-21.84	22.25	0.87	-23.04	4	0	0	0	6	0	0.93																			
embed	extended	cpp	G	p03582.cpp	tok	0					s2	8	99	109	103	4	1	109	102	-22.31	1	-19.9	19.32	0.809	-22.31	8	0	0	1	8	2	1.59																			
capacity	extended	cpp	G	p03582.cpp	struct	0	173	172	155	72																																									
embed	extended	cpp	G	p03582.cpp	struct	0					s1	4	55	122	122	1	1	55	55	-9.33	1	-9.33	8.89	1.0	-16.56	4	0	0	0	6	0	0.83																			
embed	extended	cpp	G	p03582.cpp	struct	0					s1	8	55	122	122	1	1	55	55	-9.33	1	-9.33	7.5	1.0	-16.56	8	0	3	2	8	0	0.97																			
embed	extended	cpp	G	p03582.cpp	struct	0					s2	4	55	122	122	1	1	55	55	-16.56	1	-15.35	15.28	1.0	-16.56	4	0	0	0	6	0	0.89																			
embed	extended	cpp	G	p03582.cpp	struct	0					s2	8	55	122	122	1	1	55	55	-16.56	1	-14.15	14.42	1.0	-16.56	8	0	0	0	8	1	1.38																			
capacity	extended	cpp	H	p00134.cpp	tok	0	2	2	1	1								1																																	
null	extended	cpp	H	p00134.cpp	tok						s1	4						1															0.417	0.08	0.0																
null	extended	cpp	H	p00134.cpp	tok						s1	8						1															0.514	0.04	0.0																
null	extended	cpp	H	p00134.cpp	tok						s2	4						1															0.467	0.08	0.0																
null	extended	cpp	H	p00134.cpp	tok						s2	8						1															0.509	0.06	0.0																
capacity	extended	cpp	H	p00134.cpp	struct	0	2	2	1	1								1																																	
null	extended	cpp	H	p00134.cpp	struct						s1	4						1															0.483	0.0	0.0																
null	extended	cpp	H	p00134.cpp	struct						s1	8						1															0.549	0.04	0.0																
null	extended	cpp	H	p00134.cpp	struct						s2	4						1															0.517	0.0	0.0																
null	extended	cpp	H	p00134.cpp	struct						s2	8						1															0.479	0.14	0.0																
capacity	extended	cpp	H	p00202.cpp	tok	0	32	31	29	23								7																																	
null	extended	cpp	H	p00202.cpp	tok						s1	4						7															0.541	0.02	0.0																
null	extended	cpp	H	p00202.cpp	tok						s1	8						7															0.544	0.1	0.0																
null	extended	cpp	H	p00202.cpp	tok						s2	4						7															0.513	0.04	0.0																
null	extended	cpp	H	p00202.cpp	tok						s2	8						7															0.437	0.04	0.0																
capacity	extended	cpp	H	p00202.cpp	struct	0	32	31	23	11								8																																	
null	extended	cpp	H	p00202.cpp	struct						s1	4						8															0.485	0.0	0.0																
null	extended	cpp	H	p00202.cpp	struct						s1	8						8															0.55	0.02	0.0																
null	extended	cpp	H	p00202.cpp	struct						s2	4						8															0.568	0.06	0.0																
null	extended	cpp	H	p00202.cpp	struct						s2	8						8															0.548	0.04	0.0																
capacity	extended	cpp	H	p00353.cpp	tok	0	6	6	5	5								4																																	
null	extended	cpp	H	p00353.cpp	tok						s1	4						4															0.521	0.02	0.0																
null	extended	cpp	H	p00353.cpp	tok						s1	8						4															0.385	0.06	0.0																
null	extended	cpp	H	p00353.cpp	tok						s2	4						4															0.538	0.0	0.0																
null	extended	cpp	H	p00353.cpp	tok						s2	8						4															0.459	0.04	0.0																
capacity	extended	cpp	H	p00353.cpp	struct	0	6	6	4	4								3																																	
null	extended	cpp	H	p00353.cpp	struct						s1	4						3															0.541	0.04	0.0																
null	extended	cpp	H	p00353.cpp	struct						s1	8						3															0.498	0.0	0.0																
null	extended	cpp	H	p00353.cpp	struct						s2	4						3															0.439	0.1	0.0																
null	extended	cpp	H	p00353.cpp	struct						s2	8						3															0.506	0.04	0.0																
capacity	extended	cpp	H	p00992.cpp	tok	0	15	14	13	11								6																																	
null	extended	cpp	H	p00992.cpp	tok						s1	4						6															0.462	0.12	0.0																
null	extended	cpp	H	p00992.cpp	tok						s1	8						6															0.466	0.04	0.0																
null	extended	cpp	H	p00992.cpp	tok						s2	4						6															0.451	0.06	0.0																
null	extended	cpp	H	p00992.cpp	tok						s2	8						6															0.497	0.06	0.0																
capacity	extended	cpp	H	p00992.cpp	struct	0	15	14	10	7								5																																	
null	extended	cpp	H	p00992.cpp	struct						s1	4						5															0.492	0.14	0.0																
null	extended	cpp	H	p00992.cpp	struct						s1	8						5															0.496	0.06	0.0																
null	extended	cpp	H	p00992.cpp	struct						s2	4						5															0.528	0.02	0.0																
null	extended	cpp	H	p00992.cpp	struct						s2	8						5															0.512	0.08	0.0																
capacity	extended	cpp	H	p01371.cpp	tok	0	94	94	87	61								31																																	
null	extended	cpp	H	p01371.cpp	tok						s1	4						31															0.523	0.06	0.0																
null	extended	cpp	H	p01371.cpp	tok						s1	8						31															0.454	0.06	0.0																
null	extended	cpp	H	p01371.cpp	tok						s2	4						31															0.503	0.04	0.0																
null	extended	cpp	H	p01371.cpp	tok						s2	8						31															0.428	0.12	0.1																
capacity	extended	cpp	H	p01371.cpp	struct	0	94	94	74	35								24																																	
null	extended	cpp	H	p01371.cpp	struct						s1	4						24															0.566	0.0	0.0																
null	extended	cpp	H	p01371.cpp	struct						s1	8						24															0.53	0.06	0.0																
null	extended	cpp	H	p01371.cpp	struct						s2	4						24															0.505	0.02	0.0																
null	extended	cpp	H	p01371.cpp	struct						s2	8						24															0.512	0.04	0.0																
capacity	extended	cpp	H	p01457.cpp	tok	0	13	12	10	10								2																																	
null	extended	cpp	H	p01457.cpp	tok						s1	4						2															0.555	0.0	0.0																
null	extended	cpp	H	p01457.cpp	tok						s1	8						2															0.445	0.02	0.0																
null	extended	cpp	H	p01457.cpp	tok						s2	4						2															0.52	0.04	0.0																
null	extended	cpp	H	p01457.cpp	tok						s2	8						2															0.53	0.04	0.0																
capacity	extended	cpp	H	p01457.cpp	struct	0	13	12	9	8								6																																	
null	extended	cpp	H	p01457.cpp	struct						s1	4						6															0.502	0.04	0.0																
null	extended	cpp	H	p01457.cpp	struct						s1	8						6															0.441	0.08	0.0																
null	extended	cpp	H	p01457.cpp	struct						s2	4						6															0.477	0.04	0.0																
null	extended	cpp	H	p01457.cpp	struct						s2	8						6															0.529	0.12	0.0																
capacity	extended	cpp	H	p02236.cpp	tok	0	55	54	49	41								29																																	
null	extended	cpp	H	p02236.cpp	tok						s1	4						29															0.539	0.04	0.0																
null	extended	cpp	H	p02236.cpp	tok						s1	8						29															0.42	0.14	0.0																
null	extended	cpp	H	p02236.cpp	tok						s2	4						29															0.435	0.08	0.0																
null	extended	cpp	H	p02236.cpp	tok						s2	8						29															0.526	0.04	0.0																
capacity	extended	cpp	H	p02236.cpp	struct	0	55	54	45	26								24																																	
null	extended	cpp	H	p02236.cpp	struct						s1	4						24															0.498	0.06	0.0																
null	extended	cpp	H	p02236.cpp	struct						s1	8						24															0.43	0.06	0.1																
null	extended	cpp	H	p02236.cpp	struct						s2	4						24															0.471	0.06	0.0																
null	extended	cpp	H	p02236.cpp	struct						s2	8						24															0.511	0.08	0.0																
capacity	extended	cpp	H	p02657.cpp	tok	0	4	3	1	1								1																																	
null	extended	cpp	H	p02657.cpp	tok						s1	4						1															0.46	0.06	0.0																
null	extended	cpp	H	p02657.cpp	tok						s1	8						1															0.48	0.04	0.0																
null	extended	cpp	H	p02657.cpp	tok						s2	4						1															0.463	0.04	0.0																
null	extended	cpp	H	p02657.cpp	tok						s2	8						1															0.488	0.06	0.0																
capacity	extended	cpp	H	p02657.cpp	struct	0	4	3	1	1								1																																	
null	extended	cpp	H	p02657.cpp	struct						s1	4						1															0.472	0.0	0.0																
null	extended	cpp	H	p02657.cpp	struct						s1	8						1															0.557	0.02	0.0																
null	extended	cpp	H	p02657.cpp	struct						s2	4						1															0.453	0.0	0.0																
null	extended	cpp	H	p02657.cpp	struct						s2	8						1															0.508	0.06	0.0																
capacity	extended	cpp	H	p02781.cpp	tok	0	29	28	25	25								14																																	
null	extended	cpp	H	p02781.cpp	tok						s1	4						14															0.52	0.04	0.1																
null	extended	cpp	H	p02781.cpp	tok						s1	8						14															0.42	0.08	0.0																
null	extended	cpp	H	p02781.cpp	tok						s2	4						14															0.467	0.04	0.1																
null	extended	cpp	H	p02781.cpp	tok						s2	8						14															0.599	0.02	0.0																
capacity	extended	cpp	H	p02781.cpp	struct	0	29	28	23	20								15																																	
null	extended	cpp	H	p02781.cpp	struct						s1	4						15															0.54	0.06	0.0																
null	extended	cpp	H	p02781.cpp	struct						s1	8						15															0.467	0.1	0.0																
null	extended	cpp	H	p02781.cpp	struct						s2	4						15															0.511	0.02	0.0																
null	extended	cpp	H	p02781.cpp	struct						s2	8						15															0.449	0.04	0.0																
capacity	extended	cpp	H	p02795.cpp	tok	0	6	4	1	1								1																																	
null	extended	cpp	H	p02795.cpp	tok						s1	4						1															0.561	0.04	0.0																
null	extended	cpp	H	p02795.cpp	tok						s1	8						1															0.501	0.02	0.0																
null	extended	cpp	H	p02795.cpp	tok						s2	4						1															0.523	0.04	0.0																
null	extended	cpp	H	p02795.cpp	tok						s2	8						1															0.49	0.06	0.0																
capacity	extended	cpp	H	p02795.cpp	struct	0	6	4	1	1								1																																	
null	extended	cpp	H	p02795.cpp	struct						s1	4						1															0.503	0.08	0.0																
null	extended	cpp	H	p02795.cpp	struct						s1	8						1															0.449	0.14	0.0																
null	extended	cpp	H	p02795.cpp	struct						s2	4						1															0.521	0.04	0.0																
null	extended	cpp	H	p02795.cpp	struct						s2	8						1															0.483	0.02	0.0																
capacity	extended	cpp	H	p02917.cpp	tok	0	11	11	11	9								8																																	
null	extended	cpp	H	p02917.cpp	tok						s1	4						8															0.442	0.12	0.0																
null	extended	cpp	H	p02917.cpp	tok						s1	8						8															0.529	0.02	0.0																
null	extended	cpp	H	p02917.cpp	tok						s2	4						8															0.475	0.02	0.0																
null	extended	cpp	H	p02917.cpp	tok						s2	8						8															0.463	0.04	0.0																
capacity	extended	cpp	H	p02917.cpp	struct	0	11	11	9	7								6																																	
null	extended	cpp	H	p02917.cpp	struct						s1	4						6															0.446	0.04	0.0																
null	extended	cpp	H	p02917.cpp	struct						s1	8						6															0.536	0.0	0.0																
null	extended	cpp	H	p02917.cpp	struct						s2	4						6															0.555	0.02	0.0																
null	extended	cpp	H	p02917.cpp	struct						s2	8						6															0.448	0.06	0.0																
capacity	extended	cpp	H	p02956.cpp	tok	0	40	39	37	34								26																																	
null	extended	cpp	H	p02956.cpp	tok						s1	4						26															0.458	0.06	0.0																
null	extended	cpp	H	p02956.cpp	tok						s1	8						26															0.562	0.06	0.0																
null	extended	cpp	H	p02956.cpp	tok						s2	4						26															0.441	0.06	0.0																
null	extended	cpp	H	p02956.cpp	tok						s2	8						26															0.586	0.02	0.0																
capacity	extended	cpp	H	p02956.cpp	struct	0	40	39	34	19								19																																	
null	extended	cpp	H	p02956.cpp	struct						s1	4						19															0.521	0.08	0.0																
null	extended	cpp	H	p02956.cpp	struct						s1	8						19															0.462	0.04	0.0																
null	extended	cpp	H	p02956.cpp	struct						s2	4						19															0.522	0.02	0.1																
null	extended	cpp	H	p02956.cpp	struct						s2	8						19															0.568	0.06	0.0																
capacity	extended	cpp	H	p03164.cpp	tok	0	15	14	9	7								7																																	
null	extended	cpp	H	p03164.cpp	tok						s1	4						7															0.533	0.06	0.0																
null	extended	cpp	H	p03164.cpp	tok						s1	8						7															0.472	0.08	0.0																
null	extended	cpp	H	p03164.cpp	tok						s2	4						7															0.503	0.02	0.0																
null	extended	cpp	H	p03164.cpp	tok						s2	8						7															0.473	0.0	0.0																
capacity	extended	cpp	H	p03164.cpp	struct	0	15	14	8	4								3																																	
null	extended	cpp	H	p03164.cpp	struct						s1	4						3															0.518	0.1	0.0																
null	extended	cpp	H	p03164.cpp	struct						s1	8						3															0.577	0.02	0.0																
null	extended	cpp	H	p03164.cpp	struct						s2	4						3															0.525	0.0	0.0																
null	extended	cpp	H	p03164.cpp	struct						s2	8						3															0.553	0.06	0.0																
capacity	extended	cpp	H	p03266.cpp	tok	0	14	13	11	10								6																																	
null	extended	cpp	H	p03266.cpp	tok						s1	4						6															0.449	0.04	0.0																
null	extended	cpp	H	p03266.cpp	tok						s1	8						6															0.436	0.02	0.0																
null	extended	cpp	H	p03266.cpp	tok						s2	4						6															0.503	0.1	0.0																
null	extended	cpp	H	p03266.cpp	tok						s2	8						6															0.463	0.06	0.0																
capacity	extended	cpp	H	p03266.cpp	struct	0	14	13	8	6								5																																	
null	extended	cpp	H	p03266.cpp	struct						s1	4						5															0.499	0.08	0.0																
null	extended	cpp	H	p03266.cpp	struct						s1	8						5															0.517	0.06	0.0																
null	extended	cpp	H	p03266.cpp	struct						s2	4						5															0.526	0.08	0.0																
null	extended	cpp	H	p03266.cpp	struct						s2	8						5															0.503	0.02	0.0																
capacity	extended	cpp	H	p03430.cpp	tok	0	27	26	22	10								9																																	
null	extended	cpp	H	p03430.cpp	tok						s1	4						9															0.502	0.02	0.0																
null	extended	cpp	H	p03430.cpp	tok						s1	8						9															0.483	0.0	0.0																
null	extended	cpp	H	p03430.cpp	tok						s2	4						9															0.467	0.1	0.0																
null	extended	cpp	H	p03430.cpp	tok						s2	8						9															0.493	0.12	0.0																
capacity	extended	cpp	H	p03430.cpp	struct	0	27	26	22	5								4																																	
null	extended	cpp	H	p03430.cpp	struct						s1	4						4															0.531	0.08	0.0																
null	extended	cpp	H	p03430.cpp	struct						s1	8						4															0.474	0.06	0.0																
null	extended	cpp	H	p03430.cpp	struct						s2	4						4															0.479	0.04	0.0																
null	extended	cpp	H	p03430.cpp	struct						s2	8						4															0.463	0.04	0.0																
capacity	extended	cpp	H	p03433.cpp	tok	0	14	13	8	7								3																																	
null	extended	cpp	H	p03433.cpp	tok						s1	4						3															0.533	0.04	0.0																
null	extended	cpp	H	p03433.cpp	tok						s1	8						3															0.44	0.0	0.0																
null	extended	cpp	H	p03433.cpp	tok						s2	4						3															0.443	0.08	0.0																
null	extended	cpp	H	p03433.cpp	tok						s2	8						3															0.503	0.08	0.0																
capacity	extended	cpp	H	p03433.cpp	struct	0	14	13	7	5								4																																	
null	extended	cpp	H	p03433.cpp	struct						s1	4						4															0.451	0.12	0.0																
null	extended	cpp	H	p03433.cpp	struct						s1	8						4															0.55	0.0	0.0																
null	extended	cpp	H	p03433.cpp	struct						s2	4						4															0.484	0.04	0.0																
null	extended	cpp	H	p03433.cpp	struct						s2	8						4															0.448	0.06	0.0																
capacity	extended	cpp	H	p03434.cpp	tok	0	37	37	35	26								13																																	
null	extended	cpp	H	p03434.cpp	tok						s1	4						13															0.46	0.1	0.0																
null	extended	cpp	H	p03434.cpp	tok						s1	8						13															0.458	0.06	0.0																
null	extended	cpp	H	p03434.cpp	tok						s2	4						13															0.518	0.0	0.0																
null	extended	cpp	H	p03434.cpp	tok						s2	8						13															0.43	0.02	0.0																
capacity	extended	cpp	H	p03434.cpp	struct	0	37	37	31	19								13																																	
null	extended	cpp	H	p03434.cpp	struct						s1	4						13															0.451	0.04	0.0																
null	extended	cpp	H	p03434.cpp	struct						s1	8						13															0.46	0.12	0.0																
null	extended	cpp	H	p03434.cpp	struct						s2	4						13															0.506	0.06	0.1																
null	extended	cpp	H	p03434.cpp	struct						s2	8						13															0.525	0.06	0.0																
capacity	extended	cpp	H	p03454.cpp	tok	2	41	40	37	35								29																																	
null	extended	cpp	H	p03454.cpp	tok						s1	4						29															0.441	0.04	0.0																
null	extended	cpp	H	p03454.cpp	tok						s1	8						29															0.458	0.04	0.1																
null	extended	cpp	H	p03454.cpp	tok						s2	4						29															0.489	0.08	0.0																
null	extended	cpp	H	p03454.cpp	tok						s2	8						29															0.473	0.06	0.0																
capacity	extended	cpp	H	p03454.cpp	struct	2	41	40	33	27								20																																	
null	extended	cpp	H	p03454.cpp	struct						s1	4						20															0.453	0.06	0.0																
null	extended	cpp	H	p03454.cpp	struct						s1	8						20															0.499	0.0	0.0																
null	extended	cpp	H	p03454.cpp	struct						s2	4						20															0.509	0.02	0.0																
null	extended	cpp	H	p03454.cpp	struct						s2	8						20															0.507	0.06	0.0																
capacity	extended	cpp	H	p03459.cpp	tok	0	12	11	9	8								2																																	
null	extended	cpp	H	p03459.cpp	tok						s1	4						2															0.559	0.04	0.0																
null	extended	cpp	H	p03459.cpp	tok						s1	8						2															0.437	0.02	0.0																
null	extended	cpp	H	p03459.cpp	tok						s2	4						2															0.516	0.04	0.0																
null	extended	cpp	H	p03459.cpp	tok						s2	8						2															0.471	0.02	0.0																
capacity	extended	cpp	H	p03459.cpp	struct	0	12	11	8	7								6																																	
null	extended	cpp	H	p03459.cpp	struct						s1	4						6															0.511	0.04	0.0																
null	extended	cpp	H	p03459.cpp	struct						s1	8						6															0.484	0.04	0.0																
null	extended	cpp	H	p03459.cpp	struct						s2	4						6															0.522	0.04	0.0																
null	extended	cpp	H	p03459.cpp	struct						s2	8						6															0.478	0.02	0.0																
capacity	extended	cpp	H	p03582.cpp	tok	0	16	16	10	10								8																																	
null	extended	cpp	H	p03582.cpp	tok						s1	4						8															0.485	0.04	0.0																
null	extended	cpp	H	p03582.cpp	tok						s1	8						8															0.461	0.04	0.0																
null	extended	cpp	H	p03582.cpp	tok						s2	4						8															0.495	0.04	0.0																
null	extended	cpp	H	p03582.cpp	tok						s2	8						8															0.6	0.06	0.0																
capacity	extended	cpp	H	p03582.cpp	struct	0	16	16	8	8								7																																	
null	extended	cpp	H	p03582.cpp	struct						s1	4						7															0.463	0.06	0.0																
null	extended	cpp	H	p03582.cpp	struct						s1	8						7															0.482	0.08	0.0																
null	extended	cpp	H	p03582.cpp	struct						s2	4						7															0.513	0.02	0.0																
null	extended	cpp	H	p03582.cpp	struct						s2	8						7															0.548	0.04	0.0																
capacity	extended	javascript	G	p00134.js	tok	0	174	174	167	144																																									
embed	extended	javascript	G	p00134.js	tok	0					s1	4	120	138	138	1	1	120	120	-17.16	1	-17.16	14.36	1.0	-36.12	4	0	1	1	8	1	0.71																			
embed	extended	javascript	G	p00134.js	tok	0					s1	8	120	138	138	1	1	120	120	-17.16	1	-17.16	16.12	1.0	-36.12	8	0	8	0	8	0	0.7																			
embed	extended	javascript	G	p00134.js	tok	0					s2	4	120	138	138	1	1	120	120	-36.12	1	-34.92	34.56	1.0	-36.12	4	0	0	1	8	1	0.63																			
embed	extended	javascript	G	p00134.js	tok	0					s2	8	120	138	138	1	1	120	120	-36.12	1	-33.72	33.72	1.0	-36.12	8	0	0	0	8	1	2.09																			
capacity	extended	javascript	G	p00134.js	struct	0	174	174	163	76																																									
embed	extended	javascript	G	p00134.js	struct	0					s1	4	66	135	135	1	1	66	66	-10.54	1	-10.54	9.19	1.0	-19.87	4	0	1	1	8	2	0.62																			
embed	extended	javascript	G	p00134.js	struct	0					s1	8	66	135	135	1	1	66	66	-10.54	1	-10.54	9.19	1.0	-19.87	8	0	4	1	8	0	0.57																			
embed	extended	javascript	G	p00134.js	struct	0					s2	4	66	135	135	1	1	66	66	-19.87	1	-18.66	18.81	1.0	-19.87	4	0	0	0	8	0	0.6																			
embed	extended	javascript	G	p00134.js	struct	0					s2	8	66	135	135	1	1	66	66	-19.87	1	-17.46	17.84	1.0	-19.87	8	0	0	0	8	0	1.04																			
capacity	extended	javascript	G	p00202.js	tok	0	302	302	292	244																																									
embed	extended	javascript	G	p00202.js	tok	0					s1	4	215	253	253	1	1	215	215	-32.81	1	-32.81	31.91	1.0	-64.72	4	0	3	0	8	0	1.68																			
embed	extended	javascript	G	p00202.js	tok	0					s1	8	215	253	253	1	1	215	215	-32.81	1	-32.81	32.44	1.0	-64.72	8	0	8	0	8	1	1.68																			
embed	extended	javascript	G	p00202.js	tok	0					s2	4	215	253	253	1	1	215	215	-64.72	1	-63.52	63.03	1.0	-64.72	4	0	0	1	8	1	1.64																			
embed	extended	javascript	G	p00202.js	tok	0					s2	8	215	253	253	1	1	215	215	-64.72	1	-62.31	62.39	1.0	-64.72	8	0	0	0	8	1	3.14																			
capacity	extended	javascript	G	p00202.js	struct	0	302	302	276	124																																									
embed	extended	javascript	G	p00202.js	struct	0					s1	4	115	247	247	1	1	115	115	-20.17	1	-20.17	19.77	1.0	-34.62	4	0	0	0	8	0	1.68																			
embed	extended	javascript	G	p00202.js	struct	0					s1	8	115	247	247	1	1	115	115	-20.17	1	-20.17	17.7	1.0	-34.62	8	0	5	1	8	1	2.94																			
embed	extended	javascript	G	p00202.js	struct	0					s2	4	115	247	247	1	1	115	115	-34.62	1	-33.41	33.86	1.0	-34.62	4	0	0	0	8	0	1.66																			
embed	extended	javascript	G	p00202.js	struct	0					s2	8	115	247	247	1	1	115	115	-34.62	1	-32.21	31.47	1.0	-34.62	8	0	0	0	8	0	2.42																			
capacity	extended	javascript	G	p00353.js	tok	0	292	292	278	215																																									
embed	extended	javascript	G	p00353.js	tok	0					s1	4	181	230	230	1	1	181	181	-28.6	1	-28.6	27.47	1.0	-54.49	4	0	2	0	7	1	1.59																			
embed	extended	javascript	G	p00353.js	tok	0					s1	8	181	230	230	1	1	181	181	-28.6	1	-28.6	27.3	1.0	-54.49	8	0	8	0	7	0	1.4																			
embed	extended	javascript	G	p00353.js	tok	0					s2	4	181	230	230	1	1	181	181	-54.49	1	-53.28	53.76	1.0	-54.49	4	0	0	0	7	0	1.59																			
embed	extended	javascript	G	p00353.js	tok	0					s2	8	181	230	230	1	1	181	181	-54.49	1	-52.08	52.24	1.0	-54.49	8	0	0	0	7	0	2.78																			
capacity	extended	javascript	G	p00353.js	struct	0	292	292	271	135																																									
embed	extended	javascript	G	p00353.js	struct	0					s1	4	120	231	231	1	1	120	120	-18.96	1	-18.96	17.55	1.0	-36.12	4	0	2	1	7	1	2.4																			
embed	extended	javascript	G	p00353.js	struct	0					s1	8	120	231	231	1	1	120	120	-18.96	1	-18.96	18.16	1.0	-36.12	8	0	7	0	7	0	1.6																			
embed	extended	javascript	G	p00353.js	struct	0					s2	4	120	231	231	1	1	120	120	-36.12	1	-34.92	34.74	1.0	-36.12	4	0	0	1	7	0	1.51																			
embed	extended	javascript	G	p00353.js	struct	0					s2	8	120	231	231	1	1	120	120	-36.12	1	-33.72	33.95	1.0	-36.12	8	0	0	1	7	1	2.22																			
capacity	extended	javascript	G	p00992.js	tok	0	266	266	253	203																																									
embed	extended	javascript	G	p00992.js	tok	0					s1	4	172	210	210	1	1	172	172	-23.78	1	-23.78	23.18	1.0	-51.78	4	0	3	0	8	0	2.16																			
embed	extended	javascript	G	p00992.js	tok	0					s1	8	172	210	210	1	1	172	172	-23.78	1	-23.78	22.9	1.0	-51.78	8	0	8	0	8	0	1.23																			
embed	extended	javascript	G	p00992.js	tok	0					s2	4	172	210	210	1	1	172	172	-51.78	1	-50.57	50.64	1.0	-51.78	4	0	0	0	8	0	1.19																			
embed	extended	javascript	G	p00992.js	tok	0					s2	8	172	210	210	1	1	172	172	-51.78	1	-49.37	49.73	1.0	-51.78	8	0	0	0	8	0	2.37																			
capacity	extended	javascript	G	p00992.js	struct	0	266	266	243	118																																									
embed	extended	javascript	G	p00992.js	struct	0					s1	4	108	205	205	1	1	108	108	-14.15	1	-14.15	13.43	1.0	-32.51	4	0	1	0	8	0	1.19																			
embed	extended	javascript	G	p00992.js	struct	0					s1	8	108	205	205	1	1	108	108	-14.15	1	-14.15	13.6	1.0	-32.51	8	0	8	0	8	0	1.17																			
embed	extended	javascript	G	p00992.js	struct	0					s2	4	108	205	205	1	1	108	108	-32.51	1	-31.31	31.67	1.0	-32.51	4	0	0	0	8	0	1.24																			
embed	extended	javascript	G	p00992.js	struct	0					s2	8	108	205	205	1	1	108	108	-32.51	1	-30.1	30.41	1.0	-32.51	8	0	0	1	8	0	1.95																			
capacity	extended	javascript	G	p01371.js	tok	0	218	218	206	164																																									
embed	extended	javascript	G	p01371.js	tok	0					s1	4	143	175	175	1	1	143	143	-21.98	1	-21.98	21.75	1.0	-43.05	4	0	1	0	7	0	1.1																			
embed	extended	javascript	G	p01371.js	tok	0					s1	8	143	175	175	1	1	143	143	-21.98	1	-21.98	19.0	1.0	-43.05	8	0	8	1	8	1	1.15																			
embed	extended	javascript	G	p01371.js	tok	0					s2	4	143	175	175	1	1	143	143	-43.05	1	-41.84	41.56	1.0	-43.05	4	0	0	0	7	1	2.27																			
embed	extended	javascript	G	p01371.js	tok	0					s2	8	143	175	175	1	1	143	143	-43.05	1	-40.64	40.82	1.0	-43.05	8	0	0	0	8	0	2.13																			
capacity	extended	javascript	G	p01371.js	struct	0	218	218	195	95																																									
embed	extended	javascript	G	p01371.js	struct	0					s1	4	82	165	165	1	1	82	82	-11.44	1	-11.44	10.76	1.0	-24.68	4	0	1	0	7	0	1.12																			
embed	extended	javascript	G	p01371.js	struct	0					s1	8	82	165	165	1	1	82	82	-11.44	1	-11.44	10.76	1.0	-24.68	8	0	7	0	8	0	1.2																			
embed	extended	javascript	G	p01371.js	struct	0					s2	4	82	165	165	1	1	82	82	-24.68	1	-23.48	23.73	1.0	-24.68	4	0	0	0	7	0	1.2																			
embed	extended	javascript	G	p01371.js	struct	0					s2	8	82	165	165	1	1	82	82	-24.68	1	-22.28	22.41	1.0	-24.68	8	0	0	2	8	1	1.63																			
capacity	extended	javascript	G	p01457.js	tok	0	177	177	171	148																																									
embed	extended	javascript	G	p01457.js	tok	0					s1	4	127	142	142	1	1	127	127	-18.06	1	-18.06	17.8	1.0	-38.23	4	0	1	0	8	0	0.48																			
embed	extended	javascript	G	p01457.js	tok	0					s1	8	127	142	142	1	1	127	127	-18.06	1	-18.06	16.2	1.0	-38.23	8	0	8	1	8	1	0.54																			
embed	extended	javascript	G	p01457.js	tok	0					s2	4	127	142	142	1	1	127	127	-38.23	1	-37.03	36.97	1.0	-38.23	4	0	0	0	8	0	0.51																			
embed	extended	javascript	G	p01457.js	tok	0					s2	8	127	142	142	1	1	127	127	-38.23	1	-35.82	35.81	1.0	-38.23	8	0	0	1	8	0	1.34																			
capacity	extended	javascript	G	p01457.js	struct	0	177	177	164	95																																									
embed	extended	javascript	G	p01457.js	struct	0					s1	4	82	138	138	1	1	82	82	-11.74	1	-11.74	11.31	1.0	-24.68	4	0	0	0	8	0	0.45																			
embed	extended	javascript	G	p01457.js	struct	0					s1	8	82	138	138	1	1	82	82	-11.74	1	-11.74	9.81	1.0	-24.68	8	0	5	1	8	0	0.47																			
embed	extended	javascript	G	p01457.js	struct	0					s2	4	82	138	138	1	1	82	82	-24.68	1	-23.48	21.47	1.0	-24.68	4	0	0	0	8	1	0.52																			
embed	extended	javascript	G	p01457.js	struct	0					s2	8	82	138	138	1	1	82	82	-24.68	1	-22.28	22.68	1.0	-24.68	8	0	0	0	8	0	1.29																			
capacity	extended	javascript	G	p02236.js	tok	0	204	204	193	149																																									
embed	extended	javascript	G	p02236.js	tok	0					s1	4	128	160	160	1	1	128	128	-17.76	1	-17.76	17.36	1.0	-38.53	4	0	1	0	8	0	0.99																			
embed	extended	javascript	G	p02236.js	tok	0					s1	8	128	160	160	1	1	128	128	-17.76	1	-17.76	16.02	1.0	-38.53	8	0	8	1	8	0	1.03																			
embed	extended	javascript	G	p02236.js	tok	0					s2	4	128	160	160	1	1	128	128	-38.53	1	-37.33	37.35	1.0	-38.53	4	0	0	0	8	0	1.04																			
embed	extended	javascript	G	p02236.js	tok	0					s2	8	128	160	160	1	1	128	128	-38.53	1	-36.12	36.23	1.0	-38.53	8	0	0	0	8	0	1.95																			
capacity	extended	javascript	G	p02236.js	struct	0	204	204	184	92																																									
embed	extended	javascript	G	p02236.js	struct	0					s1	4	80	153	153	1	1	80	80	-11.14	1	-11.14	10.55	1.0	-24.08	4	0	0	0	8	0	1.04																			
embed	extended	javascript	G	p02236.js	struct	0					s1	8	80	153	153	1	1	80	80	-11.14	1	-11.14	10.35	1.0	-24.08	8	0	8	0	8	0	1.1																			
embed	extended	javascript	G	p02236.js	struct	0					s2	4	80	153	153	1	1	80	80	-24.08	1	-22.88	22.75	1.0	-24.08	4	0	0	0	8	0	1.04																			
embed	extended	javascript	G	p02236.js	struct	0					s2	8	80	153	153	1	1	80	80	-24.08	1	-21.67	21.47	1.0	-24.08	8	0	0	1	8	1	1.58																			
capacity	extended	javascript	G	p02657.js	tok	0	266	266	256	212																																									
embed	extended	javascript	G	p02657.js	tok	0					s1	4	150	185	185	1	1	150	150	-21.98	1	-21.98	20.68	1.0	-45.15	4	0	2	0	7	0	1.37																			
embed	extended	javascript	G	p02657.js	tok	0					s1	8	150	185	185	1	1	150	150	-21.98	1	-21.98	20.45	1.0	-45.15	8	0	8	1	8	1	1.33																			
embed	extended	javascript	G	p02657.js	tok	0					s2	4	150	185	185	1	1	150	150	-45.15	1	-43.95	44.2	1.0	-45.15	4	0	0	0	7	0	1.38																			
embed	extended	javascript	G	p02657.js	tok	0					s2	8	150	185	185	1	1	150	150	-45.15	1	-42.75	43.29	1.0	-45.15	8	0	0	0	8	1	3.21																			
capacity	extended	javascript	G	p02657.js	struct	0	266	266	246	103																																									
embed	extended	javascript	G	p02657.js	struct	0					s1	4	79	178	178	1	1	79	79	-13.25	1	-13.25	12.6	1.0	-23.78	4	0	1	0	7	1	1.28																			
embed	extended	javascript	G	p02657.js	struct	0					s1	8	79	178	178	1	1	79	79	-13.25	1	-12.94	12.19	1.0	-23.78	8	0	4	0	8	0	1.47																			
embed	extended	javascript	G	p02657.js	struct	0					s2	4	79	178	178	1	1	79	79	-23.78	1	-22.58	22.73	1.0	-23.78	4	0	0	0	7	0	1.42																			
embed	extended	javascript	G	p02657.js	struct	0					s2	8	79	178	178	1	1	79	79	-23.78	1	-21.37	20.98	1.0	-23.78	8	0	0	0	8	0	2.01																			
capacity	extended	javascript	G	p02781.js	tok	0	295	295	266	236																																									
embed	extended	javascript	G	p02781.js	tok	0					s1	4	180	194	194	1	1	180	180	-26.79	1	-26.79	26.09	1.0	-54.19	4	0	3	0	8	2	1.7																			
embed	extended	javascript	G	p02781.js	tok	0					s1	8	180	194	194	1	1	180	180	-26.79	1	-26.79	26.09	1.0	-54.19	8	0	7	0	8	0	1.68																			
embed	extended	javascript	G	p02781.js	tok	0					s2	4	180	194	194	1	1	180	180	-54.19	1	-52.98	53.2	1.0	-54.19	4	0	0	0	8	0	1.67																			
embed	extended	javascript	G	p02781.js	tok	0					s2	8	180	194	194	1	1	180	180	-54.19	1	-51.78	51.83	1.0	-54.19	8	0	0	0	8	0	2.81																			
capacity	extended	javascript	G	p02781.js	struct	0	295	295	259	143																																									
embed	extended	javascript	G	p02781.js	struct	0					s1	4	113	188	188	1	1	113	113	-14.45	1	-14.45	13.64	1.0	-34.02	4	0	1	0	8	0	1.62																			
embed	extended	javascript	G	p02781.js	struct	0					s1	8	113	188	188	1	1	113	113	-14.45	1	-14.45	13.2	1.0	-34.02	8	0	8	0	8	0	1.66																			
embed	extended	javascript	G	p02781.js	struct	0					s2	4	113	188	188	1	1	113	113	-34.02	1	-32.81	32.3	1.0	-34.02	4	0	0	0	8	2	2.24																			
embed	extended	javascript	G	p02781.js	struct	0					s2	8	113	188	188	1	1	113	113	-34.02	1	-31.61	32.09	1.0	-34.02	8	0	0	0	8	0	2.24																			
capacity	extended	javascript	G	p02795.js	tok	0	212	212	202	170																																									
embed	extended	javascript	G	p02795.js	tok	0					s1	4	119	145	145	1	1	119	119	-18.06	1	-18.06	17.71	1.0	-35.82	4	0	1	0	8	0	0.84																			
embed	extended	javascript	G	p02795.js	tok	0					s1	8	119	145	145	1	1	119	119	-18.06	1	-18.06	16.48	1.0	-35.82	8	0	8	1	8	0	0.91																			
embed	extended	javascript	G	p02795.js	tok	0					s2	4	119	145	145	1	1	119	119	-35.82	1	-34.62	33.75	1.0	-35.82	4	0	0	1	8	2	0.95																			
embed	extended	javascript	G	p02795.js	tok	0					s2	8	119	145	145	1	1	119	119	-35.82	1	-33.41	33.02	1.0	-35.82	8	0	0	2	8	2	1.77																			
capacity	extended	javascript	G	p02795.js	struct	0	212	212	190	96																																									
embed	extended	javascript	G	p02795.js	struct	0					s1	4	72	138	138	1	1	72	72	-10.54	1	-10.54	9.93	1.0	-21.67	4	0	1	0	8	1	0.83																			
embed	extended	javascript	G	p02795.js	struct	0					s1	8	72	138	138	1	1	72	72	-10.54	1	-10.54	9.93	1.0	-21.67	8	0	4	0	8	1	0.9																			
embed	extended	javascript	G	p02795.js	struct	0					s2	4	72	138	138	1	1	72	72	-21.67	1	-20.47	20.66	1.0	-21.67	4	0	0	0	8	0	0.87																			
embed	extended	javascript	G	p02795.js	struct	0					s2	8	72	138	138	1	1	72	72	-21.67	1	-19.27	19.48	1.0	-21.67	8	0	0	0	8	0	1.49																			
capacity	extended	javascript	G	p02917.js	tok	0	223	223	215	176																																									
embed	extended	javascript	G	p02917.js	tok	0					s1	4	148	175	175	1	1	148	148	-24.68	1	-24.68	24.03	1.0	-44.55	4	0	1	0	6	0	0.94																			
embed	extended	javascript	G	p02917.js	tok	0					s1	8	148	175	175	1	1	148	148	-24.68	1	-24.68	24.03	1.0	-44.55	8	0	6	0	8	0	0.96																			
embed	extended	javascript	G	p02917.js	tok	0					s2	4	148	175	175	1	1	148	148	-44.55	1	-43.35	42.85	1.0	-44.55	4	0	0	0	6	0	0.95																			
embed	extended	javascript	G	p02917.js	tok	0					s2	8	148	175	175	1	1	148	148	-44.55	1	-42.14	41.6	1.0	-44.55	8	0	0	2	8	0	2.05																			
capacity	extended	javascript	G	p02917.js	struct	0	223	223	206	100																																									
embed	extended	javascript	G	p02917.js	struct	0					s1	4	88	170	170	1	1	88	88	-14.45	1	-14.45	12.62	1.0	-26.49	4	0	2	2	6	0	0.95																			
embed	extended	javascript	G	p02917.js	struct	0					s1	8	88	170	170	1	1	88	88	-14.45	1	-14.45	12.92	1.0	-26.49	8	0	5	2	8	0	1.03																			
embed	extended	javascript	G	p02917.js	struct	0					s2	4	88	170	170	1	1	88	88	-26.49	1	-25.29	24.82	1.0	-26.49	4	0	0	0	6	0	0.99																			
embed	extended	javascript	G	p02917.js	struct	0					s2	8	88	170	170	1	1	88	88	-26.49	1	-24.08	24.06	1.0	-26.49	8	0	0	0	8	0	1.77																			
capacity	extended	javascript	G	p02956.js	tok	0	354	354	330	277																																									
embed	extended	javascript	G	p02956.js	tok	0					s1	4	238	271	271	1	1	238	238	-37.33	1	-37.33	34.98	1.0	-71.65	4	0	3	1	7	0	4.14																			
embed	extended	javascript	G	p02956.js	tok	0					s1	8	238	271	271	1	1	238	238	-37.33	1	-37.33	34.98	1.0	-71.65	8	0	8	1	8	1	3.55																			
embed	extended	javascript	G	p02956.js	tok	0					s2	4	238	271	271	1	1	238	238	-71.65	1	-70.44	70.36	1.0	-71.65	4	0	0	0	7	0	3.19																			
embed	extended	javascript	G	p02956.js	tok	0					s2	8	238	271	271	1	1	238	238	-71.65	1	-69.24	68.7	1.0	-71.65	8	0	0	0	8	1	4.84																			
capacity	extended	javascript	G	p02956.js	struct	0	354	354	317	148																																									
embed	extended	javascript	G	p02956.js	struct	0					s1	4	137	269	269	1	1	137	137	-20.17	1	-20.17	20.01	1.0	-41.24	4	0	1	0	7	0	3.02																			
embed	extended	javascript	G	p02956.js	struct	0					s1	8	137	269	269	1	1	137	137	-20.17	1	-20.17	19.38	1.0	-41.24	8	0	7	0	8	0	2.31																			
embed	extended	javascript	G	p02956.js	struct	0					s2	4	137	269	269	1	1	137	137	-41.24	1	-40.04	40.53	1.0	-41.24	4	0	0	0	7	0	2.33																			
embed	extended	javascript	G	p02956.js	struct	0					s2	8	137	269	269	1	1	137	137	-41.24	1	-38.83	39.16	1.0	-41.24	8	0	0	0	8	1	2.76																			
capacity	extended	javascript	G	p03164.js	tok	0	288	288	274	216																																									
embed	extended	javascript	G	p03164.js	tok	0					s1	4	186	230	230	1	1	186	186	-28.9	1	-28.9	28.48	1.0	-55.99	4	0	2	0	7	0	1.49																			
embed	extended	javascript	G	p03164.js	tok	0					s1	8	186	230	230	1	1	186	186	-28.9	1	-28.9	28.15	1.0	-55.99	8	0	8	0	8	0	1.47																			
embed	extended	javascript	G	p03164.js	tok	0					s2	4	186	230	230	1	1	186	186	-55.99	1	-54.79	54.37	1.0	-55.99	4	0	0	0	7	0	1.58																			
embed	extended	javascript	G	p03164.js	tok	0					s2	8	186	230	230	1	1	186	186	-55.99	1	-53.58	54.21	1.0	-55.99	8	0	0	0	8	0	2.83																			
capacity	extended	javascript	G	p03164.js	struct	0	288	288	264	109																																									
embed	extended	javascript	G	p03164.js	struct	0					s1	4	96	221	221	1	1	96	96	-14.75	1	-14.75	13.85	1.0	-28.9	4	0	1	0	7	0	1.54																			
embed	extended	javascript	G	p03164.js	struct	0					s1	8	96	221	221	1	1	96	96	-14.75	1	-14.45	14.2	1.0	-28.9	8	0	7	0	8	1	1.79																			
embed	extended	javascript	G	p03164.js	struct	0					s2	4	96	221	221	1	1	96	96	-28.9	1	-27.69	28.02	1.0	-28.9	4	0	0	0	7	0	2.18																			
embed	extended	javascript	G	p03164.js	struct	0					s2	8	96	221	221	1	1	96	96	-28.9	1	-26.49	27.1	1.0	-28.9	8	0	0	0	8	0	1.67																			
capacity	extended	javascript	G	p03266.js	tok	0	199	199	192	168																																									
embed	extended	javascript	G	p03266.js	tok	0					s1	4	136	154	154	1	1	136	136	-19.27	1	-19.27	17.74	1.0	-40.94	4	0	2	1	7	0	0.81																			
embed	extended	javascript	G	p03266.js	tok	0					s1	8	136	154	154	1	1	136	136	-19.27	1	-19.27	17.48	1.0	-40.94	8	0	8	1	8	0	0.95																			
embed	extended	javascript	G	p03266.js	tok	0					s2	4	136	154	154	1	1	136	136	-40.94	1	-39.74	39.65	1.0	-40.94	4	0	0	0	7	0	0.76																			
embed	extended	javascript	G	p03266.js	tok	0					s2	8	136	154	154	1	1	136	136	-40.94	1	-38.53	39.14	1.0	-40.94	8	0	0	0	8	0	1.68																			
capacity	extended	javascript	G	p03266.js	struct	0	199	199	183	95																																									
embed	extended	javascript	G	p03266.js	struct	0					s1	4	77	151	151	1	1	77	77	-11.14	1	-11.14	10.11	1.0	-23.18	4	0	1	0	7	0	0.82																			
embed	extended	javascript	G	p03266.js	struct	0					s1	8	77	151	151	1	1	77	77	-11.14	1	-11.14	10.55	1.0	-23.18	8	0	3	0	8	0	0.75																			
embed	extended	javascript	G	p03266.js	struct	0					s2	4	77	151	151	1	1	77	77	-23.18	1	-21.98	20.65	1.0	-23.18	4	0	0	0	7	0	0.88																			
embed	extended	javascript	G	p03266.js	struct	0					s2	8	77	151	151	1	1	77	77	-23.18	1	-20.77	20.65	1.0	-23.18	8	0	0	0	8	0	1.32																			
capacity	extended	javascript	G	p03430.js	tok	0	345	345	331	237																																									
embed	extended	javascript	G	p03430.js	tok	0					s1	4	204	258	258	1	1	204	204	-29.2	1	-29.2	28.39	1.0	-61.41	4	0	2	0	8	0	2.81																			
embed	extended	javascript	G	p03430.js	tok	0					s1	8	204	258	258	1	1	204	204	-29.2	1	-29.2	28.63	1.0	-61.41	8	0	8	0	8	0	2.96																			
embed	extended	javascript	G	p03430.js	tok	0					s2	4	204	258	258	1	1	204	204	-61.41	1	-60.21	59.88	1.0	-61.41	4	0	0	0	8	1	4.04																			
embed	extended	javascript	G	p03430.js	tok	0					s2	8	204	258	258	1	1	204	204	-61.41	1	-59.0	58.9	1.0	-61.41	8	0	0	0	8	0	3.47																			
capacity	extended	javascript	G	p03430.js	struct	0	345	345	315	150																																									
embed	extended	javascript	G	p03430.js	struct	0					s1	4	139	251	251	1	1	139	139	-20.17	1	-20.17	19.66	1.0	-41.84	4	0	1	0	8	0	1.83																			
embed	extended	javascript	G	p03430.js	struct	0					s1	8	139	251	251	1	1	139	139	-20.17	1	-20.17	19.02	1.0	-41.84	8	0	8	0	8	0	1.87																			
embed	extended	javascript	G	p03430.js	struct	0					s2	4	139	251	251	1	1	139	139	-41.84	1	-40.64	40.33	1.0	-41.84	4	0	0	0	8	0	1.95																			
embed	extended	javascript	G	p03430.js	struct	0					s2	8	139	251	251	1	1	139	139	-41.84	1	-39.43	39.12	1.0	-41.84	8	0	0	0	8	1	3.34																			
capacity	extended	javascript	G	p03433.js	tok	0	188	188	181	141																																									
embed	extended	javascript	G	p03433.js	tok	0					s1	4	113	137	137	1	1	113	113	-16.56	1	-16.56	16.4	1.0	-34.02	4	0	0	0	8	0	0.56																			
embed	extended	javascript	G	p03433.js	tok	0					s1	8	113	137	137	1	1	113	113	-16.56	1	-16.56	15.7	1.0	-34.02	8	0	5	0	8	0	0.62																			
embed	extended	javascript	G	p03433.js	tok	0					s2	4	113	137	137	1	1	113	113	-34.02	1	-32.81	32.67	1.0	-34.02	4	0	0	0	8	3	0.62																			
embed	extended	javascript	G	p03433.js	tok	0					s2	8	113	137	137	1	1	113	113	-34.02	1	-31.61	30.82	1.0	-34.02	8	0	0	0	8	0	1.24																			
capacity	extended	javascript	G	p03433.js	struct	0	188	188	167	88																																									
embed	extended	javascript	G	p03433.js	struct	0					s1	4	73	129	129	1	1	73	73	-10.24	1	-10.24	9.72	1.0	-21.98	4	0	1	0	8	0	0.57																			
embed	extended	javascript	G	p03433.js	struct	0					s1	8	73	129	129	1	1	73	73	-10.24	1	-10.24	9.02	1.0	-21.98	8	0	5	0	8	1	0.51																			
embed	extended	javascript	G	p03433.js	struct	0					s2	4	73	129	129	1	1	73	73	-21.98	1	-20.77	21.22	1.0	-21.98	4	0	0	0	8	0	0.51																			
embed	extended	javascript	G	p03433.js	struct	0					s2	8	73	129	129	1	1	73	73	-21.98	1	-19.57	19.65	1.0	-21.98	8	0	0	0	8	0	1.09																			
capacity	extended	javascript	G	p03434.js	tok	0	385	385	369	287																																									
embed	extended	javascript	G	p03434.js	tok	0					s1	4	236	301	301	1	1	236	236	-37.93	1	-37.93	37.45	1.0	-71.04	4	0	2	0	8	1	2.82																			
embed	extended	javascript	G	p03434.js	tok	0					s1	8	236	301	301	1	1	236	236	-37.93	1	-37.93	37.02	1.0	-71.04	8	0	8	0	8	0	3.05																			
embed	extended	javascript	G	p03434.js	tok	0					s2	4	236	301	301	1	1	236	236	-71.04	1	-69.84	69.51	1.0	-71.04	4	0	0	0	8	0	3.03																			
embed	extended	javascript	G	p03434.js	tok	0					s2	8	236	301	301	1	1	236	236	-71.04	1	-68.63	69.24	1.0	-71.04	8	0	0	0	8	1	3.08																			
capacity	extended	javascript	G	p03434.js	struct	0	385	385	352	125																																									
embed	extended	javascript	G	p03434.js	struct	0					s1	4	110	293	293	1	1	110	110	-15.95	1	-15.95	14.38	1.0	-33.11	4	0	3	1	8	0	1.86																			
embed	extended	javascript	G	p03434.js	struct	0					s1	8	110	293	293	1	1	110	110	-15.95	1	-15.95	13.76	1.0	-33.11	8	0	8	1	8	0	1.85																			
embed	extended	javascript	G	p03434.js	struct	0					s2	4	110	293	293	1	1	110	110	-33.11	1	-31.91	32.28	1.0	-33.11	4	0	0	0	8	0	2.36																			
embed	extended	javascript	G	p03434.js	struct	0					s2	8	110	293	293	1	1	110	110	-33.11	1	-30.71	30.28	1.0	-33.11	8	0	0	0	8	0	1.76																			
capacity	extended	javascript	G	p03454.js	tok	0	301	301	283	242																																									
embed	extended	javascript	G	p03454.js	tok	0					s1	4	197	221	221	1	1	197	197	-27.69	1	-27.69	26.79	1.0	-59.3	4	0	3	0	8	0	2.28																			
embed	extended	javascript	G	p03454.js	tok	0					s1	8	197	221	221	1	1	197	197	-27.69	1	-27.69	27.27	1.0	-59.3	8	0	8	0	8	0	2.56																			
embed	extended	javascript	G	p03454.js	tok	0					s2	4	197	221	221	1	1	197	197	-59.3	1	-58.1	58.07	1.0	-59.3	4	0	0	0	8	0	1.81																			
embed	extended	javascript	G	p03454.js	tok	0					s2	8	197	221	221	1	1	197	197	-59.3	1	-56.89	56.82	1.0	-59.3	8	0	0	2	8	1	2.74																			
capacity	extended	javascript	G	p03454.js	struct	0	301	301	275	138																																									
embed	extended	javascript	G	p03454.js	struct	0					s1	4	120	215	215	1	1	120	120	-17.76	1	-17.76	17.54	1.0	-36.12	4	0	0	0	8	0	1.54																			
embed	extended	javascript	G	p03454.js	struct	0					s1	8	120	215	215	1	1	120	120	-17.76	1	-17.76	17.24	1.0	-36.12	8	0	7	0	8	0	1.58																			
embed	extended	javascript	G	p03454.js	struct	0					s2	4	120	215	215	1	1	120	120	-36.12	1	-34.92	34.74	1.0	-36.12	4	0	0	0	8	0	2.46																			
embed	extended	javascript	G	p03454.js	struct	0					s2	8	120	215	215	1	1	120	120	-36.12	1	-33.72	33.95	1.0	-36.12	8	0	0	0	8	0	2.07																			
capacity	extended	javascript	G	p03459.js	tok	0	368	368	348	247																																									
embed	extended	javascript	G	p03459.js	tok	0					s1	4	206	281	281	1	1	206	206	-30.71	1	-30.71	29.84	1.0	-62.01	4	0	3	0	8	0	3.3																			
embed	extended	javascript	G	p03459.js	tok	0					s1	8	206	281	281	1	1	206	206	-30.71	1	-30.71	30.2	1.0	-62.01	8	0	8	0	8	0	1.8																			
embed	extended	javascript	G	p03459.js	tok	0					s2	4	206	281	281	1	1	206	206	-62.01	1	-60.81	59.33	1.0	-62.01	4	0	0	0	8	0	1.68																			
embed	extended	javascript	G	p03459.js	tok	0					s2	8	206	281	281	1	1	206	206	-62.01	1	-59.6	58.93	1.0	-62.01	8	0	0	0	8	0	2.48																			
capacity	extended	javascript	G	p03459.js	struct	0	368	368	344	150																																									
embed	extended	javascript	G	p03459.js	struct	0					s1	4	131	281	281	1	1	131	131	-20.17	1	-20.17	19.66	1.0	-39.43	4	0	1	0	8	0	2.28																			
embed	extended	javascript	G	p03459.js	struct	0					s1	8	131	281	281	1	1	131	131	-20.17	1	-20.17	19.38	1.0	-39.43	8	0	6	0	8	0	1.52																			
embed	extended	javascript	G	p03459.js	struct	0					s2	4	131	281	281	1	1	131	131	-39.43	1	-38.23	38.04	1.0	-39.43	4	0	0	0	8	0	1.51																			
embed	extended	javascript	G	p03459.js	struct	0					s2	8	131	281	281	1	1	131	131	-39.43	1	-37.03	36.33	1.0	-39.43	8	0	0	0	8	1	1.96																			
capacity	extended	javascript	G	p03582.js	tok	0	306	306	293	231																																									
embed	extended	javascript	G	p03582.js	tok	0					s1	4	191	228	228	1	1	191	191	-27.69	1	-27.69	27.06	1.0	-57.5	4	0	3	0	6	0	1.69																			
embed	extended	javascript	G	p03582.js	tok	0					s1	8	191	228	228	1	1	191	191	-27.69	1	-27.69	26.27	1.0	-57.5	8	0	8	1	8	1	2.96																			
embed	extended	javascript	G	p03582.js	tok	0					s2	4	191	228	228	1	1	191	191	-57.5	1	-56.29	56.48	1.0	-57.5	4	0	0	0	6	0	1.12																			
embed	extended	javascript	G	p03582.js	tok	0					s2	8	191	228	228	1	1	191	191	-57.5	1	-55.09	54.76	1.0	-57.5	8	0	0	0	8	0	2.15																			
capacity	extended	javascript	G	p03582.js	struct	0	306	306	282	138																																									
embed	extended	javascript	G	p03582.js	struct	0					s1	4	117	227	227	1	1	117	117	-17.46	1	-17.46	16.53	1.0	-35.22	4	0	1	0	6	0	1.06																			
embed	extended	javascript	G	p03582.js	struct	0					s1	8	117	227	227	1	1	117	117	-17.46	1	-17.46	16.71	1.0	-35.22	8	0	8	0	8	0	1.13																			
embed	extended	javascript	G	p03582.js	struct	0					s2	4	117	227	227	1	1	117	117	-35.22	1	-34.02	34.35	1.0	-35.22	4	0	0	0	6	0	1.04																			
embed	extended	javascript	G	p03582.js	struct	0					s2	8	117	227	227	1	1	117	117	-35.22	1	-32.81	32.11	1.0	-35.22	8	0	0	0	8	1	2.49																			
capacity	extended	javascript	H	p00077.js	tok	0	12	12	11	11								10																																	
null	extended	javascript	H	p00077.js	tok						s1	4						10															0.489	0.04	0.0																
null	extended	javascript	H	p00077.js	tok						s1	8						10															0.469	0.04	0.0																
null	extended	javascript	H	p00077.js	tok						s2	4						10															0.554	0.0	0.0																
null	extended	javascript	H	p00077.js	tok						s2	8						10															0.488	0.04	0.0																
capacity	extended	javascript	H	p00077.js	struct	0	12	12	11	11								10																																	
null	extended	javascript	H	p00077.js	struct						s1	4						10															0.468	0.08	0.0																
null	extended	javascript	H	p00077.js	struct						s1	8						10															0.498	0.04	0.0																
null	extended	javascript	H	p00077.js	struct						s2	4						10															0.425	0.1	0.0																
null	extended	javascript	H	p00077.js	struct						s2	8						10															0.465	0.0	0.0																
capacity	extended	javascript	H	p00122.js	tok	0	46	46	42	34								29																																	
null	extended	javascript	H	p00122.js	tok						s1	4						29															0.461	0.12	0.0																
null	extended	javascript	H	p00122.js	tok						s1	8						29															0.526	0.04	0.0																
null	extended	javascript	H	p00122.js	tok						s2	4						29															0.529	0.06	0.0																
null	extended	javascript	H	p00122.js	tok						s2	8						29															0.47	0.02	0.0																
capacity	extended	javascript	H	p00122.js	struct	0	46	46	41	26								23																																	
null	extended	javascript	H	p00122.js	struct						s1	4						23															0.494	0.06	0.0																
null	extended	javascript	H	p00122.js	struct						s1	8						23															0.505	0.04	0.0																
null	extended	javascript	H	p00122.js	struct						s2	4						23															0.495	0.06	0.0																
null	extended	javascript	H	p00122.js	struct						s2	8						23															0.498	0.06	0.0																
capacity	extended	javascript	H	p00157.js	tok	0	46	46	45	35								32																																	
null	extended	javascript	H	p00157.js	tok						s1	4						32															0.516	0.06	0.0																
null	extended	javascript	H	p00157.js	tok						s1	8						32															0.488	0.02	0.1																
null	extended	javascript	H	p00157.js	tok						s2	4						32															0.57	0.04	0.0																
null	extended	javascript	H	p00157.js	tok						s2	8						32															0.459	0.04	0.1																
capacity	extended	javascript	H	p00157.js	struct	0	46	46	43	29								26																																	
null	extended	javascript	H	p00157.js	struct						s1	4						26															0.418	0.1	0.0																
null	extended	javascript	H	p00157.js	struct						s1	8						26															0.537	0.02	0.0																
null	extended	javascript	H	p00157.js	struct						s2	4						26															0.475	0.08	0.0																
null	extended	javascript	H	p00157.js	struct						s2	8						26															0.491	0.06	0.0																
capacity	extended	javascript	H	p00761.js	tok	0	42	42	35	28								28																																	
null	extended	javascript	H	p00761.js	tok						s1	4						28															0.526	0.04	0.0																
null	extended	javascript	H	p00761.js	tok						s1	8						28															0.503	0.04	0.0																
null	extended	javascript	H	p00761.js	tok						s2	4						28															0.462	0.08	0.0																
null	extended	javascript	H	p00761.js	tok						s2	8						28															0.486	0.0	0.1																
capacity	extended	javascript	H	p00761.js	struct	0	42	42	34	26								26																																	
null	extended	javascript	H	p00761.js	struct						s1	4						26															0.525	0.0	0.2																
null	extended	javascript	H	p00761.js	struct						s1	8						26															0.472	0.04	0.0																
null	extended	javascript	H	p00761.js	struct						s2	4						26															0.44	0.12	0.0																
null	extended	javascript	H	p00761.js	struct						s2	8						26															0.46	0.06	0.0																
capacity	extended	javascript	H	p01760.js	tok	0	25	25	24	16								16																																	
null	extended	javascript	H	p01760.js	tok						s1	4						16															0.49	0.04	0.2																
null	extended	javascript	H	p01760.js	tok						s1	8						16															0.431	0.04	0.3																
null	extended	javascript	H	p01760.js	tok						s2	4						16															0.516	0.02	0.0																
null	extended	javascript	H	p01760.js	tok						s2	8						16															0.543	0.08	0.0																
capacity	extended	javascript	H	p01760.js	struct	0	25	25	24	15								15																																	
null	extended	javascript	H	p01760.js	struct						s1	4						15															0.473	0.08	0.2																
null	extended	javascript	H	p01760.js	struct						s1	8						15															0.535	0.02	0.0																
null	extended	javascript	H	p01760.js	struct						s2	4						15															0.499	0.04	0.0																
null	extended	javascript	H	p01760.js	struct						s2	8						15															0.553	0.02	0.0																
capacity	extended	javascript	H	p02234.js	tok	0	31	31	29	27								24																																	
null	extended	javascript	H	p02234.js	tok						s1	4						24															0.513	0.04	0.1																
null	extended	javascript	H	p02234.js	tok						s1	8						24															0.587	0.02	0.0																
null	extended	javascript	H	p02234.js	tok						s2	4						24															0.566	0.02	0.0																
null	extended	javascript	H	p02234.js	tok						s2	8						24															0.559	0.02	0.0																
capacity	extended	javascript	H	p02234.js	struct	0	31	31	23	19								19																																	
null	extended	javascript	H	p02234.js	struct						s1	4						19															0.45	0.04	0.1																
null	extended	javascript	H	p02234.js	struct						s1	8						19															0.476	0.0	0.0																
null	extended	javascript	H	p02234.js	struct						s2	4						19															0.547	0.06	0.0																
null	extended	javascript	H	p02234.js	struct						s2	8						19															0.499	0.02	0.0																
capacity	extended	javascript	H	p02442.js	tok	0	23	23	22	14								13																																	
null	extended	javascript	H	p02442.js	tok						s1	4						13															0.51	0.04	0.0																
null	extended	javascript	H	p02442.js	tok						s1	8						13															0.49	0.0	0.1																
null	extended	javascript	H	p02442.js	tok						s2	4						13															0.509	0.04	0.0																
null	extended	javascript	H	p02442.js	tok						s2	8						13															0.425	0.04	0.1																
capacity	extended	javascript	H	p02442.js	struct	0	23	23	22	14								13																																	
null	extended	javascript	H	p02442.js	struct						s1	4						13															0.456	0.08	0.0																
null	extended	javascript	H	p02442.js	struct						s1	8						13															0.551	0.04	0.0																
null	extended	javascript	H	p02442.js	struct						s2	4						13															0.527	0.04	0.0																
null	extended	javascript	H	p02442.js	struct						s2	8						13															0.457	0.02	0.0																
capacity	extended	javascript	H	p02811.js	tok	0	13	13	13	13								10																																	
null	extended	javascript	H	p02811.js	tok						s1	4						10															0.511	0.08	0.1																
null	extended	javascript	H	p02811.js	tok						s1	8						10															0.528	0.02	0.0																
null	extended	javascript	H	p02811.js	tok						s2	4						10															0.423	0.08	0.1																
null	extended	javascript	H	p02811.js	tok						s2	8						10															0.473	0.06	0.0																
capacity	extended	javascript	H	p02811.js	struct	0	13	13	13	13								10																																	
null	extended	javascript	H	p02811.js	struct						s1	4						10															0.471	0.06	0.0																
null	extended	javascript	H	p02811.js	struct						s1	8						10															0.476	0.06	0.0																
null	extended	javascript	H	p02811.js	struct						s2	4						10															0.431	0.06	0.0																
null	extended	javascript	H	p02811.js	struct						s2	8						10															0.499	0.0	0.0																
capacity	extended	javascript	H	p02926.js	tok	0	114	113	110	85								63																																	
null	extended	javascript	H	p02926.js	tok						s1	4						63															0.485	0.04	0.0																
null	extended	javascript	H	p02926.js	tok						s1	8						63															0.542	0.02	0.1																
null	extended	javascript	H	p02926.js	tok						s2	4						63															0.524	0.08	0.1																
null	extended	javascript	H	p02926.js	tok						s2	8						63															0.495	0.04	0.1																
capacity	extended	javascript	H	p02926.js	struct	0	114	113	104	67								53																																	
null	extended	javascript	H	p02926.js	struct						s1	4						53															0.55	0.04	0.0																
null	extended	javascript	H	p02926.js	struct						s1	8						53															0.54	0.0	0.2																
null	extended	javascript	H	p02926.js	struct						s2	4						53															0.553	0.0	0.1																
null	extended	javascript	H	p02926.js	struct						s2	8						53															0.391	0.12	0.0																
capacity	extended	javascript	H	p02946.js	tok	0	22	22	22	20								19																																	
null	extended	javascript	H	p02946.js	tok						s1	4						19															0.497	0.04	0.0																
null	extended	javascript	H	p02946.js	tok						s1	8						19															0.49	0.06	0.0																
null	extended	javascript	H	p02946.js	tok						s2	4						19															0.476	0.04	0.1																
null	extended	javascript	H	p02946.js	tok						s2	8						19															0.47	0.04	0.0																
capacity	extended	javascript	H	p02946.js	struct	0	22	22	20	18								17																																	
null	extended	javascript	H	p02946.js	struct						s1	4						17															0.509	0.02	0.0																
null	extended	javascript	H	p02946.js	struct						s1	8						17															0.491	0.02	0.0																
null	extended	javascript	H	p02946.js	struct						s2	4						17															0.431	0.04	0.0																
null	extended	javascript	H	p02946.js	struct						s2	8						17															0.585	0.0	0.0																
capacity	extended	javascript	H	p03005.js	tok	0	10	10	10	10								9																																	
null	extended	javascript	H	p03005.js	tok						s1	4						9															0.517	0.02	0.0																
null	extended	javascript	H	p03005.js	tok						s1	8						9															0.583	0.04	0.0																
null	extended	javascript	H	p03005.js	tok						s2	4						9															0.421	0.12	0.0																
null	extended	javascript	H	p03005.js	tok						s2	8						9															0.547	0.02	0.0																
capacity	extended	javascript	H	p03005.js	struct	0	10	10	10	10								9																																	
null	extended	javascript	H	p03005.js	struct						s1	4						9															0.541	0.06	0.0																
null	extended	javascript	H	p03005.js	struct						s1	8						9															0.527	0.06	0.0																
null	extended	javascript	H	p03005.js	struct						s2	4						9															0.449	0.06	0.1																
null	extended	javascript	H	p03005.js	struct						s2	8						9															0.457	0.0	0.0																
capacity	extended	javascript	H	p03027.js	tok	0	90	90	86	65								50																																	
null	extended	javascript	H	p03027.js	tok						s1	4						50															0.479	0.12	0.0																
null	extended	javascript	H	p03027.js	tok						s1	8						50															0.45	0.08	0.0																
null	extended	javascript	H	p03027.js	tok						s2	4						50															0.465	0.1	0.0																
null	extended	javascript	H	p03027.js	tok						s2	8						50															0.494	0.08	0.0																
capacity	extended	javascript	H	p03027.js	struct	0	90	90	81	53								44																																	
null	extended	javascript	H	p03027.js	struct						s1	4						44															0.531	0.02	0.1																
null	extended	javascript	H	p03027.js	struct						s1	8						44															0.514	0.04	0.1																
null	extended	javascript	H	p03027.js	struct						s2	4						44															0.461	0.04	0.0																
null	extended	javascript	H	p03027.js	struct						s2	8						44															0.55	0.06	0.0																
capacity	extended	javascript	H	p03201.js	tok	0	36	36	36	31								28																																	
null	extended	javascript	H	p03201.js	tok						s1	4						28															0.481	0.06	0.0																
null	extended	javascript	H	p03201.js	tok						s1	8						28															0.517	0.06	0.1																
null	extended	javascript	H	p03201.js	tok						s2	4						28															0.449	0.06	0.1																
null	extended	javascript	H	p03201.js	tok						s2	8						28															0.468	0.04	0.0																
capacity	extended	javascript	H	p03201.js	struct	0	36	36	34	28								26																																	
null	extended	javascript	H	p03201.js	struct						s1	4						26															0.481	0.04	0.0																
null	extended	javascript	H	p03201.js	struct						s1	8						26															0.502	0.02	0.0																
null	extended	javascript	H	p03201.js	struct						s2	4						26															0.421	0.04	0.0																
null	extended	javascript	H	p03201.js	struct						s2	8						26															0.518	0.12	0.0																
capacity	extended	javascript	H	p03280.js	tok	0	12	12	11	11								11																																	
null	extended	javascript	H	p03280.js	tok						s1	4						11															0.495	0.02	0.1																
null	extended	javascript	H	p03280.js	tok						s1	8						11															0.418	0.12	0.0																
null	extended	javascript	H	p03280.js	tok						s2	4						11															0.538	0.02	0.0																
null	extended	javascript	H	p03280.js	tok						s2	8						11															0.539	0.0	0.0																
capacity	extended	javascript	H	p03280.js	struct	0	12	12	10	10								10																																	
null	extended	javascript	H	p03280.js	struct						s1	4						10															0.561	0.04	0.0																
null	extended	javascript	H	p03280.js	struct						s1	8						10															0.499	0.1	0.0																
null	extended	javascript	H	p03280.js	struct						s2	4						10															0.546	0.06	0.0																
null	extended	javascript	H	p03280.js	struct						s2	8						10															0.453	0.08	0.0																
capacity	extended	javascript	H	p03286.js	tok	0	22	22	21	20								17																																	
null	extended	javascript	H	p03286.js	tok						s1	4						17															0.566	0.04	0.0																
null	extended	javascript	H	p03286.js	tok						s1	8						17															0.522	0.02	0.0																
null	extended	javascript	H	p03286.js	tok						s2	4						17															0.582	0.0	0.0																
null	extended	javascript	H	p03286.js	tok						s2	8						17															0.498	0.02	0.0																
capacity	extended	javascript	H	p03286.js	struct	0	22	22	21	20								17																																	
null	extended	javascript	H	p03286.js	struct						s1	4						17															0.486	0.06	0.0																
null	extended	javascript	H	p03286.js	struct						s1	8						17															0.462	0.04	0.0																
null	extended	javascript	H	p03286.js	struct						s2	4						17															0.485	0.02	0.0																
null	extended	javascript	H	p03286.js	struct						s2	8						17															0.586	0.0	0.0																
capacity	extended	javascript	H	p03418.js	tok	0	88	88	87	71								21																																	
null	extended	javascript	H	p03418.js	tok						s1	4						21															0.598	0.06	0.1																
null	extended	javascript	H	p03418.js	tok						s1	8						21															0.471	0.06	0.0																
null	extended	javascript	H	p03418.js	tok						s2	4						21															0.536	0.04	0.0																
null	extended	javascript	H	p03418.js	tok						s2	8						21															0.525	0.02	0.0																
capacity	extended	javascript	H	p03418.js	struct	0	88	88	84	64								18																																	
null	extended	javascript	H	p03418.js	struct						s1	4						18															0.517	0.06	0.0																
null	extended	javascript	H	p03418.js	struct						s1	8						18															0.594	0.04	0.0																
null	extended	javascript	H	p03418.js	struct						s2	4						18															0.48	0.06	0.0																
null	extended	javascript	H	p03418.js	struct						s2	8						18															0.499	0.04	0.0																
capacity	extended	javascript	H	p03420.js	tok	0	81	81	79	65								45																																	
null	extended	javascript	H	p03420.js	tok						s1	4						45															0.564	0.06	0.0																
null	extended	javascript	H	p03420.js	tok						s1	8						45															0.502	0.08	0.0																
null	extended	javascript	H	p03420.js	tok						s2	4						45															0.442	0.04	0.0																
null	extended	javascript	H	p03420.js	tok						s2	8						45															0.568	0.04	0.0																
capacity	extended	javascript	H	p03420.js	struct	0	81	81	78	63								44																																	
null	extended	javascript	H	p03420.js	struct						s1	4						44															0.473	0.08	0.0																
null	extended	javascript	H	p03420.js	struct						s1	8						44															0.476	0.06	0.0																
null	extended	javascript	H	p03420.js	struct						s2	4						44															0.485	0.02	0.1																
null	extended	javascript	H	p03420.js	struct						s2	8						44															0.52	0.06	0.2																
capacity	extended	javascript	H	p03435.js	tok	0	74	74	72	50								39																																	
null	extended	javascript	H	p03435.js	tok						s1	4						39															0.474	0.02	0.0																
null	extended	javascript	H	p03435.js	tok						s1	8						39															0.474	0.06	0.2																
null	extended	javascript	H	p03435.js	tok						s2	4						39															0.514	0.04	0.0																
null	extended	javascript	H	p03435.js	tok						s2	8						39															0.516	0.04	0.0																
capacity	extended	javascript	H	p03435.js	struct	0	74	74	67	43								37																																	
null	extended	javascript	H	p03435.js	struct						s1	4						37															0.422	0.06	0.0																
null	extended	javascript	H	p03435.js	struct						s1	8						37															0.526	0.06	0.2																
null	extended	javascript	H	p03435.js	struct						s2	4						37															0.436	0.06	0.1																
null	extended	javascript	H	p03435.js	struct						s2	8						37															0.48	0.02	0.0																
capacity	extended	javascript	H	p03447.js	tok	0	17	17	17	15								11																																	
null	extended	javascript	H	p03447.js	tok						s1	4						11															0.455	0.1	0.0																
null	extended	javascript	H	p03447.js	tok						s1	8						11															0.491	0.06	0.0																
null	extended	javascript	H	p03447.js	tok						s2	4						11															0.527	0.0	0.0																
null	extended	javascript	H	p03447.js	tok						s2	8						11															0.445	0.08	0.0																
capacity	extended	javascript	H	p03447.js	struct	0	17	17	14	11								11																																	
null	extended	javascript	H	p03447.js	struct						s1	4						11															0.508	0.06	0.0																
null	extended	javascript	H	p03447.js	struct						s1	8						11															0.475	0.02	0.0																
null	extended	javascript	H	p03447.js	struct						s2	4						11															0.512	0.06	0.0																
null	extended	javascript	H	p03447.js	struct						s2	8						11															0.549	0.0	0.0																
capacity	extended	javascript	H	p03502.js	tok	0	27	27	26	23								22																																	
null	extended	javascript	H	p03502.js	tok						s1	4						22															0.614	0.02	0.0																
null	extended	javascript	H	p03502.js	tok						s1	8						22															0.515	0.06	0.0																
null	extended	javascript	H	p03502.js	tok						s2	4						22															0.589	0.02	0.0																
null	extended	javascript	H	p03502.js	tok						s2	8						22															0.505	0.06	0.0																
capacity	extended	javascript	H	p03502.js	struct	0	27	27	25	22								21																																	
null	extended	javascript	H	p03502.js	struct						s1	4						21															0.49	0.04	0.0																
null	extended	javascript	H	p03502.js	struct						s1	8						21															0.465	0.08	0.0																
null	extended	javascript	H	p03502.js	struct						s2	4						21															0.453	0.06	0.0																
null	extended	javascript	H	p03502.js	struct						s2	8						21															0.456	0.12	0.0																
summary_capacity	legacy	python	G		tok	0	165.4	156.85	149.4	131.7																										20	0.953														
summary_capacity	legacy	python	H		tok	0	24.0	15.0	15.0	13.0								10.0																		20	1.0														
summary_cell	legacy	python			tok						s1	4	81.15	93.45			1.0	81.15		-10.84	1.0						0	12	4		7			0.062		20		1.0	1.0	1.0	0.998	1.0	0.97	1.0	80	151	20	0.0203	0.0515	0.015	0.015
summary_cell	legacy	python			tok						s1	8	81.15	93.45			1.0	81.15		-10.84	1.0						0	79	2		6			0.047		20		1.0	1.0	1.0	0.998	1.0	0.97	1.0	160	158	20	0.0233	0.0515	0.008	0.01
summary_cell	legacy	python			tok						s2	4	81.15	93.45			1.0	81.15		-20.77	1.0						0	0	4		10			0.05		20		1.0	1.0	1.0	0.997	1.0	0.97	1.0	80	151	20	0.0281	0.0515	0.01	0.005
summary_cell	legacy	python			tok						s2	8	81.15	93.45			1.0	81.15		-20.77	1.0						0	0	6		6			0.044		20		1.0	1.0	1.0	0.998	1.0	0.97	1.0	160	158	20	0.0222	0.0515	0.009	0.0
summary_capacity	legacy	python	G		struct	0	165.4	156.85	148.45	66.2																										20	0.946														
summary_capacity	legacy	python	H		struct	0	24.0	15.0	14.0	12.0								9.0																		20	0.933														
summary_cell	legacy	python			struct						s1	4	46.25	92.75			1.0	46.15		-7.22	1.0						0	7	6		5			0.047		20		1.0	0.75	1.0	0.999	1.0	0.976	1.0	80	151	20	0.0381	0.0515	0.002	0.0
summary_cell	legacy	python			struct						s1	8	46.25	92.75			1.0	46.2		-7.22	1.0						0	23	3		3			0.054		20		1.0	0.75	1.0	0.999	1.0	0.976	1.0	160	158	20	0.0255	0.0515	0.01	0.0
summary_cell	legacy	python			struct						s2	4	46.25	92.75			1.0	46.2		-12.64	1.0						0	0	5		7			0.048		20		1.0	1.0	1.0	0.999	1.0	0.976	1.0	80	151	20	0.0204	0.0515	0.012	0.025
summary_cell	legacy	python			struct						s2	8	46.25	92.75			1.0	46.25		-12.64	1.0						0	0	6		6			0.054		20		1.0	1.0	1.0	1.0	1.0	1.0	1.0	160	158	20	0.0224	0.0515	0.008	0.0
summary_capacity	legacy	c	G		tok	8	286.2	285.85	265.45	213.95																										20	0.929														
summary_capacity	legacy	c	H		tok	2	37.7	37.1	31.6	26.1								12.35																		20	0.852														
summary_cell	legacy	c			tok						s1	4	118.7	140.7			1.0	126.2		-15.47	1.0						0	21	2		3			0.037		20		0.981	0.95	1.0	0.888	0.812	0.736	0.45	80	155	20	0.0236	0.0515	0.008	0.005
summary_cell	legacy	c			tok						s1	8	118.7	140.7			1.0	125.3		-17.16	1.0						0	115	4		8			0.055		20		0.982	0.95	1.0	0.898	0.792	0.719	0.45	160	160	20	0.0201	0.0515	0.011	0.01
summary_cell	legacy	c			tok						s2	4	118.7	140.7			1.0	125.35		-28.45	1.0						0	0	4		10			0.053		20		0.982	1.0	1.0	0.895	0.8	0.689	0.5	80	155	20	0.0216	0.0515	0.007	0.01
summary_cell	legacy	c			tok						s2	8	118.7	140.7			1.0	125.8		-30.01	1.0						1	1	10		8			0.041		20		0.982	1.0	1.0	0.905	0.816	0.768	0.45	160	160	20	0.0469	0.0515	0.013	0.0
summary_capacity	legacy	c	G		struct	8	286.2	285.85	251.55	72.0																										20	0.88														
summary_capacity	legacy	c	H		struct	2	37.7	37.1	28.6	12.85								8.65																		20	0.771														
summary_cell	legacy	c			struct						s1	4	44.65	158.55			1.0	44.65		-8.13	1.0						0	0	0		0			0.044		20		1.0	0.85	1.0	1.0	1.0	1.0	1.0	80	155	20	0.0348	0.0515	0.009	0.0
summary_cell	legacy	c			struct						s1	8	44.65	158.55			1.0	44.65		-8.13	1.0						0	25	4		6			0.059		20		1.0	0.85	1.0	1.0	1.0	1.0	1.0	160	160	20	0.0331	0.0515	0.012	0.005
summary_cell	legacy	c			struct						s2	4	44.65	158.55			1.0	44.65		-13.85	1.0						0	0	4		5			0.05		20		1.0	1.0	1.0	1.0	1.0	1.0	1.0	80	155	20	0.0265	0.0515	0.013	0.015
summary_cell	legacy	c			struct						s2	8	44.65	158.55			1.0	44.65		-13.85	1.0						1	1	10		11			0.038		20		1.0	1.0	1.0	1.0	1.0	1.0	1.0	160	160	20	0.0262	0.0515	0.01	0.005
summary_capacity	legacy	cpp	G		tok	10	201.3	199.8	188.1	164.1																										20	0.941														
summary_capacity	legacy	cpp	H		tok	2	18.75	18.0	15.1	12.45								6.85																		20	0.839														
summary_cell	legacy	cpp			tok						s1	4	91.0	102.5			1.0	97.55		-8.57	1.0						0	16	3		8			0.045		20		0.955	0.75	1.0	0.847	0.76	0.667	0.25	80	148	20	0.0345	0.0515	0.013	0.0
summary_cell	legacy	cpp			tok						s1	8	91.0	102.5			1.0	97.6		-9.65	1.0						0	88	8		10			0.049		20		0.952	0.85	1.0	0.839	0.724	0.707	0.3	160	159	20	0.0399	0.0515	0.012	0.005
summary_cell	legacy	cpp			tok						s2	4	91.0	102.5			1.0	96.0		-19.03	1.0						0	0	3		3			0.054		20		0.952	1.0	1.0	0.847	0.77	0.736	0.2	80	148	20	0.0189	0.0515	0.01	0.005
summary_cell	legacy	cpp			tok						s2	8	91.0	102.5			1.0	98.05		-21.82	1.0						0	0	8		8			0.053		20		0.949	1.0	1.0	0.827	0.73	0.696	0.25	160	159	20	0.0155	0.0515	0.014	0.0
summary_capacity	legacy	cpp	G		struct	10	201.3	199.8	174.45	62.15																										20	0.873														
summary_capacity	legacy	cpp	H		struct	2	18.75	18.0	12.6	7.55								5.4																		20	0.7														
summary_cell	legacy	cpp			struct						s1	4	44.05	125.8			1.0	44.05		-7.53	1.0						0	1	0		4			0.055		20		1.0	0.85	1.0	1.0	1.0	1.0	1.0	80	148	20	0.0281	0.0515	0.01	0.0
summary_cell	legacy	cpp			struct						s1	8	44.05	125.8			1.0	44.1		-6.92	1.0						0	20	10		3			0.043		20		1.0	0.85	1.0	0.999	1.0	0.98	1.0	160	159	20	0.0204	0.0515	0.007	0.0
summary_cell	legacy	cpp			struct						s2	4	44.05	125.8			1.0	44.1		-12.94	1.0						0	0	1		2			0.04		20		1.0	1.0	1.0	0.999	1.0	0.98	1.0	80	148	20	0.0319	0.0515	0.011	0.0
summary_cell	legacy	cpp			struct						s2	8	44.05	125.8			1.0	44.1		-12.94	1.0						0	0	5		8			0.066		20		1.0	1.0	1.0	0.999	1.0	0.98	1.0	160	159	20	0.0193	0.0515	0.009	0.0
summary_capacity	legacy	javascript	G		tok	0	222.4	222.4	209.25	164.25																										20	0.941														
summary_capacity	legacy	javascript	H		tok	0	30.2	30.15	28.55	22.9								20.3																		20	0.947														
summary_cell	legacy	javascript			tok						s1	4	140.4	173.35			1.0	140.4		-20.17	1.0						0	35	3		4			0.057		20		1.0	1.0	1.0	1.0	1.0	1.0	1.0	80	150	20	0.0257	0.0515	0.015	0.015
summary_cell	legacy	javascript			tok						s1	8	140.4	173.35			1.0	140.4		-20.17	1.0						0	150	12		6			0.05		20		1.0	1.0	1.0	1.0	1.0	1.0	1.0	160	159	20	0.0144	0.0515	0.013	0.02
summary_cell	legacy	javascript			tok						s2	4	140.4	173.35			1.0	140.4		-40.94	1.0						0	0	5		8			0.035		20		1.0	1.0	1.0	1.0	1.0	1.0	1.0	80	150	20	0.0171	0.0515	0.006	0.01
summary_cell	legacy	javascript			tok						s2	8	140.4	173.35			1.0	140.4		-40.94	1.0						0	0	8		5			0.055		20		1.0	1.0	1.0	1.0	1.0	1.0	1.0	160	159	20	0.0324	0.0515	0.01	0.015
summary_capacity	legacy	javascript	G		struct	0	222.4	222.4	202.25	90.7																										20	0.909														
summary_capacity	legacy	javascript	H		struct	0	30.2	30.15	26.65	19.05								17.75																		20	0.884														
summary_cell	legacy	javascript			struct						s1	4	80.4	169.1			1.0	80.4		-11.14	1.0						0	11	4		1			0.044		20		1.0	1.0	1.0	1.0	1.0	1.0	1.0	80	150	20	0.0193	0.0515	0.014	0.015
summary_cell	legacy	javascript			struct						s1	8	80.4	169.1			1.0	80.4		-11.14	1.0						1	97	7		4			0.055		20		1.0	1.0	1.0	1.0	1.0	1.0	1.0	160	159	20	0.0165	0.0515	0.018	0.01
summary_cell	legacy	javascript			struct						s2	4	80.4	169.1			1.0	80.4		-22.58	1.0						0	0	0		2			0.05		20		1.0	1.0	1.0	1.0	1.0	1.0	1.0	80	150	20	0.0286	0.0515	0.012	0.02
summary_cell	legacy	javascript			struct						s2	8	80.4	169.1			1.0	80.4		-22.58	1.0						0	0	1		4			0.043		20		1.0	1.0	1.0	1.0	1.0	1.0	1.0	160	159	20	0.0155	0.0515	0.009	0.02
summary_capacity	extended	python	G		tok	0	252.4	243.85	230.7	205.1																										20	0.946														
summary_capacity	extended	python	H		tok	0	28.0	19.0	18.5	16.5								10.0																		20	0.974														
summary_cell	extended	python			tok						s1	4	119.6	134.5			1.0	119.6		-15.98	1.0						0	18	1		3			0.063		20		1.0	1.0	1.0	0.939	0.902	0.88	0.9	80	151	20	0.0207	0.0515	0.01	0.01
summary_cell	extended	python			tok						s1	8	119.6	134.5			1.0	119.8		-15.69	1.0						0	123	4		9			0.045		20		0.999	1.0	1.0	0.931	0.876	0.829	0.75	160	158	20	0.027	0.0515	0.008	0.005
summary_cell	extended	python			tok						s2	4	119.6	134.5			1.0	119.8		-26.9	1.0						0	0	3		10			0.057		20		0.999	1.0	1.0	0.934	0.87	0.859	0.75	80	151	20	0.0231	0.0515	0.007	0.015
summary_cell	extended	python			tok						s2	8	119.6	134.5			1.0	119.9		-30.5	1.0						0	0	9		7			0.049		20		1.0	1.0	1.0	0.928	0.879	0.854	0.7	160	158	20	0.0281	0.0515	0.012	0.0
summary_capacity	extended	python	G		struct	0	252.4	243.85	229.85	115.3																										20	0.943														
summary_capacity	extended	python	H		struct	0	28.0	19.0	18.0	16.0								10.0																		20	0.947														
summary_cell	extended	python			struct						s1	4	79.85	134.0			1.0	80.35		-10.53	1.0						0	18	3		6			0.049		20		1.0	0.9	1.0	0.93	0.899	0.88	0.85	80	151	20	0.033	0.0515	0.009	0.005
summary_cell	extended	python			struct						s1	8	79.85	134.0			1.0	80.35		-11.44	1.0						0	79	3		3			0.047		20		1.0	0.85	1.0	0.93	0.877	0.852	0.8	160	158	20	0.0197	0.0515	0.01	0.005
summary_cell	extended	python			struct						s2	4	79.85	134.0			1.0	80.85		-21.07	1.0						0	0	3		4			0.044		20		1.0	1.0	1.0	0.935	0.896	0.889	0.85	80	151	20	0.021	0.0515	0.005	0.015
summary_cell	extended	python			struct						s2	8	79.85	134.0			1.0	80.35		-18.93	1.0						1	1	7		6			0.063		20		1.0	1.0	1.0	0.923	0.873	0.855	0.65	160	158	20	0.0296	0.0515	0.008	0.0
summary_capacity	extended	c	G		tok	8	329.9	329.55	308.7	251.65																										20	0.937														
summary_capacity	extended	c	H		tok	2	45.85	45.25	39.75	32.95								17.55																		20	0.878														
summary_cell	extended	c			tok						s1	4	145.95	170.8			1.0	156.0		-18.78	1.0						0	26	2		5			0.047		20		0.984	1.0	1.0	0.894	0.817	0.792	0.5	80	155	20	0.0206	0.0515	0.008	0.015
summary_cell	extended	c			tok						s1	8	145.95	170.8			1.0	154.0		-20.28	1.0						0	136	4		7			0.052		20		0.985	0.95	1.0	0.909	0.808	0.714	0.6	160	160	20	0.0172	0.0515	0.017	0.005
summary_cell	extended	c			tok						s2	4	145.95	170.8			1.0	155.0		-39.1	1.0						0	0	3		9			0.058		20		0.985	1.0	1.0	0.91	0.819	0.708	0.6	80	155	20	0.0174	0.0515	0.013	0.0
summary_cell	extended	c			tok						s2	8	145.95	170.8			1.0	154.3		-36.1	1.0						1	1	11		11			0.052		20		0.985	1.0	1.0	0.904	0.837	0.784	0.45	160	160	20	0.0228	0.0515	0.013	0.0
summary_capacity	extended	c	G		struct	8	329.9	329.55	294.8	90.9																										20	0.895														
summary_capacity	extended	c	H		struct	2	45.85	45.25	36.75	17.4								12.6																		20	0.812														
summary_cell	extended	c			struct						s1	4	60.5	192.75			1.0	60.45		-9.63	1.0						0	1	0		4			0.046		20		1.0	0.95	1.0	0.991	0.969	0.965	1.0	80	155	20	0.0365	0.0515	0.012	0.005
summary_cell	extended	c			struct						s1	8	60.5	192.75			1.0	60.5		-9.63	1.0						0	44	3		5			0.069		20		1.0	0.95	1.0	0.992	0.969	0.945	1.0	160	160	20	0.0356	0.0515	0.01	0.005
summary_cell	extended	c			struct						s2	4	60.5	192.75			1.0	60.55		-18.06	1.0						0	0	3		3			0.051		20		1.0	1.0	1.0	0.993	0.984	0.945	1.0	80	155	20	0.0276	0.0515	0.012	0.02
summary_cell	extended	c			struct						s2	8	60.5	192.75			1.0	60.45		-17.76	1.0						0	0	7		8			0.041		20		1.0	1.0	1.0	0.995	0.981	0.965	1.0	160	160	20	0.0232	0.0515	0.007	0.0
summary_capacity	extended	cpp	G		tok	10	246.35	244.85	233.15	201.65																										20	0.952														
summary_capacity	extended	cpp	H		tok	2	24.15	23.4	20.5	16.75								10.35																		20	0.876														
summary_cell	extended	cpp			tok						s1	4	116.95	133.35			1.0	125.3		-12.16	1.0						0	23	5		4			0.052		20		0.966	0.95	1.0	0.865	0.789	0.677	0.3	80	148	20	0.0191	0.0515	0.013	0.005
summary_cell	extended	cpp			tok						s1	8	116.95	133.35			1.0	125.15		-13.16	1.0						0	110	6		9			0.047		20		0.963	0.95	1.0	0.857	0.742	0.72	0.3	160	159	20	0.059	0.0515	0.011	0.005
summary_cell	extended	cpp			tok						s2	4	116.95	133.35			1.0	123.45		-25.85	1.0						0	0	3		7			0.05		20		0.963	1.0	1.0	0.867	0.779	0.777	0.3	80	148	20	0.0432	0.0515	0.011	0.005
summary_cell	extended	cpp			tok						s2	8	116.95	133.35			1.0	125.85		-27.07	1.0						0	0	7		11			0.051		20		0.961	1.0	1.0	0.847	0.753	0.707	0.35	160	159	20	0.0297	0.0515	0.007	0.005
summary_capacity	extended	cpp	G		struct	10	246.35	244.85	219.5	82.6																										20	0.896														
summary_capacity	extended	cpp	H		struct	2	24.15	23.4	17.95	11.05								8.75																		20	0.767														
summary_cell	extended	cpp			struct						s1	4	61.0	162.9			1.0	61.05		-9.93	1.0						0	11	0		4			0.056		20		1.0	1.0	1.0	0.999	1.0	0.988	1.0	80	148	20	0.016	0.0515	0.012	0.0
summary_cell	extended	cpp			struct						s1	8	61.0	162.9			1.0	61.05		-9.93	1.0						0	40	5		3			0.05		20		1.0	1.0	1.0	0.999	1.0	0.986	1.0	160	159	20	0.0146	0.0515	0.008	0.005
summary_cell	extended	cpp			struct						s2	4	61.0	162.9			1.0	61.05		-17.76	1.0						0	0	2		4			0.035		20		1.0	1.0	1.0	0.999	1.0	0.988	1.0	80	148	20	0.0212	0.0515	0.004	0.01
summary_cell	extended	cpp			struct						s2	8	61.0	162.9			1.0	61.1		-17.76	1.0						0	0	3		9			0.057		20		1.0	1.0	1.0	0.999	1.0	0.986	1.0	160	159	20	0.0226	0.0515	0.018	0.0
summary_capacity	extended	javascript	G		tok	0	268.15	268.15	255.0	205.35																										20	0.951														
summary_capacity	extended	javascript	H		tok	0	41.55	41.5	39.9	32.2								24.85																		20	0.961														
summary_cell	extended	javascript			tok						s1	4	169.5	204.4			1.0	169.5		-24.68	1.0						0	39	3		5			0.053		20		1.0	1.0	1.0	1.0	1.0	1.0	1.0	80	150	20	0.035	0.0515	0.013	0.03
summary_cell	extended	javascript			tok						s1	8	169.5	204.4			1.0	169.5		-24.68	1.0						0	154	8		6			0.047		20		1.0	1.0	1.0	1.0	1.0	1.0	1.0	160	159	20	0.0117	0.0515	0.01	0.045
summary_cell	extended	javascript			tok						s2	4	169.5	204.4			1.0	169.5		-51.78	1.0						0	0	3		9			0.045		20		1.0	1.0	1.0	1.0	1.0	1.0	1.0	80	150	20	0.0344	0.0515	0.008	0.02
summary_cell	extended	javascript			tok						s2	8	169.5	204.4			1.0	169.5		-51.78	1.0						0	0	7		8			0.039		20		1.0	1.0	1.0	1.0	1.0	1.0	1.0	160	159	20	0.0229	0.0515	0.007	0.02
summary_capacity	extended	javascript	G		struct	0	268.15	268.15	244.8	115.9																										20	0.913														
summary_capacity	extended	javascript	H		struct	0	41.55	41.5	37.95	28.1								22.45																		20	0.914														
summary_cell	extended	javascript			struct						s1	4	100.25	199.25			1.0	100.25		-14.45	1.0						0	20	5		5			0.054		20		1.0	1.0	1.0	1.0	1.0	1.0	1.0	80	150	20	0.0332	0.0515	0.008	0.03
summary_cell	extended	javascript			struct						s1	8	100.25	199.25			1.0	100.25		-14.45	1.0						0	124	6		4			0.04		20		1.0	1.0	1.0	1.0	1.0	1.0	1.0	160	159	20	0.0238	0.0515	0.005	0.025
summary_cell	extended	javascript			struct						s2	4	100.25	199.25			1.0	100.25		-28.9	1.0						0	0	1		3			0.054		20		1.0	1.0	1.0	1.0	1.0	1.0	1.0	80	150	20	0.0437	0.0515	0.008	0.02
summary_cell	extended	javascript			struct						s2	8	100.25	199.25			1.0	100.25		-28.9	1.0						0	0	5		7			0.043		20		1.0	1.0	1.0	1.0	1.0	1.0	1.0	160	159	20	0.0232	0.0515	0.011	0.01
